date,ahmadi1_0,ahmadi1_1,ahmadi1_10,ahmadi1_11,ahmadi1_12,ahmadi1_13,ahmadi1_14,ahmadi1_15,ahmadi1_16,ahmadi1_17,ahmadi1_18,ahmadi1_19,ahmadi1_2,ahmadi1_20,ahmadi1_21,ahmadi1_22,ahmadi1_23,ahmadi1_24,ahmadi1_25,ahmadi1_26,ahmadi1_27,ahmadi1_28,ahmadi1_29,ahmadi1_3,ahmadi1_30,ahmadi1_31,ahmadi1_32,ahmadi1_33,ahmadi1_34,ahmadi1_35,ahmadi1_36,ahmadi1_37,ahmadi1_38,ahmadi1_4,ahmadi1_5,ahmadi1_6,ahmadi1_7,ahmadi1_8,ahmadi1_9,ahmadi2_10,ahmadi2_11,ahmadi2_12,ahmadi2_13,ahmadi2_14,ahmadi2_15,ahmadi2_16,ahmadi2_17,ahmadi2_18,ahmadi2_19,ahmadi2_20,ahmadi2_21,ahmadi2_22,ahmadi2_23,ahmadi2_24,ahmadi2_25,ahmadi2_26,ahmadi2_27,ahmadi2_28,ahmadi2_29,ahmadi2_3,ahmadi2_30,ahmadi2_31,ahmadi2_32,ahmadi2_33,ahmadi2_34,ahmadi2_35,ahmadi2_36,ahmadi2_37,ahmadi2_38,ahmadi2_39,ahmadi2_4,ahmadi2_40,ahmadi2_41,ahmadi2_42,ahmadi2_43,ahmadi2_44,ahmadi2_45,ahmadi2_46,ahmadi2_47,ahmadi2_48,ahmadi2_49,ahmadi2_5,ahmadi2_50,ahmadi2_6,ahmadi2_7,ahmadi2_8,ahmadi2_9,ahmadi3_0,ahmadi3_1,ahmadi3_2,ahmadi3_3,ahmadi3_4,ahmadi3_5,ahmadi3_6,ahmadi3_7,ahmadi4_0,ahmadi4_1,ahmadi4_10,ahmadi4_11,ahmadi4_12,ahmadi4_13,ahmadi4_14,ahmadi4_15,ahmadi4_16,ahmadi4_17,ahmadi4_18,ahmadi4_19,ahmadi4_22,ahmadi4_23,ahmadi4_24,ahmadi4_25,ahmadi4_26,ahmadi4_27,ahmadi4_28,ahmadi4_29,ahmadi4_30,ahmadi4_31,ahmadi4_32,ahmadi4_33,ahmadi4_34,ahmadi4_35,ahmadi4_36,ahmadi4_37,ahmadi4_38,ahmadi4_39,ahmadi4_42,ahmadi4_43,ahmadi4_44,ahmadi4_45,ahmadi4_46,ahmadi4_55,ahmadi4_56,ahmadi4_57,ahmadi4_58,ahmadi4_59,ahmadi4_61,ahmadi4_62,ahmadi4_63,ahmadi4_64,ahmadi4_65,ahmadi4_68,ahmadi4_69,ahmadi4_70,ahmadi4_71,ahmadi4_72,ahmadi4_73,ahmadi4_74,ahmadi4_75,ahmadi4_76,ahmadi4_77,ahmadi4_78,ahmadi4_79,ahmadi4_83,ahmadi4_84,ahmadi4_85,ahmadi4_86,ahmadi4_87,ahmadi4_88,ahmadi4_9,ahmadi5_0,ahmadi5_1,ahmadi5_10,ahmadi5_11,ahmadi5_12,ahmadi5_13,ahmadi5_14,ahmadi5_2,ahmadi5_23,ahmadi5_24,ahmadi5_3,ahmadi5_31,ahmadi5_32,ahmadi5_4,ahmadi5_45,ahmadi5_49,ahmadi5_5,ahmadi5_51,ahmadi5_52,ahmadi5_53,ahmadi5_54,ahmadi5_6,ahmadi5_8,ahmadi5_9,ahmadi6_0,ahmadi6_1,ahmadi6_10,ahmadi6_11,ahmadi6_12,ahmadi6_13,ahmadi6_14,ahmadi6_15,ahmadi6_17,ahmadi6_2,ahmadi6_23,ahmadi6_3,ahmadi6_30,ahmadi6_31,ahmadi6_32,ahmadi6_33,ahmadi6_34,ahmadi6_36,ahmadi6_37,ahmadi6_38,ahmadi6_39,ahmadi6_4,ahmadi6_43,ahmadi6_44,ahmadi6_45,ahmadi6_46,ahmadi6_47,ahmadi6_48,ahmadi6_5,ahmadi6_6,ahmadi6_7,ahmadi6_8,ahmadi6_9,total_build,total_draw
2026-06-17,0.0,0.0,0.0,0.0,0.0,0.0,0.0,0.0,0.0,0.0,0.0,0.0,0.0,0.0,0.0,0.0,0.0,0.0,0.0,0.0,0.0,0.0,0.0,0.0,0.0,0.0,0.0,0.0,0.0,0.0,0.0,0.0,0.0,0.0,0.0,0.0,0.0,0.0,0.0,0.0,0.0,0.0,0.0,0.0,0.0,0.0,0.0,0.0,0.0,0.0,0.0,0.0,0.0,0.0,0.0,0.0,0.0,0.0,0.0,0.0,0.0,0.0,0.0,0.0,0.0,0.0,0.0,0.0,0.0,0.0,0.0,0.0,0.0,0.0,0.0,0.0,0.0,0.0,0.0,0.0,0.0,0.0,0.0,0.0,0.0,0.0,0.0,0.0,0.0,0.0,0.0,0.0,0.0,0.0,0.0,0.0,0.0,0.0,0.0,0.0,0.0,0.0,0.0,0.0,0.0,0.0,0.0,0.0,0.0,0.0,0.0,0.0,0.0,0.0,0.0,0.0,0.0,0.0,0.0,0.0,0.0,0.0,0.0,0.0,0.0,0.0,0.0,0.0,0.0,0.0,0.0,0.0,0.0,0.0,0.0,0.0,0.0,0.0,0.0,0.0,0.0,0.0,0.0,0.0,0.0,0.0,0.0,0.0,0.0,0.0,0.0,0.0,0.0,0.0,0.0,0.0,0.0,0.0,0.0,0.0,0.0,0.0,0.0,0.0,0.0,0.0,0.0,0.0,0.0,0.0,0.0,0.0,0.0,0.0,0.0,0.0,0.0,0.0,0.0,0.0,0.0,0.0,0.0,0.0,0.0,0.0,0.0,0.0,0.0,0.0,0.0,0.0,0.0,0.0,0.0,0.0,0.0,0.0,0.0,0.0,0.0,0.0,0.0,0.0,0.0,0.0,0.0,0.0,0.0,0.0,0.0,0.0,0.0,0.0,0.0,0.0,0.0,0.0
2026-06-18,0.0,0.0,0.0,0.0,0.0,0.0,0.0,0.0,0.0,0.0,0.0,0.0,0.0,0.0,0.0,0.0,0.0,0.0,0.0,0.0,0.0,0.0,0.0,0.0,0.0,0.0,0.0,0.0,0.0,0.0,0.0,0.0,0.0,0.0,0.0,0.0,0.0,0.0,0.0,0.0,0.0,0.0,0.0,0.0,0.0,0.0,0.0,0.0,0.0,0.0,0.0,0.0,0.0,0.0,0.0,0.0,0.0,0.0,0.0,0.0,0.0,0.0,0.0,0.0,0.0,0.0,0.0,0.0,0.0,0.0,0.0,0.0,0.0,0.0,0.0,0.0,0.0,0.0,0.0,0.0,0.0,0.0,0.0,0.0,0.0,0.0,0.0,0.0,0.0,0.0,0.0,0.0,0.0,0.0,0.0,0.0,0.0,0.0,0.0,0.0,0.0,0.0,0.0,0.0,0.0,0.0,0.0,0.0,0.0,0.0,0.0,0.0,0.0,0.0,0.0,0.0,0.0,0.0,0.0,0.0,0.0,0.0,0.0,0.0,0.0,0.0,0.0,0.0,0.0,0.0,0.0,0.0,0.0,0.0,0.0,0.0,0.0,0.0,0.0,0.0,0.0,0.0,0.0,0.0,0.0,0.0,0.0,0.0,0.0,0.0,0.0,0.0,0.0,0.0,0.0,0.0,0.0,0.0,0.0,0.0,0.0,0.0,0.0,0.0,0.0,0.0,0.0,0.0,0.0,0.0,0.0,0.0,0.0,0.0,0.0,0.0,0.0,0.0,0.0,0.0,0.0,0.0,0.0,0.0,0.0,0.0,0.0,0.0,0.0,0.0,0.0,0.0,0.0,0.0,0.0,0.0,0.0,0.0,0.0,0.0,0.0,0.0,0.0,0.0,0.0,0.0,0.0,0.0,0.0,0.0,0.0,0.0,0.0,0.0,0.0,0.0,0.0,0.0
2026-06-19,0.0,10.960093713135459,153.47778960334892,-24.252749838041957,-7.235951086526242,0.7847758724687738,-3.774070983378275,0.3518911188759958,7.835490273654665,2.836395520271268,-7.7468947033595175,1.4483580411309085,-1.3740402824020712,-9.674898397554847,7.926707079641405,404.0579134127544,-0.8184576216248679,-25.811208556480533,311.63313488349587,351.723886943578,98.24654004335467,25.016548813696367,-360.8508713284297,4.3918079391748766,-17.67016126465076,419.3654388356628,-123.14902030855778,-84.6953478881669,-84.2626370337141,-7.849962421343313,134.37774420775736,-19.801864978631958,507.3387056823387,-17.97532713294553,-299.30265759552594,-14.174073426156625,-9.912346154026542,-1.7743133569484635,-25.64399923929898,-21.066552939696326,-51.984888642721536,9.863086194129487,-6.656585031017909,0.0,-24.34599521082154,-8.997337099892233,16.97967540020254,0.0,38.977800523338374,1.2145975081963407,-3.0783250877158426,-24.840306639286283,-16.018296681860434,-136.59337487884028,72.81016962026816,-13.34865987055545,-3.614466677058954,-2.238552662955655,-383.90147477574783,-6.422151827490175,3.5855050268585327,-74.71115028138767,-21.55300985711836,352.8703223920356,-21.8905537184173,35.63400860459439,36.985769333145115,-33.77144889219268,-19.280061545916134,8.349856768700294,-0.3956155809742777,58.91701381314954,-316.7348227574476,-39.57135375230189,359.12172359995924,4.148565888731857,433.08435243100064,0.0,0.0,-91.93429579234208,-81.26127748760133,-0.8523526249751012,-0.9426873156916409,0.768513353266113,-7.967086846942984,0.5593192947929346,-18.583832912768646,-12.527249332359265,17.60735830595529,0.0,0.0,-2.7245429214321484,0.0,-5.933693866619462,0.0,82.41208832794395,29.036476026525634,-26.422981290440994,0.0,0.7477819666839787,17.814858505388198,0.0,3.2364515297369363,26.7500546228218,1.5619288565247844,0.0,7.955161912202049,-2.292610638164479,-13.172538672920433,-31.197830716805854,11.76124365927023,21.67242864084279,11.064287504565204,-9.830885699811901,2.1372721273064963,4.772236620814438,-77.84675619222274,39.24993275942301,0.0,-7.844569907542813,6.035000505777717,-8.01812683869667,3.8024369079209572,5.4951806767774976,0.0,23.558651150622463,-4.143374507097789,-18.201374035593325,-31.1775296903789,12.629659508001641,-151.946078903703,-7.85767469461108,-2.9426204499555753,1.6250504746229564,-3.930448686794989,0.0,63.947503961201306,15.751285634353058,-1.4836975944464212,19.56811753152404,19.840342113861144,188.97807462472477,-115.13215447446417,-65.7684564350975,76.29827447508211,43.31107622272162,56.49255878763109,7.175445136712777,-16.502043274089463,-152.34502124525247,4.131595741608413,-7.432741067365467,11.258908743701468,65.16591443802974,-62.32558559413413,22.68018427319052,0.0,53.674551900246065,25.041703855980117,-2.829148968420719,-8.877303553243808,-2.869328526886013,96.37555499033574,29.42848479942954,0.0,96.94822358059828,-2.637016569535277,-14.67402774521141,0.0,0.0,0.0,-32.39120998246905,-45.01542600949279,0.05836786261375528,0.17690044213278452,0.0,-2.3452621644095344,-139.11759706385254,-4.968586766982757,-138.70823844322288,-87.14511200519733,-4.803626287651976,-1.6949037920272094,0.0,6.404537347689533,-177.94788306494718,-1.8885990719570256,-21.917714814680426,1.024953692504103,7.369178043502733,15.322917378238257,0.06882762780960183,28.101103771361988,72.71613473372778,-0.666585991214175,34.983314446911855,11.137896053723452,-3.7874623933433322,-42.37948138977531,14.779625470812244,6.114565442102147,2.4934700917402517,9.132775214900553,-15.256983913867414,4.231787197817379,-53.22452580964949,-5.049097692071023,-3.2704123766293343,160.25645703848636,74.50301394568649,6.418528058153053,-157.55623495451331,7.236652328993048,-12.639602012449686,-13.252957411476382,-1.4360996120006895,5565.167849326279,-4417.658386106682
2026-06-20,0.0,0.0,0.0,0.0,0.0,0.0,0.0,0.0,0.0,0.0,0.0,0.0,0.0,0.0,0.0,0.0,0.0,0.0,0.0,0.0,0.0,0.0,0.0,0.0,0.0,0.0,0.0,0.0,0.0,0.0,0.0,0.0,0.0,0.0,0.0,0.0,0.0,0.0,0.0,0.0,0.0,0.0,0.0,0.0,0.0,0.0,0.0,0.0,0.0,0.0,0.0,0.0,0.0,0.0,0.0,0.0,0.0,0.0,0.0,0.0,0.0,0.0,0.0,0.0,0.0,0.0,0.0,0.0,0.0,0.0,0.0,0.0,0.0,0.0,0.0,0.0,0.0,0.0,0.0,0.0,0.0,0.0,0.0,0.0,0.0,0.0,0.0,0.0,0.0,0.0,0.0,0.0,0.0,0.0,0.0,0.0,0.0,0.0,0.0,0.0,0.0,0.0,0.0,0.0,0.0,0.0,0.0,0.0,0.0,0.0,0.0,0.0,0.0,0.0,0.0,0.0,0.0,0.0,0.0,0.0,0.0,0.0,0.0,0.0,0.0,0.0,0.0,0.0,0.0,0.0,0.0,0.0,0.0,0.0,0.0,0.0,0.0,0.0,0.0,0.0,0.0,0.0,0.0,0.0,0.0,0.0,0.0,0.0,0.0,0.0,0.0,0.0,0.0,0.0,0.0,0.0,0.0,0.0,0.0,0.0,0.0,0.0,0.0,0.0,0.0,0.0,0.0,0.0,0.0,0.0,0.0,0.0,0.0,0.0,0.0,0.0,0.0,0.0,0.0,0.0,0.0,0.0,0.0,0.0,0.0,0.0,0.0,0.0,0.0,0.0,0.0,0.0,0.0,0.0,0.0,0.0,0.0,0.0,0.0,0.0,0.0,0.0,0.0,0.0,0.0,0.0,0.0,0.0,0.0,0.0,0.0,0.0,0.0,0.0,0.0,0.0,0.0,0.0
2026-06-21,0.0,0.0,0.0,0.0,0.0,0.0,0.0,0.0,0.0,0.0,0.0,0.0,0.0,0.0,0.0,0.0,0.0,0.0,0.0,0.0,0.0,0.0,0.0,0.0,0.0,0.0,0.0,0.0,0.0,0.0,0.0,0.0,0.0,0.0,0.0,0.0,0.0,0.0,0.0,0.0,0.0,0.0,0.0,0.0,0.0,0.0,0.0,0.0,0.0,0.0,0.0,0.0,0.0,0.0,0.0,0.0,0.0,0.0,0.0,0.0,0.0,0.0,0.0,0.0,0.0,0.0,0.0,0.0,0.0,0.0,0.0,0.0,0.0,0.0,0.0,0.0,0.0,0.0,0.0,0.0,0.0,0.0,0.0,0.0,0.0,0.0,0.0,0.0,0.0,0.0,0.0,0.0,0.0,0.0,0.0,0.0,0.0,0.0,0.0,0.0,0.0,0.0,0.0,0.0,0.0,0.0,0.0,0.0,0.0,0.0,0.0,0.0,0.0,0.0,0.0,0.0,0.0,0.0,0.0,0.0,0.0,0.0,0.0,0.0,0.0,0.0,0.0,0.0,0.0,0.0,0.0,0.0,0.0,0.0,0.0,0.0,0.0,0.0,0.0,0.0,0.0,0.0,0.0,0.0,0.0,0.0,0.0,0.0,0.0,0.0,0.0,0.0,0.0,0.0,0.0,0.0,0.0,0.0,0.0,0.0,0.0,0.0,0.0,0.0,0.0,0.0,0.0,0.0,0.0,0.0,0.0,0.0,0.0,0.0,0.0,0.0,0.0,0.0,0.0,0.0,0.0,0.0,0.0,0.0,0.0,0.0,0.0,0.0,0.0,0.0,0.0,0.0,0.0,0.0,0.0,0.0,0.0,0.0,0.0,0.0,0.0,0.0,0.0,0.0,0.0,0.0,0.0,0.0,0.0,0.0,0.0,0.0,0.0,0.0,0.0,0.0,0.0,0.0
2026-06-22,0.0,0.0,0.0,0.0,0.0,0.0,0.0,0.0,0.0,0.0,0.0,0.0,0.0,0.0,0.0,0.0,0.0,0.0,0.0,0.0,0.0,0.0,0.0,0.0,0.0,0.0,0.0,0.0,0.0,0.0,0.0,0.0,0.0,0.0,0.0,0.0,0.0,0.0,0.0,0.0,0.0,0.0,0.0,0.0,0.0,0.0,0.0,0.0,0.0,0.0,0.0,0.0,0.0,0.0,0.0,0.0,0.0,0.0,0.0,0.0,0.0,0.0,0.0,0.0,0.0,0.0,0.0,0.0,0.0,0.0,0.0,0.0,0.0,0.0,0.0,0.0,0.0,0.0,0.0,0.0,0.0,0.0,0.0,0.0,0.0,0.0,0.0,0.0,0.0,0.0,0.0,0.0,0.0,0.0,0.0,0.0,0.0,0.0,0.0,0.0,0.0,0.0,0.0,0.0,0.0,0.0,0.0,0.0,0.0,0.0,0.0,0.0,0.0,0.0,0.0,0.0,0.0,0.0,0.0,0.0,0.0,0.0,0.0,0.0,0.0,0.0,0.0,0.0,0.0,0.0,0.0,0.0,0.0,0.0,0.0,0.0,0.0,0.0,0.0,0.0,0.0,0.0,0.0,0.0,0.0,0.0,0.0,0.0,0.0,0.0,0.0,0.0,0.0,0.0,0.0,0.0,0.0,0.0,0.0,0.0,0.0,0.0,0.0,0.0,0.0,0.0,0.0,0.0,0.0,0.0,0.0,0.0,0.0,0.0,0.0,0.0,0.0,0.0,0.0,0.0,0.0,0.0,0.0,0.0,0.0,0.0,0.0,0.0,0.0,0.0,0.0,0.0,0.0,0.0,0.0,0.0,0.0,0.0,0.0,0.0,0.0,0.0,0.0,0.0,0.0,0.0,0.0,0.0,0.0,0.0,0.0,0.0,0.0,0.0,0.0,0.0,0.0,0.0
2026-06-23,0.0,-2.2241491001056857,-157.5836446529466,23.08417065842345,7.169752334566059,-4.315365052053123,2.906856423620222,-0.9838551908718364,-4.585897364795528,-7.558790258637048,10.763727778590168,-3.989298896477325,-3.944333042560611,9.382999886517734,-9.744013046154869,-403.0635305200503,226.28742017570644,23.465582769615402,-416.48253954569884,-590.7271031664961,268.9694285189307,-26.578889535573197,-0.7205113996459986,-8.877878981230664,17.414877035147278,-648.0701324210614,-0.6004074178599985,-527.5214702456273,-7.027758602389018,637.5466108766177,-365.0049944817794,26.234564687697915,119.10161696326348,25.602120289155458,373.38706584217647,12.505613039319694,7.8886959776417935,-2.186488836300763,24.835945630866888,-115.67949344278703,-64.57832704754225,-8.235785638773407,6.575337725730206,0.0,-5.618839657452511,6.159304792596231,1.0196693174588436,0.0,70.85660396738562,70.90520442355201,3.6269536076484803,-90.25784846062037,17.217435096332366,111.48837424311158,53.96763255015814,9.371131962749816,3.614466677058954,127.71034864073421,425.6682411055485,31.08199140449686,-5.377999248339184,124.21478454678619,20.25233013217739,-360.76205917236115,380.17217135508264,-10.591844429585384,-33.973845252578144,240.4312636386743,185.00507034716384,-2.157058431727346,-0.9102181957812282,-170.07653389469093,69.90504967402464,46.680747929170494,178.931216707963,1.129620195040712,-415.2905197763549,0.0,-1.2790760873712717,-6.8605437993768135,-179.73160551533155,-13.19786686116147,6.938463205491484,-0.7493183293352195,93.84573120453305,-0.09304629500184092,-3.195706014938129,0.0,0.0,0.0,0.0,0.0,0.0,0.0,0.0,0.0,-5.502063780878773,-36.982094946633225,0.0,3.616507194663427,-12.886943954166142,-107.837728837212,27.381333989522116,36.85767358265084,1.7212634573557881,0.0,-31.173074024831063,-33.49685594898943,-52.08438399017899,109.08739769976778,-9.389790127239946,-16.579923673447222,-11.064287504565204,10.88819009484735,0.0,-2.265384588702233,2.258959814220041,155.64526452292588,-197.75137302174858,9.559959992524018,37.86705977946034,20.038330734471455,-6.656731918678983,-5.936148341063323,-202.87643157890153,-209.98412598739222,-2.171820501498878,-1.362554325775156,-7.547950797157857,-12.299371152360779,-26.48084146374924,2.9790658791155438,2.860059587108146,-1.6250504746229564,1.7708895427228708,0.0,65.42649502746319,0.0,0.0,-31.842282060650337,8.976477257645588,-166.62115890868733,75.48174109364,53.327460774068506,76.04674677017034,-126.22390366174612,95.85246245762137,42.08044321457198,-0.07391181901455275,23.70525214700826,-56.67312088269068,-26.774906203531472,-12.14581043098816,41.1678868228092,-58.100888910211374,29.231728664089054,0.0,-59.03878407068225,9.704033596117092,0.0,0.0,0.0,0.0,0.0,0.0,0.0,0.0,0.0,0.0,0.0,0.0,0.0,0.0,0.0,0.0,0.0,0.0,0.0,0.0,0.0,0.0,0.0,0.0,0.0,83.20429962659848,146.21870729535794,9.534543758997199,-21.10026797733622,-1.9716298410105373,12.01487081627021,-7.59899943051656,-41.62840213884121,-155.28428054212873,-57.222603577622706,11.330414819804487,-20.05517028311288,-31.749468766914028,4.391391644747287,5.133455849577062,-3.597904826427344,-12.50824489556688,-3.1136333621939993,-3.560259875573247,-4.300033548732215,-184.91454796301886,80.47154689347529,-25.065419607001736,-15.193246145630168,0.0,-70.33823853550358,14.95574911828569,0.846208570063638,14.096532778982045,-10.57011164975565,117.26699118051059,16.814453860480253,5563.128043248242,-6881.630748164307
2026-06-24,0.0,7.523990179911489,8.222182855607098,-25.586429228323947,-7.876605462560488,4.146156860636344,-2.7010385557268455,208.27379708741984,-7.8465760969571425,7.38882756478517,-9.44430305302865,8.050720819177718,10.483976388436336,-9.213032435479137,14.148537710493954,-1.691192276843416,212.06634460470548,-30.168947291305987,-21.975552290948922,75.78162010194292,180.0266949856691,25.622580437564057,-174.51773676820972,12.512777991893469,-18.548850839399964,6.0439827838503986,-1.182092424433562,-8.282732763553154,11.154988851862727,1.1095369199936977,2.0001711144101573,-31.60290958346927,-128.08475940956,-19.81671436667035,-231.69333481002843,-12.744270308451407,-7.361408104759292,9.246737640054228,-27.401474692626742,136.74604638248337,-4.046790532706248,8.381868306120305,-5.612330200447526,0.0,8.502069469222741,-6.438356842359616,-8.593669580854185,0.0,-15.675681033767265,2.015679661670729,-68.69744637744746,-26.575363722112947,-18.551496218307438,25.105000635728707,1.5477351461172513,-13.10289711885652,-0.0038993146515858826,-52.976236765756795,1.0359682835268322,56.42991746184883,4.107550352464518,-32.2314258901687,-23.749951598643676,62.02752815781941,-425.356752721721,37.87713159129769,33.50441175369278,-10.830684203292128,0.0,-7.361205371687422,15.854600819204688,56.81630853877845,159.48349744357606,-66.45046661697387,8.373608408799745,-6.6690974134503636,-155.40239853945212,0.0,-14.659450926875463,4.608529217926698,5.000739458239463,-1.5944918961704098,-7.0472512142364865,0.45084857962880054,38.0382522120816,0.13755414844960615,-37.562702659019344,12.527249332359265,-2.019143950779544,0.0,0.0,-9.590827421713824,-0.9787914809491486,7.845476618578454,0.0,0.0,2.7783125069153174,14.254407628801273,0.0,-3.3208519207828506,14.382216042668325,15.952410199875246,13.113054535512143,-0.33055828454720904,-7.271492761372326,0.0,8.753701996463818,-32.31966155057607,-32.177469836742034,16.783986226438515,9.952096147180535,15.565175098258361,0.0,-8.468510076937106,0.0,2.871001780273626,-0.33636408970630144,0.0,0.4288487105724926,-8.519248925632157,-5.327250422201076,-11.82172733924036,11.79446282801022,3.758671241500182,20.111156573710147,-2.834679010970227,-6.707358376261808,2.134030952202447,5.073918379640498,6.22427193090861,32.990104061533756,-3.8606261907314474,-2.860059587108146,0.0,1.4126483378307313,0.0,0.0,0.0,0.0,-3.4273233892825377,-11.511245033806933,-33.907808478748656,39.650413380824176,12.418989374304903,-47.9317094207583,0.0,0.0,-4.701953050701443,-4.453721648532198,12.828777703786109,-8.869728631082573,18.40637456550586,5.948836487161097,-8.773029929257872,-2.9353391893948864,0.0,0.0,-3.0074970908417016,9.82442002423975,2.0461176305475237,2.608562557120051,-20.95138162761519,-18.209405129058943,-82.39994471136477,0.0,0.0,1.2093576431325055,-20.220247840324447,0.0,0.0,0.0,0.0,26.400884434220558,-0.5797488450514211,5.60747344697862,0.0,-7.212480340735783,-3.374382535531069,0.10229243320779642,6.967664929147897,-10.383263246285614,1.4435806081903575,1.7653578663742229,0.0,-60.3849793845391,32.708196832488376,-8.034637244810089,48.45944306182128,0.5724955808782106,1.695976582313946,12.190410478874284,-1.641753513196105,10.864392957764649,-9.248541355877737,-6.25160231820526,3.6211015380336757,26.545819861633586,-7.1726827298318385,-2.7429211661379522,9.28728803571155,-19.913019242820752,0.3435002886725706,2.8355216620856663,-0.3997826713360264,11.830016658094538,-31.802519931093354,3.3149378367196043,-6.9000699985196405,-160.25645703848636,50.916104197638795,-3.3839301445792955,0.5402593118986406,4.420252517950096,12.382640029984191,-17.04005454222567,12.380825364955905,2080.693957938588,-2553.69779016758
2026-06-25,0.0,-7.0691668245184704,147.96476426429695,1.5464752591000288,-0.9824232847937965,-0.36803705221184646,-1.4359482067723002,0.0,12.05037185764886,-1.4060052598797774,-3.664928807046381,-3.9301389262223383,-7.971766397124913,-1.1722907169761603,-4.012523293219157,-4.167647646135301,8.810468306606287,2.3268130334976593,-0.41093775103910596,504.88375493583203,2.442238341673743,-0.004035130435950123,-8.308250108699664,-4.516696860015625,-4.711460971369874,1.8952849225144601,-0.4194791330196895,-1.8127290479608347,91.99179802813154,3.200155461648479,498.60369314135824,0.20916694926971105,4.4965598642276605,-3.791817721746222,-4.594337833133293,-2.8953431353569905,-1.136446275094,-4.860289007149986,0.2270722328121774,0.0,3.5538178198136885,1.3577765914159827,-0.6864168530958413,0.0,-2.9416561598211413,0.29358653555321507,8.987834550587316,0.0,36.25561100069745,0.4437813998408383,0.1731913806324301,0.14321806455348268,18.551496218307438,0.0,-0.01676425652639591,2.7003169416567836,0.0038993146515858826,52.976236765756795,-263.89043164005705,45.95214689007226,1.9048717900246266,4.48077434477894,3.2493194226949127,298.73453101454174,-7.647072650887596,5.997878045166726,7.943257571610972,-261.06408000971214,0.0,7.307672208981123,58.54734673981554,-1.2327053139146884,75.09684674397705,18.502613283844084,-115.68363639332262,6.6690974134503636,377.4433706076462,0.0,-36.88908830140071,6.526465039655479,3.7549011842514157,-4.325215877371739,3.1512532274121186,0.9041275295855885,1.4825958372972965,0.3069732431489392,-76.0723592455769,-27.025606300441666,2.1782745871841906,0.0,0.0,10.765423331066646,0.9787914809491486,0.0,0.0,0.0,2.835060437049091,-0.7316771609826683,0.0,0.8157261914664705,-1.3458706711081032,-2.067635686113281,8.765764636855936,-1.130934778531955,1.064634609245899,0.0,-2.4565623023006773,-10.04093154968496,-0.5144680696844589,1.3146623285459356,-3.0536923556317923,1.8207667241001035,0.0,-0.9046429347531812,0.0,-1.9413323299605691,-15.08273614627043,0.0,-0.9575442323123571,0.2425061456773983,-2.9338258300054876,-3.4881590678397916,-3.9530243756880226,0.2965463943472132,71.03009241284617,-0.40484095059204267,2.8245425978714485,4.005631612938188,-0.3351010837320355,1.6932989514823131,39.27822432121309,2.2855345298192407,0.0,0.0,-3.183537880553602,0.0,0.0,0.0,0.0,-8.613277546511542,0.43309489038678295,29.540416259437947,0.0,-1.7152535313307018,-56.57388667326377,20.660734266128944,0.0,-1.4221992126835539,1.7300890334545402,58.68618153812732,-21.108342434230916,-25.017856182893127,5.669564244216089,8.372017716571689,12.348172183416725,0.0,0.0,1.6078468835365494,7.70353115568473,-3.2945348032990296,-4.693237732968497,-0.12818095623506814,-83.44722862943777,-0.15071854765500758,-91.3624619653975,0.0,-0.9527172759011446,-15.56539847700522,0.0,0.0,0.0,0.0,-14.337962153393237,1.1768020055658999,0.19152512242764352,-0.8326358134599287,4.086437007415371,2.3055532212055114,-3.4825637125939246,-4.739088912645908,-23.606590574854316,-1.4435806081903575,-0.7711040890407167,0.0,-47.29757817232999,-27.147879161690945,-0.8004244255750673,-0.2855174303056847,2.569232235889067,-5.157350395864895,-3.4577651139588563,13.117002139294666,53.99218595076793,-7.0942584481581,-2.51721357855908,-5.364840318723917,25.558233181173797,4.2641437789466,8.045434079692074,2.242935533128839,20.754284106241524,0.6392560039943783,2.6214917536365103,16.99053327579335,6.026945913277043,13.180290178550932,60.17292664856267,-30.834578479884296,0.0,-1.809632972635154,9.135606282880879,-0.9882667635039252,0.22813358882427565,-2.2467268296652327,-58.309474443849524,43.74192464234142,2924.033431433271,-1482.2145761654922
2026-06-26,0.0,0.0,0.0,0.0,0.0,0.0,0.0,0.0,0.0,0.0,0.0,0.0,0.0,0.0,0.0,0.0,0.0,0.0,0.0,0.0,0.0,0.0,0.0,0.0,0.0,0.0,0.0,0.0,0.0,0.0,0.0,0.0,0.0,0.0,0.0,0.0,0.0,0.0,0.0,0.0,0.0,0.0,0.0,0.0,0.0,0.0,0.0,0.0,0.0,0.0,0.0,0.0,0.0,0.0,0.0,0.0,0.0,0.0,0.0,0.0,0.0,0.0,0.0,0.0,0.0,0.0,0.0,0.0,0.0,0.0,0.0,0.0,0.0,0.0,0.0,0.0,0.0,0.0,0.0,0.0,0.0,0.0,0.0,0.0,0.0,0.0,0.0,0.0,0.0,0.0,0.0,0.0,0.0,0.0,0.0,0.0,0.0,0.0,0.0,0.0,0.0,0.0,0.0,0.0,0.0,0.0,0.0,0.0,0.0,0.0,0.0,0.0,0.0,0.0,0.0,0.0,0.0,0.0,0.0,0.0,0.0,0.0,0.0,0.0,0.0,0.0,0.0,0.0,0.0,0.0,0.0,0.0,0.0,0.0,0.0,0.0,0.0,0.0,0.0,0.0,0.0,0.0,0.0,0.0,0.0,0.0,0.0,0.0,0.0,0.0,0.0,0.0,0.0,0.0,0.0,0.0,0.0,0.0,0.0,0.0,0.0,0.0,0.0,0.0,0.0,0.0,0.0,0.0,0.0,0.0,0.0,0.0,0.0,0.0,0.0,0.0,0.0,0.0,0.0,0.0,0.0,0.0,0.0,0.0,0.0,0.0,0.0,0.0,0.0,0.0,0.0,0.0,0.0,0.0,0.0,0.0,0.0,0.0,0.0,0.0,0.0,0.0,0.0,0.0,0.0,0.0,0.0,0.0,0.0,0.0,0.0,0.0,0.0,0.0,0.0,0.0,0.0,0.0
2026-06-27,0.0,0.0,0.0,0.0,0.0,0.0,0.0,0.0,0.0,0.0,0.0,0.0,0.0,0.0,0.0,0.0,0.0,0.0,0.0,0.0,0.0,0.0,0.0,0.0,0.0,0.0,0.0,0.0,0.0,0.0,0.0,0.0,0.0,0.0,0.0,0.0,0.0,0.0,0.0,0.0,0.0,0.0,0.0,0.0,0.0,0.0,0.0,0.0,0.0,0.0,0.0,0.0,0.0,0.0,0.0,0.0,0.0,0.0,0.0,0.0,0.0,0.0,0.0,0.0,0.0,0.0,0.0,0.0,0.0,0.0,0.0,0.0,0.0,0.0,0.0,0.0,0.0,0.0,0.0,0.0,0.0,0.0,0.0,0.0,0.0,0.0,0.0,0.0,0.0,0.0,0.0,0.0,0.0,0.0,0.0,0.0,0.0,0.0,0.0,0.0,0.0,0.0,0.0,0.0,0.0,0.0,0.0,0.0,0.0,0.0,0.0,0.0,0.0,0.0,0.0,0.0,0.0,0.0,0.0,0.0,0.0,0.0,0.0,0.0,0.0,0.0,0.0,0.0,0.0,0.0,0.0,0.0,0.0,0.0,0.0,0.0,0.0,0.0,0.0,0.0,0.0,0.0,0.0,0.0,0.0,0.0,0.0,0.0,0.0,0.0,0.0,0.0,0.0,0.0,0.0,0.0,0.0,0.0,0.0,0.0,0.0,0.0,0.0,0.0,0.0,0.0,0.0,0.0,0.0,0.0,0.0,0.0,0.0,0.0,0.0,0.0,0.0,0.0,0.0,0.0,0.0,0.0,0.0,0.0,0.0,0.0,0.0,0.0,0.0,0.0,0.0,0.0,0.0,0.0,0.0,0.0,0.0,0.0,0.0,0.0,0.0,0.0,0.0,0.0,0.0,0.0,0.0,0.0,0.0,0.0,0.0,0.0,0.0,0.0,0.0,0.0,0.0,0.0
2026-06-28,0.0,-7.235834666379494,-156.46092977453182,23.01747397244026,8.8424508651543,-1.2238599761223303,2.0201589100257844,-209.2216180624267,-7.4422264615684695,-4.2078294476971205,8.700920411259808,-7.169113513920107,-9.051864206135738,10.490174375315634,-11.347783390163618,5.257391140014049,-403.2739833703683,15.290640298740763,390.98865171439587,-106.8382834909712,-557.6374103708895,-29.294829133500578,14.98136240215681,-9.843832558705413,17.51233823998703,-16.374683971874184,33.609501167010166,579.990345585633,248.6177669765739,-631.5562146634109,-477.92751158342116,20.39547055176378,78.13247439514205,24.272324524658327,-176.90424882624333,14.201431563523627,8.521120091990015,-3.1886560016986625,25.01331060795876,-133.18870892683697,5.263628143954586,77.28057999131155,6.216987628013347,0.0,-5.021902219804586,7.968825410632213,9.065778801969675,-53.704856291129694,36.906489701203625,-74.28865635010624,-0.19400032428704436,53.15120376564717,0.0,-185.7623576964926,-124.58281348644032,6.676925098177104,0.0,-58.642794817179265,41.1395631308803,-25.022363496310952,-4.059810145892174,36.82587638245523,24.133189977712288,-356.44192975210785,415.8766967712096,-55.4049668928656,-42.42425036752643,424.2226859229943,-463.85114091002913,-1.8331807727626293,-75.99280683826542,-49.30551875881898,-465.44969873733913,35.73894728612702,103.58511410445557,0.0,68.67831068266172,0.0,-155.6149708299928,-1.3712839955390954,-11.33910876218637,-14.302556473017015,32.111114740136024,-0.9188814638211625,7.842374258402881,1.6613854163678188,1.7481609685736768,0.0,0.0,0.0,0.0,0.0,0.0,0.0,0.0,0.0,-7.390199047644055,-9.608112224884637,0.0,-0.7630766528901295,-14.268206932897403,-19.68954485127346,26.462385074672493,-0.6767696770432231,7.320993345237512,0.0,-9.855587382215774,-55.437455694901935,33.99822880582523,-51.89849375143091,79.23487591248617,-253.1190435419794,0.0,8.479542750880428,-4.032908309492981,-2.976017666845946,-13.200008439337399,0.0,1.7121493641764391,6.6261649103978275,5.300051570305732,21.819473651010163,-10.29274719402328,16.777928772495624,111.73518259234521,74.37851209001374,3.861002716914605,-3.050996773743362,-5.98878110103769,-3.1372773633031175,-76.75450698866463,5.157209777015757,109.85601737192073,11.437502530480241,4.8604004220232015,0.0,0.0,-8.180285986469942,0.0,56.92485464150185,-31.59134961231817,-21.32881583791942,-100.1470173677697,-46.23217855064169,-14.246883442334234,48.888707380783906,-152.34502124525247,2.04730390485625,0.8087676546272123,-10.43223452435217,-0.02351737654552562,27.606271031852057,-7.927178435339447,0.4010122126861825,24.281381879885434,0.0,0.0,-3.5644470670711015,-5.782764854838723,0.0,0.0,0.0,0.0,0.0,0.0,0.0,0.0,0.0,0.0,0.0,0.0,0.0,0.0,0.0,0.0,0.0,0.0,0.0,0.0,0.0,0.0,0.0,0.0,0.0,-8.295346598656062,-155.85795635421326,0.8473069141579909,-87.44106656138547,-0.19842987159414044,-7.254269278699445,-16.087388562483916,-4.252279931775644,84.74793879235784,-34.30067146164872,99.14754662508338,-30.289394700646866,-65.61652090605436,1.6840096547479917,28.580923172086028,4.782987627010851,-14.43411579819763,-1.4606266786257038,-0.3814082247164333,5.911295676971291,164.42594949311356,-52.48417425718178,-2.975216783847718,-28.6900057816302,0.23673386714712252,64.19268159104956,-19.224486389098224,-1.9429217532910117,34.997755438012085,-12.798917669493182,-96.71194174903776,58.03023820970138,4163.510433402462,-6769.55783898552
2026-06-29,0.0,-0.7420567839422729,1.767541722369293,0.22769879030363518,-1.3815855557917385,-1.2688589673253883,1.749970767390507,-0.23237910995664424,-5.67055359883784,-3.0052820924961123,-4.9146517999953945,1.4302306720311462,8.56695812978194,-1.1220990134738387,0.2857767177920323,-2.603912117627042,-0.3163213775924523,-7.245688015795429,1.1803174614176388,108.29888680846733,469.1600443586159,8.021239928778959,-2.009678129633656,1.5927717009586049,3.6861628295260016,1.0323925812070958,0.21425781258021015,3.955728996290127,-108.71193624329264,154.18013486986806,431.1170179599886,6.169606149240397,21.146338288639324,-11.68486554665555,18.421802475755687,0.8563650928478456,-1.232195724249934,-0.06806279449065915,-0.3735701266250981,-1.2027195222233422,-2.8623281269642757,-86.0650539359635,-1.7393255332570552,0.0,-2.7372485429608204,0.023863234546530294,3.2759536727880185,-22.57369297538868,0.0,-1.2450625734649365,-1.6430361591409892,7.4381662761330665,0.0,131.0532238983249,0.1013810048509622,-0.014981886075227522,0.0,2.2065413929795032,-208.13109272779397,-2.9636033925843077,-5.069420757745393,-85.79811032954467,-3.5647032572809256,187.81274285422552,-101.69868220364931,4.051641919885879,-1.0878303685595747,-6.882605207435554,-48.73124969581573,-3.9975117356012344,-1.1782235924845155,-7.880736207397189,308.47836914486044,14.355387375125195,-17.701095740416438,0.0,-376.7327625803751,0.0,-31.751394240528114,-6.592500615677244,3.747926918587182,-2.058721778083345,-2.3526457398750935,1.7715790965112101,0.0,-1.9765277211124195,-0.04099882734881249,0.0,0.0,0.0,0.0,0.0,0.0,0.0,0.0,0.0,2.2851929626813217,1.31344169642427,0.0,0.8587350431590166,-0.23854451280477224,2.83523584221545,24.576759076350225,1.0116779896493535,0.0,0.0,1.385194387413998,2.549489758511598,56.1887540656543,-33.81957759506704,-23.447940236923227,-26.553220775773053,0.0,62.49753725089992,4.032908309492981,0.2530843578672502,1.7487896194387287,-10.20812572286243,-0.036635880917165194,1.3873920431766165,-4.801018429374395,-14.305354636139192,1.227153929309221,1.23644201903083,0.0,-45.66360783813961,-1.7039479284331611,1.5603655319036043,-1.2164388639811952,-1.8140041395908046,-19.020345791423985,-3.6093052341504666,4.179401309764362,-3.8456753884110078,-4.7042291556881395,0.0,0.0,-27.031929535871985,0.0,-5.121060053228372,13.875306835917815,-30.192422981785842,100.1470173677697,-24.52904747531601,26.18251964518741,3.6537886428297353,0.0,0.13825658937092522,0.5218183000944701,-49.17998857187793,-15.277075062155564,49.050695958910424,14.921793453390944,0.0,3.036344867997308,0.0,0.0,15.813308261589963,2.678286238364148,0.0,0.0,0.0,0.0,0.0,0.0,0.0,0.0,0.0,0.0,0.0,0.0,0.0,0.0,0.0,0.0,0.0,0.0,0.0,0.0,0.0,0.0,0.0,0.0,0.0,0.33538263005582847,5.466105428011303,4.784988182293891,-23.12098943226697,116.64843025542754,-1.8310370496262331,3.962739204825659,7.921758367343806,1.8005682137566619,-14.383229131110392,60.66563831433331,0.7792857567743631,37.09676974992067,0.34179428702461884,5.05505296901433,0.010625071500282503,1.2092427145987312,-1.3130085755045002,-2.4231192019231385,33.41454794340796,0.8819013292797317,-0.7332922016259836,-3.3600707216656303,-3.793496477460649,160.01972317133922,-71.04074870969632,-6.806412043503806,151.0005076180571,-0.2110451100328064,1.3382824410968752,3.639409935089585,-13.850603923202435,2904.8974658401858,-1678.0441113600632
2026-06-30,0.0,0.0,0.0,0.0,0.0,0.0,0.0,0.0,0.0,0.0,0.0,0.0,0.0,0.0,0.0,0.0,0.0,0.0,0.0,0.0,0.0,0.0,0.0,0.0,0.0,0.0,0.0,0.0,0.0,0.0,0.0,0.0,0.0,0.0,0.0,0.0,0.0,0.0,0.0,0.0,0.0,0.0,0.0,0.0,0.0,0.0,0.0,0.0,0.0,0.0,0.0,0.0,0.0,0.0,0.0,0.0,0.0,0.0,0.0,0.0,0.0,0.0,0.0,0.0,0.0,0.0,0.0,0.0,0.0,0.0,0.0,0.0,0.0,0.0,0.0,0.0,0.0,0.0,0.0,0.0,0.0,0.0,0.0,0.0,0.0,0.0,0.0,0.0,0.0,0.0,0.0,0.0,0.0,0.0,0.0,0.0,0.0,0.0,0.0,0.0,0.0,0.0,0.0,0.0,0.0,0.0,0.0,0.0,0.0,0.0,0.0,0.0,0.0,0.0,0.0,0.0,0.0,0.0,0.0,0.0,0.0,0.0,0.0,0.0,0.0,0.0,0.0,0.0,0.0,0.0,0.0,0.0,0.0,0.0,0.0,0.0,0.0,0.0,0.0,0.0,0.0,0.0,0.0,0.0,0.0,0.0,0.0,0.0,0.0,0.0,0.0,0.0,0.0,0.0,0.0,0.0,0.0,0.0,0.0,0.0,0.0,0.0,0.0,0.0,0.0,0.0,0.0,0.0,0.0,0.0,0.0,0.0,0.0,0.0,0.0,0.0,0.0,0.0,0.0,0.0,0.0,0.0,0.0,0.0,0.0,0.0,0.0,0.0,0.0,0.0,0.0,0.0,0.0,0.0,0.0,0.0,0.0,0.0,0.0,0.0,0.0,0.0,0.0,0.0,0.0,0.0,0.0,0.0,0.0,0.0,0.0,0.0,0.0,0.0,0.0,0.0,0.0,0.0
2026-07-01,0.0,9.058326566666539,180.15246469926237,-22.745373740995625,-6.601482666214899,5.944182890532043,-3.208870147889451,3.9034242729592954,13.528724388132018,6.996046703109169,-2.178447272359568,6.608997314221837,4.709439556337311,-9.028536914220167,7.324497672070487,2.2565056239351398,296.3716713814662,-10.72743127878569,-382.31943367458655,-372.87376619790496,-14.549745758150006,21.55933356872527,-15.523293572315364,8.872814670290856,-20.971575980820692,14.156721760002664,466.92289380204807,-399.4507437698579,-261.5776131451478,481.6939435053029,27.368807638792788,-26.472852093814524,-460.02879980699674,-8.231781717214966,46.40197697140259,-16.443864298350267,-5.86652824510631,2.7262387708647005,-25.033998278797604,134.3914284490603,-3.0479643244349717,10.2219120154423,-4.781272950318526,0.0,6.436021625721565,-8.960456549903727,-1.9363703101444116,-30.093384556685955,-23.264114794699623,-0.7554677838172938,1.1815420496000444,14.686792943228124,0.0,15.814287335996749,13.630861263846862,107.97455344127887,-0.8415432224565593,-259.8925693544884,430.88196123697077,-117.00141317063209,7.142555821469258,-64.82398948123155,-23.610523899036227,168.62918689788233,-197.05750743596025,23.40777720446105,31.666650253939675,-390.2529189667658,-128.54630151436928,1.2177191636370261,-0.2918990950603038,50.555185589043774,130.79452095893632,-60.01814348883543,-450.91375373524147,-12.66136813273537,326.2024411968368,-34.11840602823964,-39.21301693248612,70.92496242468916,6.151182043677603,-2.608486452846759,-28.338810531926722,97.28247506790262,-125.43852581852643,-0.46666138449516437,-3.1829250169439476,13.829289264411724,1.0892880579434276,0.0,0.0,-31.442028753225024,0.0,-8.375108868140902,0.0,0.0,10.5178571637922,7.235995639049434,0.0,-1.0498213802861573,30.198515879871383,16.093005053378512,-17.594943703159604,-3.853963256805757,-10.228900009694655,0.0,10.263500507878678,21.31071651066764,-3.5670001677882976,2.9794673873351423,66.69842995670135,39.63776092913642,0.0,37.68445042593559,0.0,2.3702262272868104,-12.167512238866301,-201.89264159788067,-1.4352722416261385,-8.02569912891352,-5.055913002786503,-28.17548806420651,8.510335449362524,-0.250150376655336,-145.34930265927653,78.83593154876527,-2.255335141389165,0.44014413895417237,8.900312906619627,4.540657487018063,-96.36056745060091,-4.041552029867482,-88.5326280942016,-5.120600153400709,-0.15617126633506268,0.0,0.0,-27.095782335912286,0.0,8.499176834172351,16.744578288952237,63.05979346315874,-68.44945427650497,0.0,92.56995989116889,-33.96148610256299,32.09027277901843,1.8469399544889311,-1.3976614353037584,2.045499064388758,48.270682494552645,-14.16490063799551,29.258522858192183,-1.4385555737113465,20.129883077695208,0.0,-85.54486939933982,48.18957308346854,6.145502568115364,0.010548452377755894,-8.372089579753316,1.2548199234637287,5.166201361933665,-10.425234542820167,-1.2551456006870867,-80.4716935865408,0.17743854434325476,-34.15164641010259,0.0,0.0,0.0,0.0,1.9797576889479824,0.1816410965731775,-2.3639970479893093,0.8326358134599287,3.606014752052637,1.2652311167775478,2.958056435745006,0.36602431504495325,-0.4328584381770343,0.452586484351079,0.21320684003891074,0.0,-11.601232367005956,41.73772655322097,-4.997570971449226,-2.9133064439672745,-110.84623934908136,-28.682415185817458,11.301808738331776,6.777128767931281,-169.52206732621102,85.45290825594913,10.574370033316663,29.941777252626025,38.390105579449944,-5.383104366184125,-8.444724619510772,13.307872621603078,8.61587275344161,4.830622498769342,5.362070964418235,-51.0145575464461,-2.3228563691553425,9.718106683796519,-22.83848772382035,83.72100893837231,-160.25645703848636,-49.22557285666047,5.056669081821048,36.76066436858144,-7.155411837574299,11.652223960112257,-1.5898414534990735,-124.2153536685672,4407.4023975080745,-5881.417107167755
2026-07-02,0.0,0.0,0.0,0.0,0.0,0.0,0.0,0.0,0.0,0.0,0.0,0.0,0.0,0.0,0.0,0.0,0.0,0.0,0.0,0.0,0.0,0.0,0.0,0.0,0.0,0.0,0.0,0.0,0.0,0.0,0.0,0.0,0.0,0.0,0.0,0.0,0.0,0.0,0.0,0.0,0.0,0.0,0.0,0.0,0.0,0.0,0.0,0.0,0.0,0.0,0.0,0.0,0.0,0.0,0.0,0.0,0.0,0.0,0.0,0.0,0.0,0.0,0.0,0.0,0.0,0.0,0.0,0.0,0.0,0.0,0.0,0.0,0.0,0.0,0.0,0.0,0.0,0.0,0.0,0.0,0.0,0.0,0.0,0.0,0.0,0.0,0.0,0.0,0.0,0.0,0.0,0.0,0.0,0.0,0.0,0.0,0.0,0.0,0.0,0.0,0.0,0.0,0.0,0.0,0.0,0.0,0.0,0.0,0.0,0.0,0.0,0.0,0.0,0.0,0.0,0.0,0.0,0.0,0.0,0.0,0.0,0.0,0.0,0.0,0.0,0.0,0.0,0.0,0.0,0.0,0.0,0.0,0.0,0.0,0.0,0.0,0.0,0.0,0.0,0.0,0.0,0.0,0.0,0.0,0.0,0.0,0.0,0.0,0.0,0.0,0.0,0.0,0.0,0.0,0.0,0.0,0.0,0.0,0.0,0.0,0.0,0.0,0.0,0.0,0.0,0.0,0.0,0.0,0.0,0.0,0.0,0.0,0.0,0.0,0.0,0.0,0.0,0.0,0.0,0.0,0.0,0.0,0.0,0.0,0.0,0.0,0.0,0.0,0.0,0.0,0.0,0.0,0.0,0.0,0.0,0.0,0.0,0.0,0.0,0.0,0.0,0.0,0.0,0.0,0.0,0.0,0.0,0.0,0.0,0.0,0.0,0.0,0.0,0.0,0.0,0.0,0.0,0.0
2026-07-03,0.0,0.0,0.0,0.0,0.0,0.0,0.0,0.0,0.0,0.0,0.0,0.0,0.0,0.0,0.0,0.0,0.0,0.0,0.0,0.0,0.0,0.0,0.0,0.0,0.0,0.0,0.0,0.0,0.0,0.0,0.0,0.0,0.0,0.0,0.0,0.0,0.0,0.0,0.0,0.0,0.0,0.0,0.0,0.0,0.0,0.0,0.0,0.0,0.0,0.0,0.0,0.0,0.0,0.0,0.0,0.0,0.0,0.0,0.0,0.0,0.0,0.0,0.0,0.0,0.0,0.0,0.0,0.0,0.0,0.0,0.0,0.0,0.0,0.0,0.0,0.0,0.0,0.0,0.0,0.0,0.0,0.0,0.0,0.0,0.0,0.0,0.0,0.0,0.0,0.0,0.0,0.0,0.0,0.0,0.0,0.0,0.0,0.0,0.0,0.0,0.0,0.0,0.0,0.0,0.0,0.0,0.0,0.0,0.0,0.0,0.0,0.0,0.0,0.0,0.0,0.0,0.0,0.0,0.0,0.0,0.0,0.0,0.0,0.0,0.0,0.0,0.0,0.0,0.0,0.0,0.0,0.0,0.0,0.0,0.0,0.0,0.0,0.0,0.0,0.0,0.0,0.0,0.0,0.0,0.0,0.0,0.0,0.0,0.0,0.0,0.0,0.0,0.0,0.0,0.0,0.0,0.0,0.0,0.0,0.0,0.0,0.0,0.0,0.0,0.0,0.0,0.0,0.0,0.0,0.0,0.0,0.0,0.0,0.0,0.0,0.0,0.0,0.0,0.0,0.0,0.0,0.0,0.0,0.0,0.0,0.0,0.0,0.0,0.0,0.0,0.0,0.0,0.0,0.0,0.0,0.0,0.0,0.0,0.0,0.0,0.0,0.0,0.0,0.0,0.0,0.0,0.0,0.0,0.0,0.0,0.0,0.0,0.0,0.0,0.0,0.0,0.0,0.0
2026-07-04,0.0,0.0,0.0,0.0,0.0,0.0,0.0,0.0,0.0,0.0,0.0,0.0,0.0,0.0,0.0,0.0,0.0,0.0,0.0,0.0,0.0,0.0,0.0,0.0,0.0,0.0,0.0,0.0,0.0,0.0,0.0,0.0,0.0,0.0,0.0,0.0,0.0,0.0,0.0,0.0,0.0,0.0,0.0,0.0,0.0,0.0,0.0,0.0,0.0,0.0,0.0,0.0,0.0,0.0,0.0,0.0,0.0,0.0,0.0,0.0,0.0,0.0,0.0,0.0,0.0,0.0,0.0,0.0,0.0,0.0,0.0,0.0,0.0,0.0,0.0,0.0,0.0,0.0,0.0,0.0,0.0,0.0,0.0,0.0,0.0,0.0,0.0,0.0,0.0,0.0,0.0,0.0,0.0,0.0,0.0,0.0,0.0,0.0,0.0,0.0,0.0,0.0,0.0,0.0,0.0,0.0,0.0,0.0,0.0,0.0,0.0,0.0,0.0,0.0,0.0,0.0,0.0,0.0,0.0,0.0,0.0,0.0,0.0,0.0,0.0,0.0,0.0,0.0,0.0,0.0,0.0,0.0,0.0,0.0,0.0,0.0,0.0,0.0,0.0,0.0,0.0,0.0,0.0,0.0,0.0,0.0,0.0,0.0,0.0,0.0,0.0,0.0,0.0,0.0,0.0,0.0,0.0,0.0,0.0,0.0,0.0,0.0,0.0,0.0,0.0,0.0,0.0,0.0,0.0,0.0,0.0,0.0,0.0,0.0,0.0,0.0,0.0,0.0,0.0,0.0,0.0,0.0,0.0,0.0,0.0,0.0,0.0,0.0,0.0,0.0,0.0,0.0,0.0,0.0,0.0,0.0,0.0,0.0,0.0,0.0,0.0,0.0,0.0,0.0,0.0,0.0,0.0,0.0,0.0,0.0,0.0,0.0,0.0,0.0,0.0,0.0,0.0,0.0
2026-07-05,0.0,-1.6591053376782803,-178.98638227117235,23.009806569034176,7.923980376321066,-5.451668343575991,3.4942944837142713,-2.7075793816128573,-7.364949318287604,-2.2310160359810105,10.620839562438952,-6.496966013633093,-3.1928417438560284,11.99959731422327,-6.196891971869074,5.808703665120119,-339.02036734352646,18.029099123851104,429.01949408645993,305.27638039568217,104.6937709223344,-23.72679482158972,20.605246104186982,-9.231461221832783,25.80236091610673,-6.3874995446684775,-516.5779326811182,-173.51511160305807,-9.395310294715221,-303.81118940368026,-166.65102565935743,33.52276356627419,-135.5824182090715,17.531752735606627,362.3854161200484,18.552513569272413,6.346934089289978,-1.6855824729421875,27.096290589579876,0.0,7.184353968018447,32.762314924249395,3.9512811368816476,-69.52022484974658,-3.9482307234188485,1.229942397097475,2.105198935679975,21.15189924148923,10.105385261976743,65.25270476550219,0.5643357280715718,34.6164381074124,-74.99995403485903,-2.9214377223496557,-16.351609034074414,37.4454693747361,-4.079165510455729,33.38082395980146,-95.50962288001098,13.673653433104016,-1.1673478809619555,193.67249756431912,23.857864985858907,-368.0438821523322,-44.22951581439475,3.9799399823953863,-29.239915032869323,576.6760513289393,169.40856800507814,8.021748853685452,75.88490179277557,-41.04347820569307,-146.8550686286608,37.18625810652448,-55.55789283917554,12.66136813273537,36.817399628880665,34.11840602823964,44.06163098140893,81.01460331198463,-10.910442017962051,3.0594029036850405,-74.53466484738665,-97.06742277417597,-14.601513014369498,1.0335600866330206,146.16667995028476,0.0,0.0,0.0,0.0,0.0,0.0,0.0,0.0,0.0,30.650110042069645,-42.972865431918486,0.0,120.5955488919873,61.390230815111664,-9.71609500686967,-92.96078999134367,-117.82754881337256,-103.55194247619909,0.0,14.125656747896995,-18.500079789295093,-5.273818493427534,-40.55923430498852,-123.20106435094961,168.1998515302362,0.0,-99.11846369547656,0.0,0.5388325603942067,9.083428041206455,212.1007673207431,0.8847986484168214,22.516966805466378,5.245815598174915,-7.5540341033833105,-6.676404808709035,2.872404973538447,-53.560486725228984,-57.79879562390174,-7.927495560648036,14.341964794230357,-7.29183373837435,-2.3814926745096456,307.3694882126985,5.448489110989758,93.03934156450049,7.237453495220485,66.59586429482843,0.0,0.0,48.97768375883906,0.0,-15.850714676560237,13.891461588342384,-52.44730038050987,-83.89556696874749,152.34502124525247,-85.14571916304878,-34.752743565203346,84.3943291948696,-46.67840403379548,-1.628740483526679,102.78633453716118,-59.542211152012385,-80.59205758804771,-22.473999620967923,1.4385555737113465,63.56603168474572,0.0,30.106305695054456,0.0,-9.301172998726397,0.0,0.0,0.0,0.0,0.0,0.0,0.0,0.0,0.0,0.0,0.0,0.0,0.0,0.0,0.0,0.0,0.0,0.0,0.0,0.0,0.0,0.0,0.0,0.0,0.0,5.66144413030392,135.80200353467194,7.8629573336594625,3.370585009122093,5.953340935301051,18.874264044449053,-9.558265558902612,-14.222386997578244,12.089032934265036,22.677801906104417,-78.12643707675326,-24.017959716347075,-33.2874872721016,6.943113733942038,-27.604828755546116,3.980643264628481,2.1776825825734996,-3.043242203183123,0.9046319026852143,43.575322217122654,-181.77781105977192,-32.956603213090816,29.146815408176597,-55.791100263363234,160.25645703848636,125.76031747934243,23.199738599461767,-149.86312514886868,62.06241899315827,131.91442222459105,3.4517240976861214,180.21405107721873,5768.385432239631,-4949.88380512137
2026-07-06,0.0,0.0,0.0,0.0,0.0,0.0,0.0,0.0,0.0,0.0,0.0,0.0,0.0,0.0,0.0,0.0,0.0,0.0,0.0,0.0,0.0,0.0,0.0,0.0,0.0,0.0,0.0,0.0,0.0,0.0,0.0,0.0,0.0,0.0,0.0,0.0,0.0,0.0,0.0,0.0,0.0,0.0,0.0,0.0,0.0,0.0,0.0,0.0,0.0,0.0,0.0,0.0,0.0,0.0,0.0,0.0,0.0,0.0,0.0,0.0,0.0,0.0,0.0,0.0,0.0,0.0,0.0,0.0,0.0,0.0,0.0,0.0,0.0,0.0,0.0,0.0,0.0,0.0,0.0,0.0,0.0,0.0,0.0,0.0,0.0,0.0,0.0,0.0,0.0,0.0,0.0,0.0,0.0,0.0,0.0,0.0,0.0,0.0,0.0,0.0,0.0,0.0,0.0,0.0,0.0,0.0,0.0,0.0,0.0,0.0,0.0,0.0,0.0,0.0,0.0,0.0,0.0,0.0,0.0,0.0,0.0,0.0,0.0,0.0,0.0,0.0,0.0,0.0,0.0,0.0,0.0,0.0,0.0,0.0,0.0,0.0,0.0,0.0,0.0,0.0,0.0,0.0,0.0,0.0,0.0,0.0,0.0,0.0,0.0,0.0,0.0,0.0,0.0,0.0,0.0,0.0,0.0,0.0,0.0,0.0,0.0,0.0,0.0,0.0,0.0,0.0,0.0,0.0,0.0,0.0,0.0,0.0,0.0,0.0,0.0,0.0,0.0,0.0,0.0,0.0,0.0,0.0,0.0,0.0,0.0,0.0,0.0,0.0,0.0,0.0,0.0,0.0,0.0,0.0,0.0,0.0,0.0,0.0,0.0,0.0,0.0,0.0,0.0,0.0,0.0,0.0,0.0,0.0,0.0,0.0,0.0,0.0,0.0,0.0,0.0,0.0,0.0,0.0
2026-07-07,0.0,6.284383060274005,148.2899442890067,-22.706405454706548,-6.263432288571669,3.2467130502251678,-2.348693905667402,208.2581522810369,7.995932667180226,3.1750552021148906,-8.435262069023214,5.838789197311678,7.19722247954848,-11.127545295226678,9.795814485433162,-5.538893877215684,-2.227795470537327,-22.72752238041995,0.0,-416.31398909619713,-629.8401895333018,23.591904307069722,-21.77964657045377,10.454798417996383,-18.432118951383163,6.6798044668717775,9.795494068597094,-10.170380982299102,622.2538192552075,-224.0593737339843,-289.002359795689,-25.42382010396186,546.697769712517,-15.722260537927971,-376.3544787515919,-17.01521115810226,-5.626567534670583,4.853482457198261,-24.666497143638264,-78.79839574190537,-0.8276228622947529,99.52588431294821,-9.934364056103776,-36.944761823973096,5.579842060026945,-15.51412145625928,-0.4219436920766602,24.31859356420982,-0.7336603819782613,-66.46165245316085,26.45369975976211,-1.4435869222121256,-42.27673988724489,-13.85514884736057,120.42167034131623,-0.41106142964379977,4.920708732912288,107.07325469225238,95.50962288001098,-4.155607782176143,2.0663653779452726,-182.9353590870256,-18.959992416110587,-8.990701721668243,-20.28966124993691,-20.95650778127776,31.49380159713095,-378.48656153537064,278.4725946149349,-10.528732597075752,59.361440270105334,52.299858756102736,-333.1389880811839,-19.75256995468901,456.79566449978637,0.0,-188.33421274348046,-15.416964086617693,31.55201981811074,-5.525112383166968,11.719555333392346,-4.385298503291109,-58.78293916737114,132.69429521615757,31.485373906526178,-1.090909704546124,-21.318261336307273,13.19631703602994,-17.83469928951202,0.0,0.0,-14.272774518748106,0.0,-5.380620411399082,0.0,0.0,13.468569356206586,0.18417177896965586,152.34502124525247,-5.332989647509224,-13.759278890300818,11.730736995201195,4.952510439558392,-0.5176198220462684,2.7486063671514276,0.0,18.832310591046976,20.303133276710927,9.560215695159627,-24.832286612340482,6.688561414385011,43.497913341328385,3.2473278499845764,-12.529373038029226,0.0,0.5735059180793033,5.2504935251842255,-21.90466124437016,137.42179366999116,8.461947981418488,-2.4893720524229286,10.359205755273345,80.6991624732216,-9.306311253496096,1.9540917916403269,163.4716057722168,0.17718639591062674,4.390529787826643,7.307510680448614,3.97031902803047,1.4703004508825253,-3.8493277333861915,11.990584340115063,-4.777608079671831,64.65536711873663,0.0,0.0,13.330314099415148,0.0,-55.69811288657923,41.10819040488217,30.67877868466804,0.0,0.0,-38.00395620563082,34.740658877106924,-77.45345839880909,-7.522104679496566,1.8072248615161952,-3.4150730993534673,32.01404973725557,46.0068436976955,-40.016002408976696,0.0,0.0,0.0,-57.72547922953595,0.0,11.572599037096879,-3.322364524986042,-5.779903963876481,-0.40288023220199104,0.4037374887227343,1.841506769931948,-0.22393348767863064,-1.9756180948656257,1.7784442749899754,-23.217472726073627,0.0,0.0,0.0,0.0,29.494807528557853,-0.06318663664508495,0.44926650175178656,-29.698980381447182,-1.6476986391605168,-2.2802073049544704,0.3820230367286713,3.4643470005540586,-1.169213435484795,0.9264034924167791,-45.01258918297799,0.0,92.32628681125715,-29.499007936256096,-7.573453495753464,-3.2966401531722513,-2.3460259481871035,89.32863325099044,9.025269491845014,-6.449614079229519,-13.00089448702836,-14.38513834283869,-111.33228466320044,158.58191166509292,-7.880261092130721,-4.505922471988306,16.320731618205638,10.109974419819599,-7.213552163292057,6.0138737164946505,2.237544125217246,-36.157149391402434,9.50728295014889,13.700507539895655,47.713548253435846,-28.85761604069422,-160.25645703848636,-66.23303980956311,0.772882625839964,7.852472997227684,-108.12409505798921,-109.1304221953922,-2.8781918009065266,0.0,4712.552440165942,-4966.988808599556
2026-07-08,0.0,0.0,0.0,0.0,0.0,0.0,0.0,0.0,0.0,0.0,0.0,0.0,0.0,0.0,0.0,0.0,0.0,0.0,0.0,0.0,0.0,0.0,0.0,0.0,0.0,0.0,0.0,0.0,0.0,0.0,0.0,0.0,0.0,0.0,0.0,0.0,0.0,0.0,0.0,0.0,0.0,0.0,0.0,0.0,0.0,0.0,0.0,0.0,0.0,0.0,0.0,0.0,0.0,0.0,0.0,0.0,0.0,0.0,0.0,0.0,0.0,0.0,0.0,0.0,0.0,0.0,0.0,0.0,0.0,0.0,0.0,0.0,0.0,0.0,0.0,0.0,0.0,0.0,0.0,0.0,0.0,0.0,0.0,0.0,0.0,0.0,0.0,0.0,0.0,0.0,0.0,0.0,0.0,0.0,0.0,0.0,0.0,0.0,0.0,0.0,0.0,0.0,0.0,0.0,0.0,0.0,0.0,0.0,0.0,0.0,0.0,0.0,0.0,0.0,0.0,0.0,0.0,0.0,0.0,0.0,0.0,0.0,0.0,0.0,0.0,0.0,0.0,0.0,0.0,0.0,0.0,0.0,0.0,0.0,0.0,0.0,0.0,0.0,0.0,0.0,0.0,0.0,0.0,0.0,0.0,0.0,0.0,0.0,0.0,0.0,0.0,0.0,0.0,0.0,0.0,0.0,0.0,0.0,0.0,0.0,0.0,0.0,0.0,0.0,0.0,0.0,0.0,0.0,0.0,0.0,0.0,0.0,0.0,0.0,0.0,0.0,0.0,0.0,0.0,0.0,0.0,0.0,0.0,0.0,0.0,0.0,0.0,0.0,0.0,0.0,0.0,0.0,0.0,0.0,0.0,0.0,0.0,0.0,0.0,0.0,0.0,0.0,0.0,0.0,0.0,0.0,0.0,0.0,0.0,0.0,0.0,0.0,0.0,0.0,0.0,0.0,0.0,0.0
2026-07-09,0.0,0.0,0.0,0.0,0.0,0.0,0.0,0.0,0.0,0.0,0.0,0.0,0.0,0.0,0.0,0.0,0.0,0.0,0.0,0.0,0.0,0.0,0.0,0.0,0.0,0.0,0.0,0.0,0.0,0.0,0.0,0.0,0.0,0.0,0.0,0.0,0.0,0.0,0.0,0.0,0.0,0.0,0.0,0.0,0.0,0.0,0.0,0.0,0.0,0.0,0.0,0.0,0.0,0.0,0.0,0.0,0.0,0.0,0.0,0.0,0.0,0.0,0.0,0.0,0.0,0.0,0.0,0.0,0.0,0.0,0.0,0.0,0.0,0.0,0.0,0.0,0.0,0.0,0.0,0.0,0.0,0.0,0.0,0.0,0.0,0.0,0.0,0.0,0.0,0.0,0.0,0.0,0.0,0.0,0.0,0.0,0.0,0.0,0.0,0.0,0.0,0.0,0.0,0.0,0.0,0.0,0.0,0.0,0.0,0.0,0.0,0.0,0.0,0.0,0.0,0.0,0.0,0.0,0.0,0.0,0.0,0.0,0.0,0.0,0.0,0.0,0.0,0.0,0.0,0.0,0.0,0.0,0.0,0.0,0.0,0.0,0.0,0.0,0.0,0.0,0.0,0.0,0.0,0.0,0.0,0.0,0.0,0.0,0.0,0.0,0.0,0.0,0.0,0.0,0.0,0.0,0.0,0.0,0.0,0.0,0.0,0.0,0.0,0.0,0.0,0.0,0.0,0.0,0.0,0.0,0.0,0.0,0.0,0.0,0.0,0.0,0.0,0.0,0.0,0.0,0.0,0.0,0.0,0.0,0.0,0.0,0.0,0.0,0.0,0.0,0.0,0.0,0.0,0.0,0.0,0.0,0.0,0.0,0.0,0.0,0.0,0.0,0.0,0.0,0.0,0.0,0.0,0.0,0.0,0.0,0.0,0.0,0.0,0.0,0.0,0.0,0.0,0.0
2026-07-10,0.0,0.0,0.0,0.0,0.0,0.0,0.0,0.0,0.0,0.0,0.0,0.0,0.0,0.0,0.0,0.0,0.0,0.0,0.0,0.0,0.0,0.0,0.0,0.0,0.0,0.0,0.0,0.0,0.0,0.0,0.0,0.0,0.0,0.0,0.0,0.0,0.0,0.0,0.0,0.0,0.0,0.0,0.0,0.0,0.0,0.0,0.0,0.0,0.0,0.0,0.0,0.0,0.0,0.0,0.0,0.0,0.0,0.0,0.0,0.0,0.0,0.0,0.0,0.0,0.0,0.0,0.0,0.0,0.0,0.0,0.0,0.0,0.0,0.0,0.0,0.0,0.0,0.0,0.0,0.0,0.0,0.0,0.0,0.0,0.0,0.0,0.0,0.0,0.0,0.0,0.0,0.0,0.0,0.0,0.0,0.0,0.0,0.0,0.0,0.0,0.0,0.0,0.0,0.0,0.0,0.0,0.0,0.0,0.0,0.0,0.0,0.0,0.0,0.0,0.0,0.0,0.0,0.0,0.0,0.0,0.0,0.0,0.0,0.0,0.0,0.0,0.0,0.0,0.0,0.0,0.0,0.0,0.0,0.0,0.0,0.0,0.0,0.0,0.0,0.0,0.0,0.0,0.0,0.0,0.0,0.0,0.0,0.0,0.0,0.0,0.0,0.0,0.0,0.0,0.0,0.0,0.0,0.0,0.0,0.0,0.0,0.0,0.0,0.0,0.0,0.0,0.0,0.0,0.0,0.0,0.0,0.0,0.0,0.0,0.0,0.0,0.0,0.0,0.0,0.0,0.0,0.0,0.0,0.0,0.0,0.0,0.0,0.0,0.0,0.0,0.0,0.0,0.0,0.0,0.0,0.0,0.0,0.0,0.0,0.0,0.0,0.0,0.0,0.0,0.0,0.0,0.0,0.0,0.0,0.0,0.0,0.0,0.0,0.0,0.0,0.0,0.0,0.0
2026-07-11,0.0,-10.91995263967925,-150.5496885826991,21.379613133156642,2.911488955247478,-6.852049747755839,2.195441210641933,-208.85167909141504,-14.810936246520578,-7.327470683598047,5.688184746743704,-3.6136630529758698,5.993454678679351,7.710262180208578,-10.903484156634281,449.17925069405675,448.46679618055833,84.67816765393957,-451.49690720757906,518.9533922265953,458.420321002607,-25.04028789565561,15.407713919237374,-12.23624138904718,-1.1361628559335368,-2.361405688055442,-12.421314470650278,621.5024417186002,-633.2230179025231,342.6197759782648,71.94749625568814,23.304005644995136,-304.81172447784706,22.042032797229187,407.0772100130004,13.153735460250843,5.705169059584412,-7.359635008990619,24.469087459279546,64.08839067889268,44.57471869902188,-122.66909424014847,143.11777711408791,-31.522352569214316,21.915712556202372,157.94337813399582,4.573828896249994,29.391645874670473,1.9393058922228812,130.0440253677991,94.80528379872143,-57.243082155620684,-5.262583461405782,-296.7001205163097,-123.45526662397405,59.0178579567624,0.0,-222.71478167918534,-1.417511700060626,135.46933440859948,-5.086406609220809,148.42190702152462,19.066554889014924,7.1895983074471586,32.49394309579191,5.002251130690914,-34.535154431722944,210.04541805663308,-59.64684046518302,-3.7449493444067192,-107.22334184796178,-107.70053404706775,574.4916543668704,44.91224956108292,16.49184637281089,0.0,300.8346560681652,15.416964086617693,160.03110167654657,-35.98407305553337,-0.4818224863679498,0.6341005250309681,-1.0933258764500497,-123.89659458451636,-27.227377882345362,0.24160851137716963,-111.1372110297948,0.0,0.0,0.0,0.0,0.0,0.0,0.0,0.0,0.0,-3.304789199525432,2.835662838006989,-152.34502124525247,-114.44426698626903,-85.58129260605574,-11.65103180409156,6.1534749408273495,122.09867499269346,111.0322361187423,0.0,-46.28927281991704,-25.95257395457261,-49.42323167015705,299.5654695634885,16.860176036674268,-227.1861564214367,-3.2473278499845764,11.850564516555286,0.0,-3.1761368621715667,-3.1713163114841736,-37.388157468767055,59.73323498344733,23.312127991123372,-1.6482585746941478,-13.149901966097168,-63.53694200117188,7.811294030146936,-3.1003900755347567,-179.49834736180028,-1.0752415510272257,104.62578180989736,-8.450447894923126,-6.043947044228844,-7.749039651614148,1.2151824459071505,-130.53271649209904,34.635521500234525,21.093789831687406,0.0,-110.22675937340883,-7.870584146071633,0.0,-10.564763710402621,12.689529631422266,28.826872383428796,77.92311065797809,-130.83740291045217,-7.1756084201856725,84.56192424095839,73.17428223486164,-48.16038938227475,-2.7501676472726686,-13.72782704594123,-32.01404973725557,-29.911215386501805,68.7166837696829,0.0,0.0,0.0,18.30620863902937,0.0,41.32168068630477,0.0,0.0,0.0,0.0,0.0,0.0,0.0,0.0,0.0,0.0,0.0,0.0,0.0,0.0,0.0,0.0,0.0,0.0,0.0,0.0,0.0,0.0,0.0,0.0,0.0,-97.98773094156107,-129.85140801529414,5.950189721575007,2.4975435528930103,2.1682414702570094,-90.05498066037605,-10.835167948518064,16.17857564218587,97.46815735223925,-71.4371964189008,5.032988430552127,-161.47789574945165,-47.70208688563945,3.008743936692394,-17.137924853099147,-1.1844770702940586,-11.761708100549601,-8.276006706932122,-0.7566180632167671,76.07207045179108,136.11825578149728,100.8411225955445,-89.99983046528668,-3.8492006644602514,160.25645703848636,36.86110770481802,-6.455879724176979,113.88870309422072,23.18001339341492,57.25896827173774,169.93596082747297,-178.3572391272614,8210.020737123872,-5840.96797267171
2026-07-12,0.0,0.0,0.0,0.0,0.0,0.0,0.0,0.0,0.0,0.0,0.0,0.0,0.0,0.0,0.0,0.0,0.0,0.0,0.0,0.0,0.0,0.0,0.0,0.0,0.0,0.0,0.0,0.0,0.0,0.0,0.0,0.0,0.0,0.0,0.0,0.0,0.0,0.0,0.0,0.0,0.0,0.0,0.0,0.0,0.0,0.0,0.0,0.0,0.0,0.0,0.0,0.0,0.0,0.0,0.0,0.0,0.0,0.0,0.0,0.0,0.0,0.0,0.0,0.0,0.0,0.0,0.0,0.0,0.0,0.0,0.0,0.0,0.0,0.0,0.0,0.0,0.0,0.0,0.0,0.0,0.0,0.0,0.0,0.0,0.0,0.0,0.0,0.0,0.0,0.0,0.0,0.0,0.0,0.0,0.0,0.0,0.0,0.0,0.0,0.0,0.0,0.0,0.0,0.0,0.0,0.0,0.0,0.0,0.0,0.0,0.0,0.0,0.0,0.0,0.0,0.0,0.0,0.0,0.0,0.0,0.0,0.0,0.0,0.0,0.0,0.0,0.0,0.0,0.0,0.0,0.0,0.0,0.0,0.0,0.0,0.0,0.0,0.0,0.0,0.0,0.0,0.0,0.0,0.0,0.0,0.0,0.0,0.0,0.0,0.0,0.0,0.0,0.0,0.0,0.0,0.0,0.0,0.0,0.0,0.0,0.0,0.0,0.0,0.0,0.0,0.0,0.0,0.0,0.0,0.0,0.0,0.0,0.0,0.0,0.0,0.0,0.0,0.0,0.0,0.0,0.0,0.0,0.0,0.0,0.0,0.0,0.0,0.0,0.0,0.0,0.0,0.0,0.0,0.0,0.0,0.0,0.0,0.0,0.0,0.0,0.0,0.0,0.0,0.0,0.0,0.0,0.0,0.0,0.0,0.0,0.0,0.0,0.0,0.0,0.0,0.0,0.0,0.0
2026-07-13,0.0,13.914654415667174,181.24612656486474,-21.41238322768244,-3.8900657549095925,7.6784924061624915,-1.0609154877846887,1.3633792264505755,14.82919171511245,7.606673792190966,8.190029469157919,5.192180470905645,432.6048452411697,-6.937161223642848,11.168442380897993,-355.9270159856672,0.0,-78.02036465507949,-2.886453011618112,-628.3317396047845,-163.9942654479659,22.62350291939627,58.706855480138096,10.301645092474121,-16.716343589784927,4.719686227450264,16.786397692686297,-138.5237349134857,15.683509690225707,-488.8462775216567,-103.08372238132625,-22.152478320281254,341.3470870266021,-20.571515645420586,-446.2601004238307,-15.39479287470816,-6.259914861655474,6.54597034915394,-28.107929149398,-121.70994248629167,-0.5838141118190106,122.66909424014847,-9.566060559860926,3.826552874571702,28.2817290250402,-62.71730343511167,-4.078980121291737,13.709086698276632,5.2624908825214955,6.49440307039133,-121.84458715355193,-41.816733479562565,-3.9326664607832065,178.77169899515832,119.63201825309574,0.0,0.0,-44.48233575326664,1.417511700060626,0.0,5.902720761766744,-42.7477879996454,-21.7095743961758,-5.534984701231646,347.9085522095483,51.207955431830605,42.301785564168476,-315.1209636924537,212.1029867846902,6.903639528524364,-29.99741417424337,-6.240075801905827,1.785288436471834,-19.357734669363126,-395.51706895604264,-2.1622952171385985,23.505787164354466,0.0,21.482685943288672,-5.254910862548742,-0.24892548443720444,-6.92751282596073,-0.5105263267483678,121.37016788717368,25.58001902816868,0.2582106142336124,100.01433260093216,0.0,-0.424382958562579,0.0,0.0,41.75699634602023,0.0,2.055816640157442,0.0,0.0,5.394230666631338,-7.537390463977005,0.0,-2.934309077628073,14.420550472080999,11.124556035255358,89.1826933406178,2.54233073896225,0.0,0.0,-2.680492839510873,20.325403058916507,-31.042437585091218,-204.8864079641605,48.264273238023655,6.040593784271215,13.085747203876789,-11.253737114451331,0.0,2.655043270195747,3.0690399863439524,59.29281871313721,-192.70426057369858,-0.9559802891673026,-6.623737571724778,12.247314743261638,45.027854446336306,-8.165882606123574,147.03539618577705,-31.159187537469872,0.916509853810916,89.31939338982876,8.483313470332883,6.155232673147432,5.275125806331577,-3.697671738000703,0.0,-24.68635102089585,-32.33901097419394,0.0,-85.1396039962231,7.870584146071633,0.0,152.18095333590574,-71.47666969431093,7.487556867897016,-74.497489552281,-16.222216311808516,20.533074881137654,8.415860215843553,40.13959543531189,0.0,-24.075197787024372,8.79646243859132,97.52973290135182,5.731437934272806,-19.507690635176377,0.0,0.0,-26.172448568967564,6.004819575182395,0.0,-86.8366620086327,13.744887429627736,-9.054213583810837,1.042185723855364,-1.3960285444744804,0.24718538043508306,-1.0850244291906275,-0.378596759156615,0.3105181476258731,0.0,0.0,-4.219527049191674,0.0,0.0,-4.066306827147433,-1.2174650287839468,0.7667495631537604,0.9330239358851105,2.717967252990871,-2.5038221074676548,-1.5866856394239004,-1.5107683260360791,1.1877167231471686,-1.378989976767858,-7.896839533145263,0.0,1.0152601646384865,38.605155153565256,-6.22002872178916,-3.2332971266502573,6.9190251385682355,6.553020258326258,13.086591457000294,7.777554473313794,76.84496615421673,-3.8463385356049695,-4.769823633755441,23.57483648039488,48.91593705566855,-3.932864306131785,14.730877880705929,5.882267784863012,12.093875924421315,5.6415688915531215,2.576327452363301,-77.1932814546187,27.865896392337717,-40.28765554733254,-5.298446184489017,90.47175739622686,0.0,-64.34061861308358,13.279439969938482,26.61171842775372,18.010001943124095,-78.16710651303191,0.0,-2.942393572882982,4050.6640122057074,-5101.984713633163
2026-07-14,0.0,0.0,0.0,0.0,0.0,0.0,0.0,0.0,0.0,0.0,0.0,0.0,0.0,0.0,0.0,0.0,0.0,0.0,0.0,0.0,0.0,0.0,0.0,0.0,0.0,0.0,0.0,0.0,0.0,0.0,0.0,0.0,0.0,0.0,0.0,0.0,0.0,0.0,0.0,0.0,0.0,0.0,0.0,0.0,0.0,0.0,0.0,0.0,0.0,0.0,0.0,0.0,0.0,0.0,0.0,0.0,0.0,0.0,0.0,0.0,0.0,0.0,0.0,0.0,0.0,0.0,0.0,0.0,0.0,0.0,0.0,0.0,0.0,0.0,0.0,0.0,0.0,0.0,0.0,0.0,0.0,0.0,0.0,0.0,0.0,0.0,0.0,0.0,0.0,0.0,0.0,0.0,0.0,0.0,0.0,0.0,0.0,0.0,0.0,0.0,0.0,0.0,0.0,0.0,0.0,0.0,0.0,0.0,0.0,0.0,0.0,0.0,0.0,0.0,0.0,0.0,0.0,0.0,0.0,0.0,0.0,0.0,0.0,0.0,0.0,0.0,0.0,0.0,0.0,0.0,0.0,0.0,0.0,0.0,0.0,0.0,0.0,0.0,0.0,0.0,0.0,0.0,0.0,0.0,0.0,0.0,0.0,0.0,0.0,0.0,0.0,0.0,0.0,0.0,0.0,0.0,0.0,0.0,0.0,0.0,0.0,0.0,0.0,0.0,0.0,0.0,0.0,0.0,0.0,0.0,0.0,0.0,0.0,0.0,0.0,0.0,0.0,0.0,0.0,0.0,0.0,0.0,0.0,0.0,0.0,0.0,0.0,0.0,0.0,0.0,0.0,0.0,0.0,0.0,0.0,0.0,0.0,0.0,0.0,0.0,0.0,0.0,0.0,0.0,0.0,0.0,0.0,0.0,0.0,0.0,0.0,0.0,0.0,0.0,0.0,0.0,0.0,0.0
2026-07-15,0.0,0.0,0.0,0.0,0.0,0.0,0.0,0.0,0.0,0.0,0.0,0.0,0.0,0.0,0.0,0.0,0.0,0.0,0.0,0.0,0.0,0.0,0.0,0.0,0.0,0.0,0.0,0.0,0.0,0.0,0.0,0.0,0.0,0.0,0.0,0.0,0.0,0.0,0.0,0.0,0.0,0.0,0.0,0.0,0.0,0.0,0.0,0.0,0.0,0.0,0.0,0.0,0.0,0.0,0.0,0.0,0.0,0.0,0.0,0.0,0.0,0.0,0.0,0.0,0.0,0.0,0.0,0.0,0.0,0.0,0.0,0.0,0.0,0.0,0.0,0.0,0.0,0.0,0.0,0.0,0.0,0.0,0.0,0.0,0.0,0.0,0.0,0.0,0.0,0.0,0.0,0.0,0.0,0.0,0.0,0.0,0.0,0.0,0.0,0.0,0.0,0.0,0.0,0.0,0.0,0.0,0.0,0.0,0.0,0.0,0.0,0.0,0.0,0.0,0.0,0.0,0.0,0.0,0.0,0.0,0.0,0.0,0.0,0.0,0.0,0.0,0.0,0.0,0.0,0.0,0.0,0.0,0.0,0.0,0.0,0.0,0.0,0.0,0.0,0.0,0.0,0.0,0.0,0.0,0.0,0.0,0.0,0.0,0.0,0.0,0.0,0.0,0.0,0.0,0.0,0.0,0.0,0.0,0.0,0.0,0.0,0.0,0.0,0.0,0.0,0.0,0.0,0.0,0.0,0.0,0.0,0.0,0.0,0.0,0.0,0.0,0.0,0.0,0.0,0.0,0.0,0.0,0.0,0.0,0.0,0.0,0.0,0.0,0.0,0.0,0.0,0.0,0.0,0.0,0.0,0.0,0.0,0.0,0.0,0.0,0.0,0.0,0.0,0.0,0.0,0.0,0.0,0.0,0.0,0.0,0.0,0.0,0.0,0.0,0.0,0.0,0.0,0.0
2026-07-16,0.0,0.0,0.0,0.0,0.0,0.0,0.0,0.0,0.0,0.0,0.0,0.0,0.0,0.0,0.0,0.0,0.0,0.0,0.0,0.0,0.0,0.0,0.0,0.0,0.0,0.0,0.0,0.0,0.0,0.0,0.0,0.0,0.0,0.0,0.0,0.0,0.0,0.0,0.0,0.0,0.0,0.0,0.0,0.0,0.0,0.0,0.0,0.0,0.0,0.0,0.0,0.0,0.0,0.0,0.0,0.0,0.0,0.0,0.0,0.0,0.0,0.0,0.0,0.0,0.0,0.0,0.0,0.0,0.0,0.0,0.0,0.0,0.0,0.0,0.0,0.0,0.0,0.0,0.0,0.0,0.0,0.0,0.0,0.0,0.0,0.0,0.0,0.0,0.0,0.0,0.0,0.0,0.0,0.0,0.0,0.0,0.0,0.0,0.0,0.0,0.0,0.0,0.0,0.0,0.0,0.0,0.0,0.0,0.0,0.0,0.0,0.0,0.0,0.0,0.0,0.0,0.0,0.0,0.0,0.0,0.0,0.0,0.0,0.0,0.0,0.0,0.0,0.0,0.0,0.0,0.0,0.0,0.0,0.0,0.0,0.0,0.0,0.0,0.0,0.0,0.0,0.0,0.0,0.0,0.0,0.0,0.0,0.0,0.0,0.0,0.0,0.0,0.0,0.0,0.0,0.0,0.0,0.0,0.0,0.0,0.0,0.0,0.0,0.0,0.0,0.0,0.0,0.0,0.0,0.0,0.0,0.0,0.0,0.0,0.0,0.0,0.0,0.0,0.0,0.0,0.0,0.0,0.0,0.0,0.0,0.0,0.0,0.0,0.0,0.0,0.0,0.0,0.0,0.0,0.0,0.0,0.0,0.0,0.0,0.0,0.0,0.0,0.0,0.0,0.0,0.0,0.0,0.0,0.0,0.0,0.0,0.0,0.0,0.0,0.0,0.0,0.0,0.0
2026-07-17,0.0,-4.8636887960102175,-178.51706546249127,23.121516451761856,5.872678063520376,-0.34258223765133883,2.471016665382689,-0.6526632601740421,-5.8806604059409295,-5.355680817951448,314.81605063951815,-6.134381275050022,-73.45804367503035,9.188582173117496,77.59177996573085,355.9270159856672,-451.35734647445963,15.777767618755227,7.856940756191442,512.715914162606,335.41413397866063,-20.080679464226588,-56.24120535951562,-6.696658210684953,24.54610001272953,-0.28577134386321995,-1.9132893577457872,-417.39862047194106,207.82827739329892,28.93448615242506,521.0158562320178,25.023439612771153,-589.4389531080952,36.53260591052147,347.6917770412096,19.26824380378015,8.4287342345434,-2.5926128237148225,30.16469582596203,1.0141250046298083,5.857502775829067,-96.29478357584803,-121.95547914513753,66.11089439588308,7.079546311543512,-37.61803451149135,6.466026254522832,-57.57374575140233,-6.589264651336532,-3.179386076813593,109.53438260441835,-6.169793191218167,6.742317590654435,-196.78479637249612,25.736303984863074,0.0,0.0,443.0718615590863,-400.5520014228278,-31.920112440828117,-1.1049535177215877,-62.6022380848896,23.35500055988913,201.72251183856315,0.0,-44.02810402325145,-41.04924131694494,487.996378492407,-158.69712380367622,-9.53148333134444,137.22075602220514,-157.2920926435936,-9.796756081213477,25.36718265821808,-39.81902475373063,2.1622952171385985,-287.408881119344,0.0,22.27955889929959,85.66015413871929,85.78036364236483,-5.048598224270507,5.867057227056648,-2.2506361397804286,101.70646866889938,-8.720520412802768,-103.34621772923362,0.0,0.0,0.0,0.0,0.0,0.0,0.0,0.0,0.0,-2.96157455560728,23.427425840755138,13.363556569409411,4.4906939994788555,96.94529929603414,13.462020790327792,-83.51578987722583,-125.57474333064305,-113.68664715099003,0.0,72.26551253215575,-16.992139177521807,-31.507216790225648,94.80085609941324,-35.64941097222394,-5.31362536957924,-13.085747203876789,111.05100933140183,0.0,-0.43598855502626976,-1.8882426815539366,-48.42093950630081,192.70426057369858,-45.16017797361359,-21.370606329864124,-1.1108564166177675,-69.67406659326326,10.014275541784825,-116.28729595306912,208.27292581142194,18.672883766097335,-217.29113247566207,-7.241286319404608,13.727524950842664,-1.1810058449158096,6.113168159397319,56.008734273876925,-14.880242883555853,32.33901097419394,-3.1083098144851102,64.57888965888631,0.0,0.0,-152.34502124525247,-26.989915846130607,34.927323904144636,57.60650466428042,-5.285402022991766,109.79220890772763,-103.71604802359722,-87.84391387110546,104.79883404179607,-28.334512324426484,-132.09338418753816,-97.52973290135182,72.92989198057673,-26.280689612350223,0.0,-56.126538249650736,21.355989798939714,34.068160939388804,0.0,32.89720428533506,0.0,0.0,0.0,0.0,0.0,0.0,0.0,0.0,0.0,0.0,0.0,0.0,0.0,0.0,0.0,0.0,0.0,0.0,0.0,0.0,0.0,0.0,0.0,0.0,0.0,-1.0152601646384865,120.74526079798498,7.743949280670699,3.918358836888132,-2.8507582377164074,-5.710492616723234,-13.150872043556243,4.715540209454485,0.0,42.61110415292668,100.74312260578283,-20.53370552989279,-7.824039713726088,4.493412875545531,18.516121673406058,-13.137071981333342,2.061934076338439,-4.745103466567001,-0.4849758920652967,16.680078477451286,-148.62874140832596,-59.26894345049444,12.761897095565132,-2.487887279342249,-160.25645703848636,16.20574125358113,-12.573517602488952,-161.64921167150828,-34.175171159415854,72.47458927160588,-100.4450549814202,161.02994199505218,6846.233519819981,-6152.362639163066
2026-07-18,0.0,0.0,0.0,0.0,0.0,0.0,0.0,0.0,0.0,0.0,0.0,0.0,0.0,0.0,0.0,0.0,0.0,0.0,0.0,0.0,0.0,0.0,0.0,0.0,0.0,0.0,0.0,0.0,0.0,0.0,0.0,0.0,0.0,0.0,0.0,0.0,0.0,0.0,0.0,0.0,0.0,0.0,0.0,0.0,0.0,0.0,0.0,0.0,0.0,0.0,0.0,0.0,0.0,0.0,0.0,0.0,0.0,0.0,0.0,0.0,0.0,0.0,0.0,0.0,0.0,0.0,0.0,0.0,0.0,0.0,0.0,0.0,0.0,0.0,0.0,0.0,0.0,0.0,0.0,0.0,0.0,0.0,0.0,0.0,0.0,0.0,0.0,0.0,0.0,0.0,0.0,0.0,0.0,0.0,0.0,0.0,0.0,0.0,0.0,0.0,0.0,0.0,0.0,0.0,0.0,0.0,0.0,0.0,0.0,0.0,0.0,0.0,0.0,0.0,0.0,0.0,0.0,0.0,0.0,0.0,0.0,0.0,0.0,0.0,0.0,0.0,0.0,0.0,0.0,0.0,0.0,0.0,0.0,0.0,0.0,0.0,0.0,0.0,0.0,0.0,0.0,0.0,0.0,0.0,0.0,0.0,0.0,0.0,0.0,0.0,0.0,0.0,0.0,0.0,0.0,0.0,0.0,0.0,0.0,0.0,0.0,0.0,0.0,0.0,0.0,0.0,0.0,0.0,0.0,0.0,0.0,0.0,0.0,0.0,0.0,0.0,0.0,0.0,0.0,0.0,0.0,0.0,0.0,0.0,0.0,0.0,0.0,0.0,0.0,0.0,0.0,0.0,0.0,0.0,0.0,0.0,0.0,0.0,0.0,0.0,0.0,0.0,0.0,0.0,0.0,0.0,0.0,0.0,0.0,0.0,0.0,0.0,0.0,0.0,0.0,0.0,0.0,0.0
2026-07-19,0.0,0.13217967286583734,178.51706546249127,-24.724591368118215,-6.233417469154112,-1.1654631851605954,-2.624532702334778,208.14096312513848,5.785859422439011,2.566403078080446,-315.9731462969267,4.678549654562201,47.25108260886924,-10.252988811816001,-8.062514549218438,-40.478792561779265,0.9360820686317748,192.35321254867293,5.137938272453146,89.62829553698167,-472.01942833821727,15.005872805306804,-7.2719418181715305,4.830778168026067,-24.502343133572957,-3.269603726280271,-2.2165473841610366,-39.407883220819755,411.0411573852076,517.6633350374602,-466.0516658211631,-31.605889968033182,496.19269049790955,-34.744312158163055,-358.6289487411116,-18.081694973673265,-8.559058397453336,5.439667329469143,-30.42170816377824,-1.7429319854107452,-3.38749544940186,96.29478357584803,-15.767822244857875,12.995097541847413,-96.32854701854946,-49.35848363030254,-8.727419451251684,-28.76433378163916,1.209330567052908,3.179386076813593,-1.0083642301939544,-4.833957505982311,-7.694318317260797,-10.272797493567982,-147.83397569866307,-160.27795725335304,0.0,-305.196704112959,265.5193978481226,31.920112440828117,19.882073985508526,-46.98698831381256,-24.42514226256643,81.15221391144733,0.0,40.524253547156,34.27271483235248,-440.79125680750684,11.840828911145334,6.210013613387942,0.0,15.73427154684381,9.796756081213477,-72.54536228893977,334.16040561638795,-4.801947144584265,-16.16900789314322,0.0,-2.0139072101276834,-88.47513647673489,4.823036344540946,-2.7488533800724544,-6.141110203206306,12.223811124355212,8.49555511164706,-1.0841930486714992,99.42160395861242,-39.43598980230876,-6.261182408989873,0.0,0.0,5.507753938032227,0.0,11.699912639382543,0.0,0.0,5.281430500418297,-5.134143552314723,74.06001023845671,-5.196163735189679,0.0,13.919487125288564,-2.99720088806728,-1.9434252992970578,4.952156307759054,0.0,0.0,15.924815320772701,-5.226898811470223,50.58102750813524,15.644969781886903,0.8220063115289667,10.324897994398285,0.0,0.0,0.30369848034786995,5.770181229857583,-152.50784495541976,0.0,-12.842947277000276,0.9486475768176752,0.3227468793936132,2.904938953984718,130.9661585739385,110.1355076792168,2.384609087848221,-5.0162655714325375,4.960956227439194,5.5623679561247705,15.407332672844817,-2.8835154523425737,-4.865208575430879,-0.04034314552559226,9.952860175527487,-56.07529826795342,3.1083098144851102,-1.7773531735847792,-24.619687199658102,0.0,83.59215791261629,0.0,-7.977361119573033,-61.03212576997752,6.167184712475486,0.0,-28.49139593228788,37.25647300434453,47.546187203456384,-26.908090558294482,0.0,101.41278441571639,-41.73015436187017,-1.4923819895441703,-35.194619686263515,7.602446659463516,-22.09696121954554,29.590863596265816,0.0,12.125951286668016,-0.3936298179786245,-40.1529691350964,0.12297760282708624,0.03578866597058368,1.0743236455346923,-0.3719040582830203,-1.3100306983435586,31.520777499887146,0.0,0.0,-90.7484703574136,0.0,0.0,-12.201214262716473,1.0848503850361157,-4.514722853554704,-3.036611426143703,-2.9178250945000035,0.3178958477740234,0.8532319114974234,-0.5180655450412888,-1.025628397301276,0.0,48.238935817324545,0.0,0.0,-126.87758493346425,-8.469382684342971,-4.073644906220114,101.00241599085858,5.308828582606307,12.801886282270367,-3.103516415806938,0.0,-4.246839429185057,-8.633538190911816,158.43676479894955,30.250017464438482,-4.9308222800441435,0.07086199679767015,9.465742865839799,-0.34562273897827256,1.5283127400438534,3.125726477585122,-22.74602932340215,61.47328929119204,3.9829847465428614,36.68535289998275,3.842488001777587,160.25645703848636,-35.9939323992897,-2.731746529638855,90.96220108823891,120.69361120234389,-15.406485099269151,100.4450549814202,19.648817144514584,5104.927206044307,-4400.1712613221325
2026-07-20,0.0,0.0,0.0,0.0,0.0,0.0,0.0,0.0,0.0,0.0,0.0,0.0,0.0,0.0,0.0,0.0,0.0,0.0,0.0,0.0,0.0,0.0,0.0,0.0,0.0,0.0,0.0,0.0,0.0,0.0,0.0,0.0,0.0,0.0,0.0,0.0,0.0,0.0,0.0,0.0,0.0,0.0,0.0,0.0,0.0,0.0,0.0,0.0,0.0,0.0,0.0,0.0,0.0,0.0,0.0,0.0,0.0,0.0,0.0,0.0,0.0,0.0,0.0,0.0,0.0,0.0,0.0,0.0,0.0,0.0,0.0,0.0,0.0,0.0,0.0,0.0,0.0,0.0,0.0,0.0,0.0,0.0,0.0,0.0,0.0,0.0,0.0,0.0,0.0,0.0,0.0,0.0,0.0,0.0,0.0,0.0,0.0,0.0,0.0,0.0,0.0,0.0,0.0,0.0,0.0,0.0,0.0,0.0,0.0,0.0,0.0,0.0,0.0,0.0,0.0,0.0,0.0,0.0,0.0,0.0,0.0,0.0,0.0,0.0,0.0,0.0,0.0,0.0,0.0,0.0,0.0,0.0,0.0,0.0,0.0,0.0,0.0,0.0,0.0,0.0,0.0,0.0,0.0,0.0,0.0,0.0,0.0,0.0,0.0,0.0,0.0,0.0,0.0,0.0,0.0,0.0,0.0,0.0,0.0,0.0,0.0,0.0,0.0,0.0,0.0,0.0,0.0,0.0,0.0,0.0,0.0,0.0,0.0,0.0,0.0,0.0,0.0,0.0,0.0,0.0,0.0,0.0,0.0,0.0,0.0,0.0,0.0,0.0,0.0,0.0,0.0,0.0,0.0,0.0,0.0,0.0,0.0,0.0,0.0,0.0,0.0,0.0,0.0,0.0,0.0,0.0,0.0,0.0,0.0,0.0,0.0,0.0,0.0,0.0,0.0,0.0,0.0,0.0
2026-07-21,0.0,0.0,0.0,0.0,0.0,0.0,0.0,0.0,0.0,0.0,0.0,0.0,0.0,0.0,0.0,0.0,0.0,0.0,0.0,0.0,0.0,0.0,0.0,0.0,0.0,0.0,0.0,0.0,0.0,0.0,0.0,0.0,0.0,0.0,0.0,0.0,0.0,0.0,0.0,0.0,0.0,0.0,0.0,0.0,0.0,0.0,0.0,0.0,0.0,0.0,0.0,0.0,0.0,0.0,0.0,0.0,0.0,0.0,0.0,0.0,0.0,0.0,0.0,0.0,0.0,0.0,0.0,0.0,0.0,0.0,0.0,0.0,0.0,0.0,0.0,0.0,0.0,0.0,0.0,0.0,0.0,0.0,0.0,0.0,0.0,0.0,0.0,0.0,0.0,0.0,0.0,0.0,0.0,0.0,0.0,0.0,0.0,0.0,0.0,0.0,0.0,0.0,0.0,0.0,0.0,0.0,0.0,0.0,0.0,0.0,0.0,0.0,0.0,0.0,0.0,0.0,0.0,0.0,0.0,0.0,0.0,0.0,0.0,0.0,0.0,0.0,0.0,0.0,0.0,0.0,0.0,0.0,0.0,0.0,0.0,0.0,0.0,0.0,0.0,0.0,0.0,0.0,0.0,0.0,0.0,0.0,0.0,0.0,0.0,0.0,0.0,0.0,0.0,0.0,0.0,0.0,0.0,0.0,0.0,0.0,0.0,0.0,0.0,0.0,0.0,0.0,0.0,0.0,0.0,0.0,0.0,0.0,0.0,0.0,0.0,0.0,0.0,0.0,0.0,0.0,0.0,0.0,0.0,0.0,0.0,0.0,0.0,0.0,0.0,0.0,0.0,0.0,0.0,0.0,0.0,0.0,0.0,0.0,0.0,0.0,0.0,0.0,0.0,0.0,0.0,0.0,0.0,0.0,0.0,0.0,0.0,0.0,0.0,0.0,0.0,0.0,0.0,0.0
2026-07-22,0.0,0.0,0.0,0.0,0.0,0.0,0.0,0.0,0.0,0.0,0.0,0.0,0.0,0.0,0.0,0.0,0.0,0.0,0.0,0.0,0.0,0.0,0.0,0.0,0.0,0.0,0.0,0.0,0.0,0.0,0.0,0.0,0.0,0.0,0.0,0.0,0.0,0.0,0.0,0.0,0.0,0.0,0.0,0.0,0.0,0.0,0.0,0.0,0.0,0.0,0.0,0.0,0.0,0.0,0.0,0.0,0.0,0.0,0.0,0.0,0.0,0.0,0.0,0.0,0.0,0.0,0.0,0.0,0.0,0.0,0.0,0.0,0.0,0.0,0.0,0.0,0.0,0.0,0.0,0.0,0.0,0.0,0.0,0.0,0.0,0.0,0.0,0.0,0.0,0.0,0.0,0.0,0.0,0.0,0.0,0.0,0.0,0.0,0.0,0.0,0.0,0.0,0.0,0.0,0.0,0.0,0.0,0.0,0.0,0.0,0.0,0.0,0.0,0.0,0.0,0.0,0.0,0.0,0.0,0.0,0.0,0.0,0.0,0.0,0.0,0.0,0.0,0.0,0.0,0.0,0.0,0.0,0.0,0.0,0.0,0.0,0.0,0.0,0.0,0.0,0.0,0.0,0.0,0.0,0.0,0.0,0.0,0.0,0.0,0.0,0.0,0.0,0.0,0.0,0.0,0.0,0.0,0.0,0.0,0.0,0.0,0.0,0.0,0.0,0.0,0.0,0.0,0.0,0.0,0.0,0.0,0.0,0.0,0.0,0.0,0.0,0.0,0.0,0.0,0.0,0.0,0.0,0.0,0.0,0.0,0.0,0.0,0.0,0.0,0.0,0.0,0.0,0.0,0.0,0.0,0.0,0.0,0.0,0.0,0.0,0.0,0.0,0.0,0.0,0.0,0.0,0.0,0.0,0.0,0.0,0.0,0.0,0.0,0.0,0.0,0.0,0.0,0.0
2026-07-23,0.0,373.4372749702918,0.0,24.350333518583213,9.26612836617179,170.73752472185188,2.0681808199821683,-207.69546692286795,-11.158993328828277,-5.551054957866727,18.339081305099537,-4.55480738837563,-357.57185558417285,11.006644800618378,38.63422691505309,-20.45204718127748,-1.5326069621970528,-195.13421216068835,-4.033067072939827,-561.1213743435309,377.6665577872443,-15.973010426508031,609.2645420660077,-7.781962010346062,18.926288783784024,577.678968251724,-2.866038661595667,27.644043325245615,-581.0117426000572,-466.075534917351,320.366328482714,24.232562511796367,-518.8371994587977,34.986365357374424,403.3870122428734,15.516753581108322,7.4141358495492895,202.21971978336114,27.84078074184916,121.78703573369135,10.129267908879134,-17.602243684624643,11.948750800951908,55.054794430631794,94.73837422700356,118.02027464661457,19.753898143312167,-19.12499027449511,-1.4097849463224412,0.0,-6.035880340936419,24.65107651550263,3.444805675992233,83.1889058594142,105.60593961265832,160.27795725335304,-70.21289543376336,293.33140636820264,134.13460936512774,-81.73710542268583,-18.37299532280813,138.4921485107952,21.990141458586905,-270.38001193331985,0.0,-49.50061652059283,-35.4103466110907,139.6909654666102,187.64767807322485,-7.649098293399089,-130.37968533112752,-154.05247718476696,-409.4774651534683,69.43213164715749,170.05764841095416,4.801947144584265,-282.08398944242174,0.0,2.0139072101276834,14.481372867029568,199.787604584726,1.6026200353210152,2.497310843067069,-141.91072628849244,-138.98812837775645,-41.458316754275366,36.3657535357911,0.0,0.0,0.0,0.0,0.0,0.0,0.0,0.0,0.0,-6.091223832375137,2.2437538679113933,38.61812984385564,125.27367933283118,0.0,-15.238754576932624,3.2806634622484125,1.7273967128268997,82.11211353071477,0.0,0.0,-26.142135443377427,-52.14473462733871,-55.18163294600492,-11.904911948735185,-4.975192949105229,-8.635536315653123,-100.66787919879589,0.0,-0.6885122748519789,-3.5496266054408188,3.065654558797978,-111.54136030081436,30.57701072130332,8.88225835476417,-6.201331693830143,78.96349709054886,76.39331443576468,59.17247975647523,-209.40449825679528,-9.572139104596252,-1.907192258991272,-7.044170742792049,152.3417900896247,3.074629660475184,3.490873316590878,96.37663011690113,107.7733657371102,-25.670895853696713,0.0,51.82467976620022,-221.2918666885772,0.0,-83.59215791261629,0.0,13.592863944350334,152.34502124525247,85.480174283136,-149.5658676901852,0.0,14.637436605499461,-143.5712450130546,-15.209988807552843,152.34502124525247,9.984689187847849,-20.72912108554185,-0.07568185414822073,-5.556456960853582,31.868196860226366,-39.663435481633556,10.185938675936356,0.0,5.48582735397201,0.0,0.0,0.0,0.0,0.0,0.0,0.0,0.0,0.0,0.0,0.0,0.0,0.0,0.0,0.0,0.0,0.0,0.0,0.0,0.0,0.0,0.0,0.0,0.0,0.0,21.68721249003618,-59.46539358123203,6.956252171123488,3.2519704902661615,-105.17367733033909,148.03467695006017,-14.131294659457025,6.442488877496013,-179.58020943578575,3.995876069559279,-88.81553697914623,-165.44155841195527,-55.011790825985884,3.423762045646785,-50.294100500875125,-8.767263253222685,15.365667450451467,-3.4101874552186637,-2.0008986768132893,14.335165377972764,101.43441474905661,85.65138352172468,45.85102665422781,-7.2293080145864375,-160.25645703848636,112.30914438822857,-20.006504841617513,-114.42331957565224,-121.81243586097202,-23.074132472998347,0.0,-178.35790006404892,7489.767911503863,-7530.207250696433
2026-07-24,0.0,0.0,0.0,0.0,0.0,0.0,0.0,0.0,0.0,0.0,0.0,0.0,0.0,0.0,0.0,0.0,0.0,0.0,0.0,0.0,0.0,0.0,0.0,0.0,0.0,0.0,0.0,0.0,0.0,0.0,0.0,0.0,0.0,0.0,0.0,0.0,0.0,0.0,0.0,0.0,0.0,0.0,0.0,0.0,0.0,0.0,0.0,0.0,0.0,0.0,0.0,0.0,0.0,0.0,0.0,0.0,0.0,0.0,0.0,0.0,0.0,0.0,0.0,0.0,0.0,0.0,0.0,0.0,0.0,0.0,0.0,0.0,0.0,0.0,0.0,0.0,0.0,0.0,0.0,0.0,0.0,0.0,0.0,0.0,0.0,0.0,0.0,0.0,0.0,0.0,0.0,0.0,0.0,0.0,0.0,0.0,0.0,0.0,0.0,0.0,0.0,0.0,0.0,0.0,0.0,0.0,0.0,0.0,0.0,0.0,0.0,0.0,0.0,0.0,0.0,0.0,0.0,0.0,0.0,0.0,0.0,0.0,0.0,0.0,0.0,0.0,0.0,0.0,0.0,0.0,0.0,0.0,0.0,0.0,0.0,0.0,0.0,0.0,0.0,0.0,0.0,0.0,0.0,0.0,0.0,0.0,0.0,0.0,0.0,0.0,0.0,0.0,0.0,0.0,0.0,0.0,0.0,0.0,0.0,0.0,0.0,0.0,0.0,0.0,0.0,0.0,0.0,0.0,0.0,0.0,0.0,0.0,0.0,0.0,0.0,0.0,0.0,0.0,0.0,0.0,0.0,0.0,0.0,0.0,0.0,0.0,0.0,0.0,0.0,0.0,0.0,0.0,0.0,0.0,0.0,0.0,0.0,0.0,0.0,0.0,0.0,0.0,0.0,0.0,0.0,0.0,0.0,0.0,0.0,0.0,0.0,0.0,0.0,0.0,0.0,0.0,0.0,0.0
2026-07-25,0.0,71.85742583634996,-212.2928644163127,82.07563202167478,-6.893361453690654,20.7158397976493,-0.7954826718639524,2.530285462397209,11.34244803489442,6.666901839524711,-14.50912147952366,6.245905787387106,-66.79570742729906,-9.872878943971417,-34.92516068814267,-334.74377042077566,341.3063802923973,-16.560340513254225,-13.118310564910702,-24.517443916503456,-375.3599902592957,20.045935195953817,7.3637111194140745,15.796027582595125,-14.870681520354468,-4.5324099727596625,4.432472673990763,22.24254238196078,492.02532091481976,11.497599229521933,245.0825075744688,-24.293429110658938,12.744175496631419,220.7739551281053,53.81025988085929,149.86186269223796,-5.341652306190983,-216.47416389302788,-22.64377667506298,-4.319768560753087,-6.001657402229248,-31.819944736423874,115.49034697931158,0.0,-94.73837422700356,1.8179489328488998,24.730130053304237,-1.1136276026149716,1.0424013462099246,-120.49489418702527,-19.28968458584501,10.137305075709374,-1.6824866735045945,-73.27167989157682,-105.69923431270473,-98.98638632302675,-136.7723676969919,-430.8531370400913,0.8979942095774459,78.17158544044001,3.2245532120136198,33.48433164162355,-14.913362224838988,362.8852564510943,-14.516106964769133,21.8056341642841,41.93481554037321,293.3728233481331,-587.8359395192158,13.366823450922734,-1.2239036141763646,27.422644344176575,-15.087898523734358,-55.80398911063443,13.69917589741829,0.0,190.77994803290542,0.0,-12.695792548365192,-8.742326611619617,-69.40601420037571,-0.6030599971301562,-1.8742112697700504,133.66198088615099,-2.793405947310879,-13.167870768267749,-3.2908365201157284,1.2158942565844337,20.70136055501843,0.0,0.0,0.0,0.0,-7.978553463117583,0.0,0.0,14.047599293148524,50.15597166272851,-126.04169665172176,-122.11825286056806,-97.89474381901182,81.08333872095048,-0.43555565594657675,-1.5386685730238387,26.62237731251621,0.0,-54.89453962283186,-5.3881210631812575,-46.22024774704082,-6.763731086879853,12.525946185468696,48.53022133232609,-1.689361678745161,-9.044083000217448,0.0,1.4118679443073052,1.9980521221458185,43.82781188251698,111.54136030081436,16.92393125907889,0.9956009337434807,9.331643033695654,-78.24051312902384,-0.7978813030105958,0.0,-2.4706633970045075,-0.4222655346741085,3.5125920208048775,8.33136594178909,24.492787293572533,-2.057020810001937,-4.513757681667892,-102.22116318666455,-4.550850508070944,9.687607662520648,0.0,4.008220406975423,11.581352580860257,0.0,34.786970677150066,0.0,104.36126220013865,-125.62619988754115,-42.32526271054287,94.41676532127278,0.0,-85.08296529894619,24.255158737089936,98.8040020596832,-13.290131778298091,-2.066615086569611,-16.698146366324554,-1.8829558220132894,-2.72497175420422,6.474074761322234,-23.663500496139516,8.0561036424193,0.0,13.264901290127629,3.7432389171078686,62.6438550459094,1.1379941109013307,2.6820430639554833,1.2211109615777531,1.3681664786416077,-0.6458784227862198,1.4766048752155767,0.0,0.0,-33.63852269850607,0.0,0.0,3.2098937529404648,-1.176408365437761,-0.05670959287117876,-4.448112640221458,149.38352696177824,5.91042543782387,5.9394298979626035,-3.427472457357828,1.9273062775057332,1.156016533797956,4.40909353016509,0.0,-13.649464958490746,39.83005383990469,-5.5945588917090205,-2.590021301617846,11.60833595102797,-11.293940776182804,17.464041523439867,-8.297918738517765,-1.7960313080681953,-1.3515577159773675,83.69748092887788,30.306593908859156,45.561947079797264,-3.72429524539804,7.5748224885089295,9.750135451308132,9.565015671360015,2.323957966883434,5.600401671776519,3.074651860625483,-0.57647608948173,8.696584524589532,-80.49744568863152,6.131704802653942,0.0,-100.63918480443112,9.93894383187854,189.85317105506527,94.53656997023351,39.85634362452163,0.0,1.6192205448560708,4916.48771188155,-4587.584926962386
2026-07-26,0.0,0.0,0.0,0.0,0.0,0.0,0.0,0.0,0.0,0.0,0.0,0.0,0.0,0.0,0.0,0.0,0.0,0.0,0.0,0.0,0.0,0.0,0.0,0.0,0.0,0.0,0.0,0.0,0.0,0.0,0.0,0.0,0.0,0.0,0.0,0.0,0.0,0.0,0.0,0.0,0.0,0.0,0.0,0.0,0.0,0.0,0.0,0.0,0.0,0.0,0.0,0.0,0.0,0.0,0.0,0.0,0.0,0.0,0.0,0.0,0.0,0.0,0.0,0.0,0.0,0.0,0.0,0.0,0.0,0.0,0.0,0.0,0.0,0.0,0.0,0.0,0.0,0.0,0.0,0.0,0.0,0.0,0.0,0.0,0.0,0.0,0.0,0.0,0.0,0.0,0.0,0.0,0.0,0.0,0.0,0.0,0.0,0.0,0.0,0.0,0.0,0.0,0.0,0.0,0.0,0.0,0.0,0.0,0.0,0.0,0.0,0.0,0.0,0.0,0.0,0.0,0.0,0.0,0.0,0.0,0.0,0.0,0.0,0.0,0.0,0.0,0.0,0.0,0.0,0.0,0.0,0.0,0.0,0.0,0.0,0.0,0.0,0.0,0.0,0.0,0.0,0.0,0.0,0.0,0.0,0.0,0.0,0.0,0.0,0.0,0.0,0.0,0.0,0.0,0.0,0.0,0.0,0.0,0.0,0.0,0.0,0.0,0.0,0.0,0.0,0.0,0.0,0.0,0.0,0.0,0.0,0.0,0.0,0.0,0.0,0.0,0.0,0.0,0.0,0.0,0.0,0.0,0.0,0.0,0.0,0.0,0.0,0.0,0.0,0.0,0.0,0.0,0.0,0.0,0.0,0.0,0.0,0.0,0.0,0.0,0.0,0.0,0.0,0.0,0.0,0.0,0.0,0.0,0.0,0.0,0.0,0.0,0.0,0.0,0.0,0.0,0.0,0.0
2026-07-27,0.0,0.0,0.0,0.0,0.0,0.0,0.0,0.0,0.0,0.0,0.0,0.0,0.0,0.0,0.0,0.0,0.0,0.0,0.0,0.0,0.0,0.0,0.0,0.0,0.0,0.0,0.0,0.0,0.0,0.0,0.0,0.0,0.0,0.0,0.0,0.0,0.0,0.0,0.0,0.0,0.0,0.0,0.0,0.0,0.0,0.0,0.0,0.0,0.0,0.0,0.0,0.0,0.0,0.0,0.0,0.0,0.0,0.0,0.0,0.0,0.0,0.0,0.0,0.0,0.0,0.0,0.0,0.0,0.0,0.0,0.0,0.0,0.0,0.0,0.0,0.0,0.0,0.0,0.0,0.0,0.0,0.0,0.0,0.0,0.0,0.0,0.0,0.0,0.0,0.0,0.0,0.0,0.0,0.0,0.0,0.0,0.0,0.0,0.0,0.0,0.0,0.0,0.0,0.0,0.0,0.0,0.0,0.0,0.0,0.0,0.0,0.0,0.0,0.0,0.0,0.0,0.0,0.0,0.0,0.0,0.0,0.0,0.0,0.0,0.0,0.0,0.0,0.0,0.0,0.0,0.0,0.0,0.0,0.0,0.0,0.0,0.0,0.0,0.0,0.0,0.0,0.0,0.0,0.0,0.0,0.0,0.0,0.0,0.0,0.0,0.0,0.0,0.0,0.0,0.0,0.0,0.0,0.0,0.0,0.0,0.0,0.0,0.0,0.0,0.0,0.0,0.0,0.0,0.0,0.0,0.0,0.0,0.0,0.0,0.0,0.0,0.0,0.0,0.0,0.0,0.0,0.0,0.0,0.0,0.0,0.0,0.0,0.0,0.0,0.0,0.0,0.0,0.0,0.0,0.0,0.0,0.0,0.0,0.0,0.0,0.0,0.0,0.0,0.0,0.0,0.0,0.0,0.0,0.0,0.0,0.0,0.0,0.0,0.0,0.0,0.0,0.0,0.0
2026-07-28,0.0,0.0,0.0,0.0,0.0,0.0,0.0,0.0,0.0,0.0,0.0,0.0,0.0,0.0,0.0,0.0,0.0,0.0,0.0,0.0,0.0,0.0,0.0,0.0,0.0,0.0,0.0,0.0,0.0,0.0,0.0,0.0,0.0,0.0,0.0,0.0,0.0,0.0,0.0,0.0,0.0,0.0,0.0,0.0,0.0,0.0,0.0,0.0,0.0,0.0,0.0,0.0,0.0,0.0,0.0,0.0,0.0,0.0,0.0,0.0,0.0,0.0,0.0,0.0,0.0,0.0,0.0,0.0,0.0,0.0,0.0,0.0,0.0,0.0,0.0,0.0,0.0,0.0,0.0,0.0,0.0,0.0,0.0,0.0,0.0,0.0,0.0,0.0,0.0,0.0,0.0,0.0,0.0,0.0,0.0,0.0,0.0,0.0,0.0,0.0,0.0,0.0,0.0,0.0,0.0,0.0,0.0,0.0,0.0,0.0,0.0,0.0,0.0,0.0,0.0,0.0,0.0,0.0,0.0,0.0,0.0,0.0,0.0,0.0,0.0,0.0,0.0,0.0,0.0,0.0,0.0,0.0,0.0,0.0,0.0,0.0,0.0,0.0,0.0,0.0,0.0,0.0,0.0,0.0,0.0,0.0,0.0,0.0,0.0,0.0,0.0,0.0,0.0,0.0,0.0,0.0,0.0,0.0,0.0,0.0,0.0,0.0,0.0,0.0,0.0,0.0,0.0,0.0,0.0,0.0,0.0,0.0,0.0,0.0,0.0,0.0,0.0,0.0,0.0,0.0,0.0,0.0,0.0,0.0,0.0,0.0,0.0,0.0,0.0,0.0,0.0,0.0,0.0,0.0,0.0,0.0,0.0,0.0,0.0,0.0,0.0,0.0,0.0,0.0,0.0,0.0,0.0,0.0,0.0,0.0,0.0,0.0,0.0,0.0,0.0,0.0,0.0,0.0
2026-07-29,0.0,-463.0543377923466,3.3396052214096126,55.28216557846975,72.46766277889459,-205.64086167039642,2.4216399912015185,-2.6628445334928403,-13.81639175912444,-1.9129457352574972,17.703163301703754,0.5681227601860009,316.59948025900155,8.796950760299776,34.92516068814267,395.67461016383237,-284.45475195971875,13.795218183382065,14.196882892204274,489.78270421051866,-87.78420670516888,-20.105635179879844,-596.171984177884,-11.207877922646993,20.972700575947997,-575.709319678302,603.425925874453,504.5091019731284,-403.03271604958223,-11.451592555057374,-50.47273825785727,28.50763744865265,13.46912210093718,-242.75112290571934,-280.3301505318832,6.006134585885157,205.52711511478148,77.21820577721066,24.25058152790592,-45.32804191050717,-65.26736108368274,-92.63432004040105,-2.8498539962329668,0.0,96.29457599959098,-4.811657852204255,30.675422292916103,3.7788693078919313,-0.08288029786990955,88.92807385083754,-90.79803091735567,78.49382377555122,3.8057798191504992,83.68280240972952,41.485772987660795,-36.48990699543488,22.076262888284692,442.7184347848477,-75.57121161609574,3.565519982245809,-1.5386884025382752,14.873986311429793,16.374240641459416,-365.5726019988621,14.516106964769133,-31.676682470952162,-42.19671628900175,-241.55936824802833,453.19309118803056,-11.500378029531218,0.6008584250323911,-94.85492105998686,410.63478451089674,62.2286282952897,-14.63141995881917,-30.27319450289919,-48.27413694506669,0.0,12.695792548365192,10.520015218103799,69.40601420037571,4.652192315052264,24.727133338156214,9.033138719750626,49.19446192630284,66.81800859244132,3.2908365201157284,0.0,0.0,0.0,0.0,0.0,0.0,0.0,0.0,0.0,-14.752790416656673,-52.76452569902987,0.0,1.1880552603465913,12.050556358683913,0.0,1.6606451649243537,125.94893561321682,-2.5611292926938916,0.0,-17.480641631443227,12.407214651054936,61.42791227261894,-69.40226851444217,-11.915855588053295,-0.34740472978772596,2.5391619536406362,109.71196219901333,-0.5171410953411542,-2.4859229516577908,-2.4321303195117507,100.6357804738108,-196.49303729677825,-23.82835977565299,-2.2710499206833195,73.86410166438839,-1.371972911476769,-217.28208078516818,0.0,176.0961994679282,68.9570239145295,-4.338302193281707,131.64875457549965,-206.3956312887518,-2.856195357547258,35.55177251941856,5.149872110398181,5.288552191347801,-8.250908581037613,-5.2491999577108075,-134.44832679534477,12.073314147388796,0.0,48.547818440949314,0.0,-92.54774529871268,-23.170019267006662,23.58962237945468,-68.97669187290998,0.0,75.09259887802298,-33.02893496928779,-98.8040020596832,-139.05488946695436,-109.33085851699464,-24.13373507454549,2.7245716157964925,-43.27607138539599,-34.828000052837425,17.199601567389603,-5.8502301591642025,0.0,-44.36712860110142,0.0,0.0,0.0,0.0,0.0,0.0,0.0,0.0,0.0,0.0,0.0,0.0,0.0,0.0,0.0,0.0,0.0,0.0,0.0,0.0,0.0,0.0,0.0,0.0,0.0,125.59652718517641,144.74827060669796,3.7623318415530957,2.928658354314015,-4.406789727527663,-166.02837638570293,-16.76351029282954,5.850930118577511,181.37624074385394,-0.7336039674599306,-82.50815532775927,-19.45038449536424,17.362812735214,4.849788216714864,23.011103337863243,-9.608985115617717,-9.392987719509852,-0.8615431940096314,-2.66610561584853,-8.891260610285826,-157.5408690914438,-46.46493269748648,-29.851489283285105,-88.44034322458964,0.0,87.92911012762626,-8.29933984852623,-188.6383841040773,9.198641389055906,-51.44719320245803,-48.1823918487439,-0.9716897077877947,6737.672961658899,-7182.4323673167455
2026-07-30,0.0,0.0,0.0,0.0,0.0,0.0,0.0,0.0,0.0,0.0,0.0,0.0,0.0,0.0,0.0,0.0,0.0,0.0,0.0,0.0,0.0,0.0,0.0,0.0,0.0,0.0,0.0,0.0,0.0,0.0,0.0,0.0,0.0,0.0,0.0,0.0,0.0,0.0,0.0,0.0,0.0,0.0,0.0,0.0,0.0,0.0,0.0,0.0,0.0,0.0,0.0,0.0,0.0,0.0,0.0,0.0,0.0,0.0,0.0,0.0,0.0,0.0,0.0,0.0,0.0,0.0,0.0,0.0,0.0,0.0,0.0,0.0,0.0,0.0,0.0,0.0,0.0,0.0,0.0,0.0,0.0,0.0,0.0,0.0,0.0,0.0,0.0,0.0,0.0,0.0,0.0,0.0,0.0,0.0,0.0,0.0,0.0,0.0,0.0,0.0,0.0,0.0,0.0,0.0,0.0,0.0,0.0,0.0,0.0,0.0,0.0,0.0,0.0,0.0,0.0,0.0,0.0,0.0,0.0,0.0,0.0,0.0,0.0,0.0,0.0,0.0,0.0,0.0,0.0,0.0,0.0,0.0,0.0,0.0,0.0,0.0,0.0,0.0,0.0,0.0,0.0,0.0,0.0,0.0,0.0,0.0,0.0,0.0,0.0,0.0,0.0,0.0,0.0,0.0,0.0,0.0,0.0,0.0,0.0,0.0,0.0,0.0,0.0,0.0,0.0,0.0,0.0,0.0,0.0,0.0,0.0,0.0,0.0,0.0,0.0,0.0,0.0,0.0,0.0,0.0,0.0,0.0,0.0,0.0,0.0,0.0,0.0,0.0,0.0,0.0,0.0,0.0,0.0,0.0,0.0,0.0,0.0,0.0,0.0,0.0,0.0,0.0,0.0,0.0,0.0,0.0,0.0,0.0,0.0,0.0,0.0,0.0,0.0,0.0,0.0,0.0,0.0,0.0
2026-07-31,0.0,17.526929913351836,0.8881599155279691,-6.085185685150616,-16.398728009111103,-6.786218604615598,-4.2891862603793856,-5.890224914175808,12.239346740124864,0.8314480413693527,-21.546412404099655,-2.965289145403629,-325.26699287539327,-9.903532015172678,-59.783533384532085,0.0,395.1022430353464,-11.498446865619277,-3.490483138198673,-27.20823478608206,-34.122975538757046,17.05960273645609,-6.208634117227048,4.236983933674346,-26.64535191073199,2.392521265889518,-374.50233067377786,-325.96627748873203,485.8734742129893,5.118535809969996,50.47273825785727,-33.85369552709523,275.43448747354677,-22.4072551344118,280.3301505318832,-166.34462139099315,-6.069786863866088,142.90419463957184,-29.38446484310087,-20.29828203243189,13.345370375650877,142.05650846144957,0.575883145842934,0.0,-96.29457599959098,-7.72468333878339,0.0,5.661571667629484,-9.71290099094258,20.267217250253015,117.4503181058249,29.862647552877984,-5.306697149551983,-91.66187909813546,87.36041011519441,96.59897719755435,-8.594924031742703,0.0,75.57121161609574,-6.462103341718205,-0.16276573067816208,-91.55415747156539,-23.424731802608235,365.5726019988621,-431.30931497355715,21.0989982663393,33.88452857587277,-32.583178690046594,61.77924260773929,5.880599740546197,-1.2859450868881104,-5.660872583032935,-49.401464327808704,-38.094156430085654,5.911497442250606,11.150389503037442,-146.1066860407839,-6.877452909261687,0.0,-13.856453626732634,0.0,-6.23482772748408,30.651510833083186,-125.58774539987591,-4.849384813056429,-64.17922353170582,-142.39297888929767,-29.99251658076764,2.6803244621512423,0.0,0.0,-20.166897837940517,-1.6251139042763099,0.918733606737238,0.0,0.0,19.4359879568677,42.02380554401846,0.0,-3.117525124185515,85.84418746032792,0.0,-1.518743216392366,1.1741000753797126,-100.83440694658273,0.0,17.72554048646093,-17.85436392571579,59.5816188601224,-37.367576492048016,14.929719208859314,4.87637431139074,-2.412048079636006,0.0,0.5171410953411542,1.8375048061628914,1.8670877669924084,-135.70037347038343,1.1107854012995086,-17.09874001377032,1.0543944236784593,-48.74605123305101,1.08762081773908,-6.833904317363602,0.0,-15.942979979845578,5.5163063555039695,1.3365624370957958,-33.925218907681035,-6.972163827003213,-0.4354003827936831,112.43032392523985,-55.27373016898609,-110.30469624015389,8.399693259595821,5.2491999577108075,5.83331289395917,-3.0595180046356982,0.0,-80.41517247805089,0.0,-8.072382782847825,32.8721107761625,79.43330258072918,-28.219227003430046,0.0,-79.67440175573917,0.0,0.0,0.0,27.240104219995004,25.682626777887084,-2.2209434521694496,-23.581362860635082,1.0115925084655173,-5.683543702693991,0.25020591133279957,0.0,-2.0641761113177783,39.99545921330918,-9.217659169391439,-0.523578931750264,-0.5627300641850016,-1.1553164138952126,-0.33734082736332494,-1.8883004385255917,0.037846774181030926,0.0,0.0,-10.360056192051255,0.0,0.0,-19.989815661886315,2.2332953364533608,0.7698929640930438,-37.359015573989176,0.0,-2.8484657031896643,-0.9913419992738637,-1.1131560273074719,-1.4492351122430118,-0.5110141691361205,-0.9860941383854807,0.0,-67.91903043567433,-114.24575480464294,-3.9018751628827304,-2.7096327199038353,4.028308901050667,5.8558414649957555,15.998890834169812,12.200339589851806,0.0,-16.421048819312272,-5.769688420691819,17.457685914067145,-33.017620545634784,-4.149728590439597,42.24490337609584,9.765295904545754,2.6499029994539742,0.5362278808634728,7.808039253588882,-3.155657680179604,-12.564434900691705,-11.305822738355054,4.468627203545562,90.42440667234462,0.0,25.951886342343702,18.877997373278077,95.8113829880511,16.20133094185422,51.36413743778439,48.1823918487439,33.77158492367901,3923.6462449892133,-4199.801841635074
2026-08-01,0.0,0.0,0.0,0.0,0.0,0.0,0.0,0.0,0.0,0.0,0.0,0.0,0.0,0.0,0.0,0.0,0.0,0.0,0.0,0.0,0.0,0.0,0.0,0.0,0.0,0.0,0.0,0.0,0.0,0.0,0.0,0.0,0.0,0.0,0.0,0.0,0.0,0.0,0.0,0.0,0.0,0.0,0.0,0.0,0.0,0.0,0.0,0.0,0.0,0.0,0.0,0.0,0.0,0.0,0.0,0.0,0.0,0.0,0.0,0.0,0.0,0.0,0.0,0.0,0.0,0.0,0.0,0.0,0.0,0.0,0.0,0.0,0.0,0.0,0.0,0.0,0.0,0.0,0.0,0.0,0.0,0.0,0.0,0.0,0.0,0.0,0.0,0.0,0.0,0.0,0.0,0.0,0.0,0.0,0.0,0.0,0.0,0.0,0.0,0.0,0.0,0.0,0.0,0.0,0.0,0.0,0.0,0.0,0.0,0.0,0.0,0.0,0.0,0.0,0.0,0.0,0.0,0.0,0.0,0.0,0.0,0.0,0.0,0.0,0.0,0.0,0.0,0.0,0.0,0.0,0.0,0.0,0.0,0.0,0.0,0.0,0.0,0.0,0.0,0.0,0.0,0.0,0.0,0.0,0.0,0.0,0.0,0.0,0.0,0.0,0.0,0.0,0.0,0.0,0.0,0.0,0.0,0.0,0.0,0.0,0.0,0.0,0.0,0.0,0.0,0.0,0.0,0.0,0.0,0.0,0.0,0.0,0.0,0.0,0.0,0.0,0.0,0.0,0.0,0.0,0.0,0.0,0.0,0.0,0.0,0.0,0.0,0.0,0.0,0.0,0.0,0.0,0.0,0.0,0.0,0.0,0.0,0.0,0.0,0.0,0.0,0.0,0.0,0.0,0.0,0.0,0.0,0.0,0.0,0.0,0.0,0.0,0.0,0.0,0.0,0.0,0.0,0.0
2026-08-02,0.0,0.0,0.0,0.0,0.0,0.0,0.0,0.0,0.0,0.0,0.0,0.0,0.0,0.0,0.0,0.0,0.0,0.0,0.0,0.0,0.0,0.0,0.0,0.0,0.0,0.0,0.0,0.0,0.0,0.0,0.0,0.0,0.0,0.0,0.0,0.0,0.0,0.0,0.0,0.0,0.0,0.0,0.0,0.0,0.0,0.0,0.0,0.0,0.0,0.0,0.0,0.0,0.0,0.0,0.0,0.0,0.0,0.0,0.0,0.0,0.0,0.0,0.0,0.0,0.0,0.0,0.0,0.0,0.0,0.0,0.0,0.0,0.0,0.0,0.0,0.0,0.0,0.0,0.0,0.0,0.0,0.0,0.0,0.0,0.0,0.0,0.0,0.0,0.0,0.0,0.0,0.0,0.0,0.0,0.0,0.0,0.0,0.0,0.0,0.0,0.0,0.0,0.0,0.0,0.0,0.0,0.0,0.0,0.0,0.0,0.0,0.0,0.0,0.0,0.0,0.0,0.0,0.0,0.0,0.0,0.0,0.0,0.0,0.0,0.0,0.0,0.0,0.0,0.0,0.0,0.0,0.0,0.0,0.0,0.0,0.0,0.0,0.0,0.0,0.0,0.0,0.0,0.0,0.0,0.0,0.0,0.0,0.0,0.0,0.0,0.0,0.0,0.0,0.0,0.0,0.0,0.0,0.0,0.0,0.0,0.0,0.0,0.0,0.0,0.0,0.0,0.0,0.0,0.0,0.0,0.0,0.0,0.0,0.0,0.0,0.0,0.0,0.0,0.0,0.0,0.0,0.0,0.0,0.0,0.0,0.0,0.0,0.0,0.0,0.0,0.0,0.0,0.0,0.0,0.0,0.0,0.0,0.0,0.0,0.0,0.0,0.0,0.0,0.0,0.0,0.0,0.0,0.0,0.0,0.0,0.0,0.0,0.0,0.0,0.0,0.0,0.0,0.0
2026-08-03,0.0,0.0,0.0,0.0,0.0,0.0,0.0,0.0,0.0,0.0,0.0,0.0,0.0,0.0,0.0,0.0,0.0,0.0,0.0,0.0,0.0,0.0,0.0,0.0,0.0,0.0,0.0,0.0,0.0,0.0,0.0,0.0,0.0,0.0,0.0,0.0,0.0,0.0,0.0,0.0,0.0,0.0,0.0,0.0,0.0,0.0,0.0,0.0,0.0,0.0,0.0,0.0,0.0,0.0,0.0,0.0,0.0,0.0,0.0,0.0,0.0,0.0,0.0,0.0,0.0,0.0,0.0,0.0,0.0,0.0,0.0,0.0,0.0,0.0,0.0,0.0,0.0,0.0,0.0,0.0,0.0,0.0,0.0,0.0,0.0,0.0,0.0,0.0,0.0,0.0,0.0,0.0,0.0,0.0,0.0,0.0,0.0,0.0,0.0,0.0,0.0,0.0,0.0,0.0,0.0,0.0,0.0,0.0,0.0,0.0,0.0,0.0,0.0,0.0,0.0,0.0,0.0,0.0,0.0,0.0,0.0,0.0,0.0,0.0,0.0,0.0,0.0,0.0,0.0,0.0,0.0,0.0,0.0,0.0,0.0,0.0,0.0,0.0,0.0,0.0,0.0,0.0,0.0,0.0,0.0,0.0,0.0,0.0,0.0,0.0,0.0,0.0,0.0,0.0,0.0,0.0,0.0,0.0,0.0,0.0,0.0,0.0,0.0,0.0,0.0,0.0,0.0,0.0,0.0,0.0,0.0,0.0,0.0,0.0,0.0,0.0,0.0,0.0,0.0,0.0,0.0,0.0,0.0,0.0,0.0,0.0,0.0,0.0,0.0,0.0,0.0,0.0,0.0,0.0,0.0,0.0,0.0,0.0,0.0,0.0,0.0,0.0,0.0,0.0,0.0,0.0,0.0,0.0,0.0,0.0,0.0,0.0,0.0,0.0,0.0,0.0,0.0,0.0
2026-08-04,0.0,445.5274078789948,1.3983971400899755,10.059383187594358,51.13530591252941,5.743650609700737,1.6023215722673632,6.418364479367941,-7.414874871551175,-6.6502341445557835,17.80790225021186,-7.181245600334049,-7.8583707764564315,10.74272885581036,-15.907881732985553,-447.7968273534462,-450.29592010483145,437.22108661023117,-15.407363096264017,-450.4559660012975,80.93446585504635,-18.88467818642524,169.2926987786733,-3.8951221319800244,21.43364700323704,402.1013749548219,-216.45152518532646,-240.9352366489392,-78.38087067082886,507.31330803473844,-50.32931288523134,27.83734613885451,-260.0992162507818,465.6245809714921,-299.507488554132,18.43577351588433,-106.78877849374825,-3.5483165562023062,43.95557177438852,-47.54910720310305,104.28543943886203,-40.2080963121402,-88.64408319579393,0.0,97.59579330524707,9.572755510927207,0.0,63.24331925974481,-115.34415450782696,-36.8998512074895,11.383007450057253,0.0,5.704325329968706,219.40235036174522,-60.86743200539946,-11.54112141198464,7.344158756412595,-7.094539674508036,-77.30734781736776,6.462103341718205,-5.67637672369933,-108.38294019778442,26.403859596012044,-343.95680882579825,431.30931497355715,-6.081851989502902,-25.164719685363934,-60.239820855038126,-93.1328335848857,-3.8245559162151768,-0.8421954051051871,5.58561782477866,-468.1003055745412,57.351749373922594,-1.3194205639438006,-51.77293527555349,560.7976715978025,6.877452909261687,0.0,7.17615498710479,0.0,5.579008972680371,114.49445404443412,79.08779981774485,5.734828544768709,5.082502289025273,121.6964177087778,0.0,0.0,0.0,0.0,0.0,0.0,0.0,0.0,0.0,-18.18286207419043,-14.599178640857675,123.93344191433623,2.74007314183368,-112.6429130778072,-110.66912309121469,-3.410905404894176,-126.04921081234548,-9.442642147415972,0.0,-17.95288871512651,19.80026140281174,-129.33574171437215,159.4876464700803,-10.223930504883755,11.30619026115592,152.21790737124783,-100.29329596008914,0.0,-1.8243196271880298,-1.9439690732769233,185.83470017951117,195.38225189547876,1.7307448325633012,-0.8637324911442847,88.61081267031493,0.07703492917644326,32.12354810062362,0.0,-154.82903337569832,-79.00427713426828,4.203163380453684,-110.94234659647601,7.798946016718081,5.882963346111472,-142.53525878622412,49.31540154945181,-8.159231355760655,-65.88153017034898,-9.363857461929351,-6.436155345714739,0.6038395506947709,0.0,1.571817466439912,0.0,-22.424323105658143,115.92410837838531,-105.79427007126829,50.18086968757623,0.0,84.96795112474655,0.0,0.0,0.0,-27.240104219995004,24.86053881031346,1.9751831043034764,1.6048196504424996,-47.10724710900277,78.72429810265085,-3.967274730091507,0.0,-12.569515243964677,0.0,0.0,0.0,0.0,0.0,0.0,0.0,0.0,0.0,0.0,0.0,0.0,0.0,0.0,0.0,0.0,0.0,0.0,0.0,0.0,0.0,0.0,0.0,0.0,0.0,85.24239740164948,114.58063876431524,3.9357137865168044,3.099970506007929,-6.500451170462984,-4.969431032054301,-16.320106988539308,1.092620381561239,-152.39714868617142,-23.37803293870276,114.68180016844164,-13.510360868195624,16.63827237925297,2.733521280725981,-63.63452740418362,-6.7806266587601565,-13.042508372845317,-1.6251716144846287,-6.082968353425589,34.21194938173797,179.96409649082338,60.76005957710513,105.88030776837105,-14.006813398783851,0.0,-38.596984559551785,5.754350912924507,-98.31774825193537,-50.40160559590663,-56.54937169247044,-169.6060290638433,144.55965786387927,6950.749270919222,-6531.148751869888
2026-08-05,0.0,0.0,0.0,0.0,0.0,0.0,0.0,0.0,0.0,0.0,0.0,0.0,0.0,0.0,0.0,0.0,0.0,0.0,0.0,0.0,0.0,0.0,0.0,0.0,0.0,0.0,0.0,0.0,0.0,0.0,0.0,0.0,0.0,0.0,0.0,0.0,0.0,0.0,0.0,0.0,0.0,0.0,0.0,0.0,0.0,0.0,0.0,0.0,0.0,0.0,0.0,0.0,0.0,0.0,0.0,0.0,0.0,0.0,0.0,0.0,0.0,0.0,0.0,0.0,0.0,0.0,0.0,0.0,0.0,0.0,0.0,0.0,0.0,0.0,0.0,0.0,0.0,0.0,0.0,0.0,0.0,0.0,0.0,0.0,0.0,0.0,0.0,0.0,0.0,0.0,0.0,0.0,0.0,0.0,0.0,0.0,0.0,0.0,0.0,0.0,0.0,0.0,0.0,0.0,0.0,0.0,0.0,0.0,0.0,0.0,0.0,0.0,0.0,0.0,0.0,0.0,0.0,0.0,0.0,0.0,0.0,0.0,0.0,0.0,0.0,0.0,0.0,0.0,0.0,0.0,0.0,0.0,0.0,0.0,0.0,0.0,0.0,0.0,0.0,0.0,0.0,0.0,0.0,0.0,0.0,0.0,0.0,0.0,0.0,0.0,0.0,0.0,0.0,0.0,0.0,0.0,0.0,0.0,0.0,0.0,0.0,0.0,0.0,0.0,0.0,0.0,0.0,0.0,0.0,0.0,0.0,0.0,0.0,0.0,0.0,0.0,0.0,0.0,0.0,0.0,0.0,0.0,0.0,0.0,0.0,0.0,0.0,0.0,0.0,0.0,0.0,0.0,0.0,0.0,0.0,0.0,0.0,0.0,0.0,0.0,0.0,0.0,0.0,0.0,0.0,0.0,0.0,0.0,0.0,0.0,0.0,0.0,0.0,0.0,0.0,0.0,0.0,0.0
2026-08-06,0.0,-441.8654117887029,0.7061150337359577,-24.708755998560637,-6.890366927693307,-2.7049122358890307,0.8803045663661032,3.7609143011055712,8.45091721273173,9.323623173745087,-12.536336950930941,10.7985126719572,22.843683389708982,-8.033911469495564,-33.81743300995653,2.749912492986594,4.769035691913916,-153.09191683484661,9.331142562079767,-36.160931813266714,-102.00471112928487,28.637754041458596,436.816600933172,7.411192510657595,-15.186804557396915,-9.747279399472522,431.3374844533277,-0.4698891420299187,-501.9516343806165,8.221193562322297,-529.6968003317305,-18.599175014968612,179.75642434108846,0.0,247.0984757327655,-12.513422892215981,-100.74721349006778,-9.41094644160106,-7.22526995153146,-0.7091830963277317,-1.3065891426082525,0.06748921081931622,-29.662765237496103,0.0,-97.59579330524707,32.81918367750253,0.0,15.084663384924482,-25.738758965579795,-88.02664708097318,-33.76322407753245,-1.0087997828479565,-4.254606100904843,-94.96066914147643,67.151839204341,-155.77765348215723,-5.2984407708753425,-118.01285427939997,77.30734781736776,-5.5689592615086,8.259221814931777,174.4827767113895,-21.025639453336538,343.95680882579825,-260.36664471456527,30.64716877212352,27.30152435533132,-73.88080311431922,-12.490701684695086,13.310745686598821,2.2441674394192233,2.7031195541140622,222.3112474844528,-57.376592918963524,10.424584828280262,-83.42424763713126,-78.1524497447171,-97.36345734601072,-9.198405077225878,-1.6850250252218393,0.0,-4.295849988706934,8.649358736692404,-76.57503546644519,-5.45277918794984,80.31701162456729,20.696561180519872,68.21261212649196,2.365814834756107,0.0,0.0,17.05565794789404,1.6251139042763099,0.024423077355852002,-16.297591267113546,0.0,15.925835124649893,11.501310771321908,-29.97571652339067,59.37833656715974,15.265400500262666,16.47079463700035,-2.169775197194584,5.111051022653323,6.810862119613462,0.0,1.0849020500258921,-14.652380852557952,-22.712183457583162,-10.16837329041626,18.311564779428505,25.00862761912847,0.0,-12.779353787021785,0.0,2.9771526409684883,-12.081621156478999,-17.056504206419106,0.0,4.669642684405029,2.0492464511478756,-80.49842254083707,2.440093331838405,86.55639729758556,-144.20980907571064,0.5117114230752632,-2.729604153827211,0.35510095203871606,5.277619869674353,-19.31694502649046,-69.3068919337507,-5.306770562755177,70.6377962932301,8.596768181181542,19.12404936204567,9.363857461929351,6.979091873628466,58.64939002042622,0.0,58.21706204583394,0.0,-18.13065495682965,-117.32023084010989,50.45787494829902,-45.03916086977013,0.0,40.64682131317729,56.26039010434809,0.0,0.0,0.0,18.313740097361514,1.2181864128954476,108.72866299690989,-20.978650696464726,0.0,-5.330733235689172,0.0,10.597828722288295,-54.56409246060161,-1.2758671923619695,0.7088031922382652,0.5948863621288037,1.0484895558124698,1.021674707022001,0.6428102324354114,0.08695872042640986,0.0,0.0,-5.687281717607432,0.0,0.0,13.10280317934898,-2.059340061979601,3.0983086146724528,-2.189328032525693,-155.78636608992832,-3.8212008086669087,2.1791334842495997,-0.3470987746028113,27.922367814875557,0.6174077305672981,1.512455195788105,83.16664619134643,-41.484969736937536,1.4297701084213332,-5.5562070266686785,-3.1311583987220657,100.44427337625109,3.7244629277905625,14.332743993684417,5.871036021493274,24.676152776034286,-1.0119513987214013,77.37978629109912,11.480556616686721,-24.56312105573702,-3.2759624138440415,34.791127174676284,10.024492628151172,-7.057291940065057,2.2965193116502487,6.836295069859043,-24.47543397017877,-22.842398256816406,16.756805137303047,-58.16771896981976,-57.09715378155239,0.0,-24.107377326456014,0.07704569295674446,32.918996781876515,-25.508999417469415,111.67240790574171,2.7381443059763697,-167.2730080347822,4030.5622596471694,-4827.680399340937
2026-08-07,0.0,0.0,0.0,0.0,0.0,0.0,0.0,0.0,0.0,0.0,0.0,0.0,0.0,0.0,0.0,0.0,0.0,0.0,0.0,0.0,0.0,0.0,0.0,0.0,0.0,0.0,0.0,0.0,0.0,0.0,0.0,0.0,0.0,0.0,0.0,0.0,0.0,0.0,0.0,0.0,0.0,0.0,0.0,0.0,0.0,0.0,0.0,0.0,0.0,0.0,0.0,0.0,0.0,0.0,0.0,0.0,0.0,0.0,0.0,0.0,0.0,0.0,0.0,0.0,0.0,0.0,0.0,0.0,0.0,0.0,0.0,0.0,0.0,0.0,0.0,0.0,0.0,0.0,0.0,0.0,0.0,0.0,0.0,0.0,0.0,0.0,0.0,0.0,0.0,0.0,0.0,0.0,0.0,0.0,0.0,0.0,0.0,0.0,0.0,0.0,0.0,0.0,0.0,0.0,0.0,0.0,0.0,0.0,0.0,0.0,0.0,0.0,0.0,0.0,0.0,0.0,0.0,0.0,0.0,0.0,0.0,0.0,0.0,0.0,0.0,0.0,0.0,0.0,0.0,0.0,0.0,0.0,0.0,0.0,0.0,0.0,0.0,0.0,0.0,0.0,0.0,0.0,0.0,0.0,0.0,0.0,0.0,0.0,0.0,0.0,0.0,0.0,0.0,0.0,0.0,0.0,0.0,0.0,0.0,0.0,0.0,0.0,0.0,0.0,0.0,0.0,0.0,0.0,0.0,0.0,0.0,0.0,0.0,0.0,0.0,0.0,0.0,0.0,0.0,0.0,0.0,0.0,0.0,0.0,0.0,0.0,0.0,0.0,0.0,0.0,0.0,0.0,0.0,0.0,0.0,0.0,0.0,0.0,0.0,0.0,0.0,0.0,0.0,0.0,0.0,0.0,0.0,0.0,0.0,0.0,0.0,0.0,0.0,0.0,0.0,0.0,0.0,0.0
2026-08-08,0.0,0.0,0.0,0.0,0.0,0.0,0.0,0.0,0.0,0.0,0.0,0.0,0.0,0.0,0.0,0.0,0.0,0.0,0.0,0.0,0.0,0.0,0.0,0.0,0.0,0.0,0.0,0.0,0.0,0.0,0.0,0.0,0.0,0.0,0.0,0.0,0.0,0.0,0.0,0.0,0.0,0.0,0.0,0.0,0.0,0.0,0.0,0.0,0.0,0.0,0.0,0.0,0.0,0.0,0.0,0.0,0.0,0.0,0.0,0.0,0.0,0.0,0.0,0.0,0.0,0.0,0.0,0.0,0.0,0.0,0.0,0.0,0.0,0.0,0.0,0.0,0.0,0.0,0.0,0.0,0.0,0.0,0.0,0.0,0.0,0.0,0.0,0.0,0.0,0.0,0.0,0.0,0.0,0.0,0.0,0.0,0.0,0.0,0.0,0.0,0.0,0.0,0.0,0.0,0.0,0.0,0.0,0.0,0.0,0.0,0.0,0.0,0.0,0.0,0.0,0.0,0.0,0.0,0.0,0.0,0.0,0.0,0.0,0.0,0.0,0.0,0.0,0.0,0.0,0.0,0.0,0.0,0.0,0.0,0.0,0.0,0.0,0.0,0.0,0.0,0.0,0.0,0.0,0.0,0.0,0.0,0.0,0.0,0.0,0.0,0.0,0.0,0.0,0.0,0.0,0.0,0.0,0.0,0.0,0.0,0.0,0.0,0.0,0.0,0.0,0.0,0.0,0.0,0.0,0.0,0.0,0.0,0.0,0.0,0.0,0.0,0.0,0.0,0.0,0.0,0.0,0.0,0.0,0.0,0.0,0.0,0.0,0.0,0.0,0.0,0.0,0.0,0.0,0.0,0.0,0.0,0.0,0.0,0.0,0.0,0.0,0.0,0.0,0.0,0.0,0.0,0.0,0.0,0.0,0.0,0.0,0.0,0.0,0.0,0.0,0.0,0.0,0.0
2026-08-09,0.0,0.0,0.0,0.0,0.0,0.0,0.0,0.0,0.0,0.0,0.0,0.0,0.0,0.0,0.0,0.0,0.0,0.0,0.0,0.0,0.0,0.0,0.0,0.0,0.0,0.0,0.0,0.0,0.0,0.0,0.0,0.0,0.0,0.0,0.0,0.0,0.0,0.0,0.0,0.0,0.0,0.0,0.0,0.0,0.0,0.0,0.0,0.0,0.0,0.0,0.0,0.0,0.0,0.0,0.0,0.0,0.0,0.0,0.0,0.0,0.0,0.0,0.0,0.0,0.0,0.0,0.0,0.0,0.0,0.0,0.0,0.0,0.0,0.0,0.0,0.0,0.0,0.0,0.0,0.0,0.0,0.0,0.0,0.0,0.0,0.0,0.0,0.0,0.0,0.0,0.0,0.0,0.0,0.0,0.0,0.0,0.0,0.0,0.0,0.0,0.0,0.0,0.0,0.0,0.0,0.0,0.0,0.0,0.0,0.0,0.0,0.0,0.0,0.0,0.0,0.0,0.0,0.0,0.0,0.0,0.0,0.0,0.0,0.0,0.0,0.0,0.0,0.0,0.0,0.0,0.0,0.0,0.0,0.0,0.0,0.0,0.0,0.0,0.0,0.0,0.0,0.0,0.0,0.0,0.0,0.0,0.0,0.0,0.0,0.0,0.0,0.0,0.0,0.0,0.0,0.0,0.0,0.0,0.0,0.0,0.0,0.0,0.0,0.0,0.0,0.0,0.0,0.0,0.0,0.0,0.0,0.0,0.0,0.0,0.0,0.0,0.0,0.0,0.0,0.0,0.0,0.0,0.0,0.0,0.0,0.0,0.0,0.0,0.0,0.0,0.0,0.0,0.0,0.0,0.0,0.0,0.0,0.0,0.0,0.0,0.0,0.0,0.0,0.0,0.0,0.0,0.0,0.0,0.0,0.0,0.0,0.0,0.0,0.0,0.0,0.0,0.0,0.0
2026-08-10,0.0,-6.704955441001977,8.871701769924519,-138.24110381378287,-113.30291208153885,2.293191502025991,0.235424728351034,-4.230719165938091,-4.238538883619272,-5.553814303718769,10.83748816582252,-10.223496432835702,-10.113291914288071,6.229432649461698,-67.12328010423295,20.39857078038517,-5.900151834738441,-268.0427305812344,453.90967960858177,524.8693036874475,10.189838231066126,-26.681763020878194,-606.4748197280348,-7.990042138982623,18.027098414048204,-399.0874875783605,-410.69500232858,8.965219286887791,-38.56796550823539,-494.1632663950767,492.6675952626452,21.304424289976946,158.24160959649774,-265.3427422704959,-402.8292194300985,-11.417323065102043,12.224342885702267,-201.04918478488148,20.71299821147774,-0.1492597297365137,-98.81704664800371,-12.785145965012882,12.16905925527784,0.0,31.983565284302546,-36.689468244547285,0.0,36.60898223451903,-27.405670678699156,14.729697920366728,-16.55209306081911,1.0087997828479565,-6.088165312982906,-114.81933681508157,-10.816778395429603,6.150630342548597,42.81381102051109,125.107393953908,-405.55357008755794,5.5689592615086,0.2917147078527778,25.4543209579603,18.665773674728815,0.0,226.36876632970896,-26.615516295192997,-30.727680140348035,415.9906389001958,178.4871409930268,-16.25313093553786,0.1699020235814096,-4.1060209939191115,-168.31138019010118,51.77275440111407,-279.64539293010654,-56.472542463480266,47.37021704628516,-349.2646502044743,9.198405077225878,-1.7335933389006242,0.0,5.5456565464712915,89.3468794894325,-22.386870818645768,4.501249647442019,-79.94865144186785,-31.891033071700253,0.0,0.0,0.0,0.0,0.0,0.0,0.0,0.0,0.0,-14.106345943766355,41.577022143052254,-42.009189113292216,56.411448746084254,-8.881224060976296,94.19832845421433,3.91216170302924,-3.5849076558517265,-6.159416814793484,-80.03106381286264,15.829212896951358,14.976899945672892,265.4308609028508,-177.41744389368722,-2.385385388372408,-26.886757177176303,-52.457662619374865,14.023627866617986,0.0,-1.606074306438386,7.273214373915456,-132.55366700657837,-89.67649490500216,12.670239797873466,-1.1215548370310862,-34.58641833297491,-8.004331953344415,-99.44578579614402,144.20980907571064,-4.029061436130665,-1.9861467744125403,-1.0568343054892613,-2.2764297345709927,16.795968081929228,17.692856333336792,5.707266211005568,-1.6158290729449218,-8.596768181181542,-33.67773865637787,0.0,0.08221343068420538,12.476924003737805,0.0,-58.909632108525344,0.0,-29.400949070168195,40.934112509254234,-52.926494575818445,62.30297276927414,0.0,-152.34502124525247,45.9696584499734,121.76769463012236,152.34502124525247,11.168653565458081,34.43425120272,-1.0360367714175809,-20.294092282549276,68.33477499231033,-54.034275709345,-1.1325760203006066,0.0,2.485576339853447,0.0,0.0,0.0,0.0,0.0,0.0,0.0,0.0,0.0,0.0,0.0,0.0,0.0,0.0,0.0,0.0,0.0,0.0,0.0,0.0,0.0,0.0,0.0,0.0,9.947910160234954,90.77526218628442,-185.78659112083858,5.748703709719645,2.7019360693641357,0.0,-3.832092949874699,-14.94210155384784,8.602968905141461,127.72099591013713,79.49301491603323,1.231409011585405,-17.23086119968246,10.43614821668528,3.5164335769146566,-37.07845985521698,-5.079236178576685,3.6525749763409987,-2.1506387209380047,-5.397041941207659,10.270717473788187,-116.16498997905003,-62.572504692428716,-51.34885026403895,73.61365206834502,0.0,-3.9259098344247905,-0.3762644379315898,78.8272816474744,65.4056921888705,-16.18497283792126,-2.21754680458497,5.651488276742486,4959.889196885665,-7023.5264805005145
2026-08-11,0.0,0.0,0.0,0.0,0.0,0.0,0.0,0.0,0.0,0.0,0.0,0.0,0.0,0.0,0.0,0.0,0.0,0.0,0.0,0.0,0.0,0.0,0.0,0.0,0.0,0.0,0.0,0.0,0.0,0.0,0.0,0.0,0.0,0.0,0.0,0.0,0.0,0.0,0.0,0.0,0.0,0.0,0.0,0.0,0.0,0.0,0.0,0.0,0.0,0.0,0.0,0.0,0.0,0.0,0.0,0.0,0.0,0.0,0.0,0.0,0.0,0.0,0.0,0.0,0.0,0.0,0.0,0.0,0.0,0.0,0.0,0.0,0.0,0.0,0.0,0.0,0.0,0.0,0.0,0.0,0.0,0.0,0.0,0.0,0.0,0.0,0.0,0.0,0.0,0.0,0.0,0.0,0.0,0.0,0.0,0.0,0.0,0.0,0.0,0.0,0.0,0.0,0.0,0.0,0.0,0.0,0.0,0.0,0.0,0.0,0.0,0.0,0.0,0.0,0.0,0.0,0.0,0.0,0.0,0.0,0.0,0.0,0.0,0.0,0.0,0.0,0.0,0.0,0.0,0.0,0.0,0.0,0.0,0.0,0.0,0.0,0.0,0.0,0.0,0.0,0.0,0.0,0.0,0.0,0.0,0.0,0.0,0.0,0.0,0.0,0.0,0.0,0.0,0.0,0.0,0.0,0.0,0.0,0.0,0.0,0.0,0.0,0.0,0.0,0.0,0.0,0.0,0.0,0.0,0.0,0.0,0.0,0.0,0.0,0.0,0.0,0.0,0.0,0.0,0.0,0.0,0.0,0.0,0.0,0.0,0.0,0.0,0.0,0.0,0.0,0.0,0.0,0.0,0.0,0.0,0.0,0.0,0.0,0.0,0.0,0.0,0.0,0.0,0.0,0.0,0.0,0.0,0.0,0.0,0.0,0.0,0.0,0.0,0.0,0.0,0.0,0.0,0.0
2026-08-12,0.0,4.233463687159819,-10.092890151444648,-18.42548294293208,-11.493928855068866,-4.525304295809649,-1.8614184155644617,-0.8728911395842442,2.5001857009585073,4.159487610783137,-2.3133889356007566,6.638847484454833,9.490869974624017,-7.915330855408626,0.10495124376291642,333.77778489434706,4.6709631702021,-12.450395202502783,-326.052235907449,-521.3240781049427,-13.44546766128263,18.20024238165072,1.865494105261634,2.9180252984250545,-22.80809616543399,8.53647163592931,178.6446642554669,-21.889084927168675,17.187794691960097,567.8078295732339,87.3585179543167,-26.018851229808877,-114.61225462770317,-185.18055728939234,417.85656237164807,-3.0661311923064933,-15.553007050418325,-5.021620922237257,7.12078503432934,-1.7802549363787985,69.18446965799419,-78.89196250380314,88.00787082111529,0.0,12.039133443942672,36.689468244547285,0.0,0.0,-5.899790675552329,121.49640345403064,-38.95180119385442,-4.107586759197496,-29.710373908851324,68.87694977582747,-129.24021455513585,146.92532517198626,19.318647557796126,-85.75092867190362,385.0838792015313,-6.970297260569234,-1.9131196192954376,-130.6278156144247,-24.41138985299942,0.0,-342.2464494208538,17.001416857209406,25.121663359476837,-19.2000934618169,-164.98005185449392,10.272851413102355,-2.6743323885350256,-2.2157724444959315,249.3622685423579,-56.56185896664765,-42.944192945327494,39.8521443388823,-122.41118563911238,29.453198489727278,0.0,-2.208042614113365,-83.48058900959961,-6.700616234328918,-1.533322981926147,102.62315716438842,-7.80579308906445,-5.761977545059097,5.5002865582166125,-36.10288673669026,-1.83699297427485,0.0,0.0,3.111239890046476,-1.8006158382849826,-10.1610429344367,16.297591267113546,0.0,17.014290205875675,0.0,58.591786593684475,-25.538122972079538,14.967574082133346,0.0,-4.052823992952938,-1.2234976438110026,5.450836002980024,71.24287135683399,-4.953695395025832,-17.259492574546837,0.0,-29.905830566475167,17.7382887995388,21.906130242382993,52.457662619374865,-14.848056479045015,-27.441768013159788,0.8900792039218359,2.2956514302575526,-55.07657631391895,72.30472119168009,-20.44629931867853,6.66431977518939,81.36862209702308,7.7285644860049505,-16.291100446265105,0.0,-0.8101616906521085,3.179841098221368,-6.765722053625272,3.0783173020945687,-3.0825935654020578,-21.47710479316325,-5.821169128669892,-7.599927582849545,9.070241026334319,7.55243906048953,-52.85107405754227,57.80076746565642,1.3635240962219541,0.0,64.79042938830314,0.0,-19.6668706351734,-31.09605791236802,39.63621898499585,-41.1560196309493,0.0,61.43813478737237,-85.4255959735266,-102.91984001717097,-18.18849734308262,100.40125466211431,-43.50343657613572,-0.6047830484763835,-4.41063330747094,-2.3675197886060197,-18.2124978531736,-12.091214804353148,0.0,13.33855761093434,12.963240725450857,-0.7962394733297405,-1.5374504466382932,10.580547003594868,0.9764129558535352,-0.5341435088672734,25.629419993929375,-0.9470774345317187,0.0,0.0,-0.53763342340276,0.0,0.0,-8.813840616530811,0.08386302331328625,-2.249176869243398,13.755100767816664,-3.1348529698613565,144.14656990008135,-5.729816687784202,-50.915007298985586,111.45643215459853,-1.2624100952291337,-0.1613581874446245,-44.20735797502613,14.540322457874193,58.83592147166821,-7.036874290335516,-3.0406081395611984,-111.54429063326191,2.488505413721723,13.313069122965622,15.570259222504509,0.0,-23.781526888879526,-3.8891264475727514,19.21225972844244,-1.8486266773298412,-4.349390654625866,-34.05730509017085,5.142104770323349,-1.6069497869814078,1.169301214662468,7.705460416749906,-17.9234914610649,-48.69052324504158,-16.07977765298239,61.655137073988136,-4.901504590738303,0.0,1.880714498422458,-0.6908714822042094,-110.77812002581685,-45.32436163837632,15.168620404701477,1.1231417207937338,60.3477845367164,4509.306218425598,-4025.2614656732535
2026-08-13,0.0,0.0,0.0,0.0,0.0,0.0,0.0,0.0,0.0,0.0,0.0,0.0,0.0,0.0,0.0,0.0,0.0,0.0,0.0,0.0,0.0,0.0,0.0,0.0,0.0,0.0,0.0,0.0,0.0,0.0,0.0,0.0,0.0,0.0,0.0,0.0,0.0,0.0,0.0,0.0,0.0,0.0,0.0,0.0,0.0,0.0,0.0,0.0,0.0,0.0,0.0,0.0,0.0,0.0,0.0,0.0,0.0,0.0,0.0,0.0,0.0,0.0,0.0,0.0,0.0,0.0,0.0,0.0,0.0,0.0,0.0,0.0,0.0,0.0,0.0,0.0,0.0,0.0,0.0,0.0,0.0,0.0,0.0,0.0,0.0,0.0,0.0,0.0,0.0,0.0,0.0,0.0,0.0,0.0,0.0,0.0,0.0,0.0,0.0,0.0,0.0,0.0,0.0,0.0,0.0,0.0,0.0,0.0,0.0,0.0,0.0,0.0,0.0,0.0,0.0,0.0,0.0,0.0,0.0,0.0,0.0,0.0,0.0,0.0,0.0,0.0,0.0,0.0,0.0,0.0,0.0,0.0,0.0,0.0,0.0,0.0,0.0,0.0,0.0,0.0,0.0,0.0,0.0,0.0,0.0,0.0,0.0,0.0,0.0,0.0,0.0,0.0,0.0,0.0,0.0,0.0,0.0,0.0,0.0,0.0,0.0,0.0,0.0,0.0,0.0,0.0,0.0,0.0,0.0,0.0,0.0,0.0,0.0,0.0,0.0,0.0,0.0,0.0,0.0,0.0,0.0,0.0,0.0,0.0,0.0,0.0,0.0,0.0,0.0,0.0,0.0,0.0,0.0,0.0,0.0,0.0,0.0,0.0,0.0,0.0,0.0,0.0,0.0,0.0,0.0,0.0,0.0,0.0,0.0,0.0,0.0,0.0,0.0,0.0,0.0,0.0,0.0,0.0
