as_of,imo,vessel_name,bucket,soh_pos,reason,last_cross_ts,last_cross_dir,loading_state_soh,cargo_group,crossing_type,last_load_ts,last_load_end_ts,last_load_origin,last_load_dest,last_load_status,last_load_source,origin_bucket,dest_bucket,grade,berth_confirmed,volume_bbl,days_inside,days_since_load,days_load_to_exit,expected_lag_days,alert_lag_days,afra_class,deadweight,fleet,sanctioned_iran,sanctioned_sdn,is_dark_route,crude_relevant,watchlist,sts_flag,sts_role,sts_zone,sts_ts,sts_lag_days,sts_counterparty,sts_counterparty_imo,sts_volume_bbl
2026-08-16,9239927,DAFFODIL,conflict,outside,Kpler loaded at MAA Refinery on 2026-04-20 but SoH recorded a ballast exit on 2026-06-21.,2026-06-21,Exited MEG,Ballast,ballast,Dark/Unknown Route,2026-04-20 19:19:00,2026-04-20 19:19:00,MAA Refinery,ENOC Condensate Refinery,Delivered,trade,inside_gulf,inside_gulf,Kuwait SLt.,1.0,678003.0,,118.0,62.0,3.0,7.0,AFRA,99999.0,clean fleet,False,False,1.0,True,True,,,,,,,,
2026-08-16,9406166,GRAND LADY,exit_no_load,outside,SoH laden crude exit on 2026-08-04 with no matching inside-gulf Kpler load in the 21d before the crossing.,2026-08-04,Exited MEG,Laden,crude,Dark/Unknown Route,2026-07-01 00:00:00,2026-07-01 00:00:00,Al Basrah,Ain Sukhna,Delivered,trade,inside_gulf,outside,Basrah,1.0,1074079.0,,46.0,34.0,3.0,7.0,VLCC,299999.0,clean fleet,False,False,1.0,True,True,receiver_after_exit,receiver,Fujairah Light,2026-08-07 00:00:00,3,Giannis,9432050,1074079
2026-08-16,9928009,HAFEET,exit_no_load,outside,SoH laden crude exit on 2026-07-23 with no matching inside-gulf Kpler load in the 21d before the crossing.,2026-07-23,Exited MEG,Laden,crude,Dark/Unknown Route,2026-07-01 15:59:00,2026-07-01 15:59:00,Umm Lulu,Sriracha,Delivered,trade,inside_gulf,outside,Umm Lulu,1.0,1996461.0,,46.0,22.0,3.0,7.0,VLCC,299425.0,clean fleet,False,False,1.0,True,True,receiver_after_exit,receiver,Fujairah Light,2026-08-05 00:00:00,13,Monaco Loyalty,9312511,1996461
2026-08-16,9324100,VADIN,exit_no_load,outside,SoH laden crude exit on 2026-08-10 with no matching inside-gulf Kpler load in the 21d before the crossing.,2026-08-10,Exited MEG,Laden,crude,Dark/Unknown Route,2026-07-06 01:33:00,2026-07-06 01:33:00,Mina Al-Ahmadi,Made Island,Delivered,trade,inside_gulf,outside,Kuwait,1.0,2000002.0,,41.0,35.0,3.0,7.0,VLCC,302478.0,clean fleet,False,False,1.0,True,True,receiver_after_exit,receiver,Fujairah Light,2026-08-12 19:19:00,2,Front Spey,1087500,2000002
2026-08-16,1028762,STOIC WARRIOR,exit_no_load,outside,SoH laden crude exit on 2026-06-25 with no matching inside-gulf Kpler load in the 21d before the crossing.,2026-06-25,Exited MEG,Laden,crude,Omani Route,,,,,,,,,,0.0,1012911.0,,,,3.0,7.0,LR2,156885.0,clean fleet,False,False,0.0,True,True,,,,,,,,
2026-08-16,9172038,SINOPA,exit_no_load,outside,SoH laden crude exit on 2026-07-14 with no matching inside-gulf Kpler load in the 21d before the crossing.,2026-07-14,Exited MEG,Laden,crude,Dark/Unknown Route,,,,,,,,,,0.0,1015490.0,,,,3.0,7.0,LR2,159681.0,dark fleet,True,True,1.0,True,True,,,,,,,,
2026-08-16,9237618,STAR LINE,exit_no_load,outside,SoH laden crude exit on 2026-06-23 with no matching inside-gulf Kpler load in the 21d before the crossing.,2026-06-23,Exited MEG,Laden,crude,Dark/Unknown Route,,,,,,,,,,0.0,716208.0,,,,3.0,7.0,AFRA,105716.0,dark fleet,True,True,1.0,True,True,,,,,,,,
2026-08-16,9239848,OBA,exit_no_load,outside,SoH laden crude exit on 2026-06-21 with no matching inside-gulf Kpler load in the 21d before the crossing.,2026-06-21,Exited MEG,Laden,crude,Dark/Unknown Route,,,,,,,,,,0.0,734996.0,,,,3.0,7.0,LR2,150103.0,clean fleet,False,False,1.0,True,True,,,,,,,,
2026-08-16,9248497,URI,exit_no_load,outside,SoH laden crude exit on 2026-06-21 with no matching inside-gulf Kpler load in the 21d before the crossing.,2026-06-21,Exited MEG,Laden,crude,Dark/Unknown Route,,,,,,,,,,0.0,2000002.0,,,,3.0,7.0,VLCC,299164.0,dark fleet,True,True,1.0,True,True,,,,,,,,
2026-08-16,9297498,DESH VAIBHAV,exit_no_load,outside,SoH laden crude exit on 2026-06-19 with no matching inside-gulf Kpler load in the 21d before the crossing.,2026-06-19,Exited MEG,Laden,crude,Iranian Route,,,,,,,,,,0.0,2013123.0,,,,3.0,7.0,VLCC,316409.0,clean fleet,False,False,0.0,True,True,,,,,,,,
2026-08-16,9321213,TOWADA,exit_no_load,outside,SoH laden crude exit on 2026-07-07 with no matching inside-gulf Kpler load in the 21d before the crossing.,2026-07-07,Exited MEG,Laden,crude,Dark/Unknown Route,,,,,,,,,,0.0,2099998.0,,,,3.0,7.0,VLCC,305801.0,clean fleet,False,False,1.0,True,True,,,,,,,,
2026-08-16,9330563,SANMAR HERALD,exit_no_load,outside,SoH laden crude exit on 2026-06-20 with no matching inside-gulf Kpler load in the 21d before the crossing.,2026-06-20,Exited MEG,Laden,crude,Dark/Unknown Route,,,,,,,,,,0.0,2005393.0,,,,3.0,7.0,VLCC,309000.0,clean fleet,False,False,1.0,True,True,unknown_partner,receiver,Gulf of Oman,2026-07-27 00:00:00,37,,,1999996
2026-08-16,9340635,TORKEL,exit_no_load,outside,SoH laden crude exit on 2026-07-29 with no matching inside-gulf Kpler load in the 21d before the crossing.,2026-07-29,Exited MEG,Laden,crude,Omani Route,,,,,,,,,,0.0,1990844.0,,,,3.0,7.0,VLCC,297259.0,clean fleet,False,False,0.0,True,True,,,,,,,,
2026-08-16,9343390,TENJUN,exit_no_load,outside,SoH laden crude exit on 2026-07-07 with no matching inside-gulf Kpler load in the 21d before the crossing.,2026-07-07,Exited MEG,Laden,crude,Iranian Route,,,,,,,,,,0.0,2011727.0,,,,3.0,7.0,VLCC,302107.0,clean fleet,False,False,0.0,True,True,,,,,,,,
2026-08-16,9358280,PLATA CARRIER,exit_no_load,outside,SoH laden crude exit on 2026-06-24 with no matching inside-gulf Kpler load in the 21d before the crossing.,2026-06-24,Exited MEG,Laden,crude,Omani Route,,,,,,,,,,0.0,2057944.0,,,,3.0,7.0,VLCC,307284.0,clean fleet,False,False,0.0,True,True,giver_after_exit,giver,Fujairah Light,2026-08-15 00:00:00,52,Bahamas Prosperity,9327114,1959999
2026-08-16,9362061,HAWK,exit_no_load,outside,SoH laden crude exit on 2026-07-13 with no matching inside-gulf Kpler load in the 21d before the crossing.,2026-07-13,Exited MEG,Laden,crude,Dark/Unknown Route,,,,,,,,,,0.0,2077681.0,,,,3.0,7.0,VLCC,317367.0,dark fleet,True,True,1.0,True,True,,,,,,,,
2026-08-16,9362877,YAKUMOSAN,exit_no_load,outside,SoH laden crude exit on 2026-07-06 with no matching inside-gulf Kpler load in the 21d before the crossing.,2026-07-06,Exited MEG,Laden,crude,IMO Route,,,,,,,,,,0.0,1979994.0,,,,3.0,7.0,VLCC,302165.0,clean fleet,False,False,0.0,True,True,,,,,,,,
2026-08-16,9364112,TOUR 2,exit_no_load,outside,SoH laden crude exit on 2026-08-01 with no matching inside-gulf Kpler load in the 21d before the crossing.,2026-08-01,Exited MEG,Laden,crude,Iranian Route,,,,,,,,,,0.0,751324.0,,,,3.0,7.0,LR2,158817.0,dark fleet,True,True,0.0,True,True,,,,,,,,
2026-08-16,9378541,JAHAM,exit_no_load,outside,SoH laden crude exit on 2026-06-18 with no matching inside-gulf Kpler load in the 21d before the crossing.,2026-06-18,Exited MEG,Laden,crude,Dark/Unknown Route,,,,,,,,,,0.0,2139252.0,,,,3.0,7.0,VLCC,318000.0,clean fleet,False,False,1.0,True,True,,,,,,,,
2026-08-16,9385037,LONG WIND,exit_no_load,outside,SoH laden crude exit on 2026-07-04 with no matching inside-gulf Kpler load in the 21d before the crossing.,2026-07-04,Exited MEG,Laden,crude,IMO Route,,,,,,,,,,0.0,2069995.0,,,,3.0,7.0,ULCC,320141.0,clean fleet,False,False,0.0,True,True,,,,,,,,
2026-08-16,9395290,MERCURY HOPE,exit_no_load,outside,SoH laden crude exit on 2026-07-08 with no matching inside-gulf Kpler load in the 21d before the crossing.,2026-07-08,Exited MEG,Laden,crude,IMO Route,,,,,,,,,,0.0,1799999.0,,,,3.0,7.0,VLCC,297221.0,clean fleet,False,False,0.0,True,True,,,,,,,,
2026-08-16,9397157,AZUMASAN,exit_no_load,outside,SoH laden crude exit on 2026-07-06 with no matching inside-gulf Kpler load in the 21d before the crossing.,2026-07-06,Exited MEG,Laden,crude,IMO Route,,,,,,,,,,0.0,1999996.0,,,,3.0,7.0,VLCC,302068.0,clean fleet,False,False,0.0,True,True,,,,,,,,
2026-08-16,9438418,NORDIC CROSS,exit_no_load,outside,SoH laden crude exit on 2026-06-22 with no matching inside-gulf Kpler load in the 21d before the crossing.,2026-06-22,Exited MEG,Laden,crude,Dark/Unknown Route,,,,,,,,,,0.0,1036888.0,,,,3.0,7.0,LR2,158475.0,clean fleet,False,False,1.0,True,True,,,,,,,,
2026-08-16,9468853,OLYMPIC TARGET,exit_no_load,outside,SoH laden crude exit on 2026-06-21 with no matching inside-gulf Kpler load in the 21d before the crossing.,2026-06-21,Exited MEG,Laden,crude,Dark/Unknown Route,,,,,,,,,,0.0,2039320.0,,,,3.0,7.0,VLCC,319861.0,clean fleet,False,False,1.0,True,True,,,,,,,,
2026-08-16,9519482,KIDAN,exit_no_load,outside,SoH laden crude exit on 2026-06-20 with no matching inside-gulf Kpler load in the 21d before the crossing.,2026-06-20,Exited MEG,Laden,crude,Dark/Unknown Route,,,,,,,,,,0.0,1899994.0,,,,3.0,7.0,ULCC,321050.0,clean fleet,False,False,1.0,True,True,,,,,,,,
2026-08-16,9519717,AWTAD,exit_no_load,outside,SoH laden crude exit on 2026-06-18 with no matching inside-gulf Kpler load in the 21d before the crossing.,2026-06-18,Exited MEG,Laden,crude,Dark/Unknown Route,,,,,,,,,,0.0,1999996.0,,,,3.0,7.0,VLCC,309988.0,clean fleet,False,False,1.0,True,True,,,,,,,,
2026-08-16,9567659,OMEGA TRADER,exit_no_load,outside,SoH laden crude exit on 2026-07-06 with no matching inside-gulf Kpler load in the 21d before the crossing.,2026-07-06,Exited MEG,Laden,crude,Iranian Route,,,,,,,,,,0.0,1990649.0,,,,3.0,7.0,VLCC,305206.0,clean fleet,False,False,0.0,True,True,giver_after_exit,giver,Fujairah Light,2026-08-05 00:00:00,30,Umm Al Aish,9534781,2000002
2026-08-16,9583720,ALMI HYDRA,exit_no_load,outside,SoH laden crude exit on 2026-06-25 with no matching inside-gulf Kpler load in the 21d before the crossing.,2026-06-25,Exited MEG,Laden,crude,Omani Route,,,,,,,,,,0.0,2000002.0,,,,3.0,7.0,VLCC,319357.0,clean fleet,False,False,0.0,True,True,,,,,,,,
2026-08-16,9602928,DUBAI ENERGY,exit_no_load,outside,SoH laden crude exit on 2026-06-23 with no matching inside-gulf Kpler load in the 21d before the crossing.,2026-06-23,Exited MEG,Laden,crude,Omani Route,,,,,,,,,,0.0,1963006.0,,,,3.0,7.0,VLCC,319063.0,clean fleet,False,False,0.0,True,True,,,,,,,,
2026-08-16,9610298,DESH VIBHOR,exit_no_load,outside,SoH laden crude exit on 2026-06-20 with no matching inside-gulf Kpler load in the 21d before the crossing.,2026-06-20,Exited MEG,Laden,crude,Dark/Unknown Route,,,,,,,,,,0.0,2122987.0,,,,3.0,7.0,VLCC,316635.0,clean fleet,False,False,1.0,True,True,,,,,,,,
2026-08-16,9683685,VL PRIME,exit_no_load,outside,SoH laden crude exit on 2026-06-24 with no matching inside-gulf Kpler load in the 21d before the crossing.,2026-06-24,Exited MEG,Laden,crude,Omani Route,,,,,,,,,,0.0,1849997.0,,,,3.0,7.0,VLCC,319547.0,clean fleet,False,False,0.0,True,True,,,,,,,,
2026-08-16,9753545,PRUDENT WARRIOR,exit_no_load,outside,SoH laden crude exit on 2026-06-24 with no matching inside-gulf Kpler load in the 21d before the crossing.,2026-06-24,Exited MEG,Laden,crude,Omani Route,,,,,,,,,,0.0,1017710.0,,,,3.0,7.0,LR2,149995.0,clean fleet,False,False,0.0,True,True,,,,,,,,
2026-08-16,9779848,SHADEN,exit_no_load,outside,SoH laden crude exit on 2026-06-18 with no matching inside-gulf Kpler load in the 21d before the crossing.,2026-06-18,Exited MEG,Laden,crude,Dark/Unknown Route,,,,,,,,,,0.0,2066813.0,,,,3.0,7.0,VLCC,298750.0,clean fleet,False,False,1.0,True,True,,,,,,,,
2026-08-16,9785835,MONTE URBASA,exit_no_load,outside,SoH laden crude exit on 2026-06-23 with no matching inside-gulf Kpler load in the 21d before the crossing.,2026-06-23,Exited MEG,Laden,crude,Dark/Unknown Route,,,,,,,,,,0.0,999998.0,,,,3.0,7.0,LR2,156400.0,clean fleet,False,False,1.0,True,True,giver_after_exit,giver,Fujairah Light,2026-07-25 18:39:00,32,Nissos Kea,9920758,1067997
2026-08-16,9788887,GULF SUNRISE,exit_no_load,outside,SoH laden crude exit on 2026-06-21 with no matching inside-gulf Kpler load in the 21d before the crossing.,2026-06-21,Exited MEG,Laden,crude,Dark/Unknown Route,,,,,,,,,,0.0,2062209.0,,,,3.0,7.0,VLCC,301528.0,clean fleet,False,False,1.0,True,True,,,,,,,,
2026-08-16,9793741,GEM NO.5,exit_no_load,outside,SoH laden crude exit on 2026-07-04 with no matching inside-gulf Kpler load in the 21d before the crossing.,2026-07-04,Exited MEG,Laden,crude,Dark/Unknown Route,,,,,,,,,,0.0,2055007.0,,,,3.0,7.0,VLCC,302650.0,clean fleet,False,False,1.0,True,True,,,,,,,,
2026-08-16,9794018,MIRACLE HOPE,exit_no_load,outside,SoH laden crude exit on 2026-07-06 with no matching inside-gulf Kpler load in the 21d before the crossing.,2026-07-06,Exited MEG,Laden,crude,IMO Route,,,,,,,,,,0.0,2130648.0,,,,3.0,7.0,VLCC,318747.0,clean fleet,False,False,0.0,True,True,,,,,,,,
2026-08-16,9794824,UNIVERSAL GLORY,exit_no_load,outside,SoH laden crude exit on 2026-06-23 with no matching inside-gulf Kpler load in the 21d before the crossing.,2026-06-23,Exited MEG,Laden,crude,Iranian Route,,,,,,,,,,0.0,1999996.0,,,,3.0,7.0,VLCC,301123.0,clean fleet,False,False,0.0,True,True,,,,,,,,
2026-08-16,9802188,TONEGAWA,exit_no_load,outside,SoH laden crude exit on 2026-07-07 with no matching inside-gulf Kpler load in the 21d before the crossing.,2026-07-07,Exited MEG,Laden,crude,IMO Route,,,,,,,,,,0.0,1999996.0,,,,3.0,7.0,VLCC,312667.0,clean fleet,False,False,0.0,True,True,,,,,,,,
2026-08-16,9830812,MAJRA,exit_no_load,outside,SoH laden crude exit on 2026-06-21 with no matching inside-gulf Kpler load in the 21d before the crossing.,2026-06-21,Exited MEG,Laden,crude,Dark/Unknown Route,,,,,,,,,,0.0,2099998.0,,,,3.0,7.0,ULCC,320784.0,clean fleet,False,False,1.0,True,True,,,,,,,,
2026-08-16,9832262,FRONT SHANGHAI,exit_no_load,outside,SoH laden crude exit on 2026-06-24 with no matching inside-gulf Kpler load in the 21d before the crossing.,2026-06-24,Exited MEG,Laden,crude,Dark/Unknown Route,,,,,,,,,,0.0,1017754.0,,,,3.0,7.0,LR2,158006.0,clean fleet,False,False,1.0,True,True,,,,,,,,
2026-08-16,9839856,MAYASAN,exit_no_load,outside,SoH laden crude exit on 2026-07-06 with no matching inside-gulf Kpler load in the 21d before the crossing.,2026-07-06,Exited MEG,Laden,crude,IMO Route,,,,,,,,,,0.0,1689418.0,,,,3.0,7.0,VLCC,312006.0,clean fleet,False,False,0.0,True,True,,,,,,,,
2026-08-16,9845130,FRONT SAMARA,exit_no_load,outside,SoH laden crude exit on 2026-06-27 with no matching inside-gulf Kpler load in the 21d before the crossing.,2026-06-27,Exited MEG,Laden,crude,Dark/Unknown Route,,,,,,,,,,0.0,963328.0,,,,3.0,7.0,LR2,158018.0,clean fleet,False,False,1.0,True,True,,,,,,,,
2026-08-16,9851593,TENZAN,exit_no_load,outside,SoH laden crude exit on 2026-06-18 with no matching inside-gulf Kpler load in the 21d before the crossing.,2026-06-18,Exited MEG,Laden,crude,Iranian Route,,,,,,,,,,0.0,1799999.0,,,,3.0,7.0,VLCC,312524.0,clean fleet,False,False,0.0,True,True,,,,,,,,
2026-08-16,9874222,DAISEN,exit_no_load,outside,SoH laden crude exit on 2026-07-06 with no matching inside-gulf Kpler load in the 21d before the crossing.,2026-07-06,Exited MEG,Laden,crude,Iranian Route,,,,,,,,,,0.0,1899994.0,,,,3.0,7.0,VLCC,311681.0,clean fleet,False,False,0.0,True,True,,,,,,,,
2026-08-16,9886641,MIAOULIS 21,exit_no_load,outside,SoH laden crude exit on 2026-06-21 with no matching inside-gulf Kpler load in the 21d before the crossing.,2026-06-21,Exited MEG,Laden,crude,Dark/Unknown Route,,,,,,,,,,0.0,1008665.0,,,,3.0,7.0,LR2,158081.0,clean fleet,False,False,1.0,True,True,,,,,,,,
2026-08-16,9888493,PERTAMINA PRIDE,exit_no_load,outside,SoH laden crude exit on 2026-07-07 with no matching inside-gulf Kpler load in the 21d before the crossing.,2026-07-07,Exited MEG,Laden,crude,Dark/Unknown Route,,,,,,,,,,0.0,2014513.0,,,,3.0,7.0,VLCC,301781.0,clean fleet,False,False,1.0,True,True,,,,,,,,
2026-08-16,9907445,CYPRES,exit_no_load,outside,SoH laden crude exit on 2026-06-25 with no matching inside-gulf Kpler load in the 21d before the crossing.,2026-06-25,Exited MEG,Laden,crude,Dark/Unknown Route,,,,,,,,,,0.0,1037209.0,,,,3.0,7.0,LR2,158388.0,clean fleet,False,False,1.0,True,True,,,,,,,,
2026-08-16,9912256,LEGIO X EQUESTRIS,exit_no_load,outside,SoH laden crude exit on 2026-06-23 with no matching inside-gulf Kpler load in the 21d before the crossing.,2026-06-23,Exited MEG,Laden,crude,Omani Route,,,,,,,,,,0.0,2060001.0,,,,3.0,7.0,VLCC,299937.0,clean fleet,False,False,0.0,True,True,,,,,,,,
2026-08-16,9915569,GRAND BONANZA,exit_no_load,outside,SoH laden crude exit on 2026-06-25 with no matching inside-gulf Kpler load in the 21d before the crossing.,2026-06-25,Exited MEG,Laden,crude,IMO Route,,,,,,,,,,0.0,2055000.0,,,,3.0,7.0,VLCC,299988.0,clean fleet,False,False,0.0,True,True,,,,,,,,
2026-08-16,9937098,FRONT GANDER,exit_no_load,outside,SoH laden crude exit on 2026-06-26 with no matching inside-gulf Kpler load in the 21d before the crossing.,2026-06-26,Exited MEG,Laden,crude,Dark/Unknown Route,,,,,,,,,,0.0,1880005.0,,,,3.0,7.0,VLCC,300018.0,clean fleet,False,False,1.0,True,True,,,,,,,,
2026-08-16,9937103,FRONT BEAULY,exit_no_load,outside,SoH laden crude exit on 2026-06-26 with no matching inside-gulf Kpler load in the 21d before the crossing.,2026-06-26,Exited MEG,Laden,crude,Dark/Unknown Route,,,,,,,,,,0.0,1910165.0,,,,3.0,7.0,VLCC,299994.0,clean fleet,False,False,1.0,True,True,,,,,,,,
2026-08-16,9988683,ASIAN PROGRESS VII,exit_no_load,outside,SoH laden crude exit on 2026-06-25 with no matching inside-gulf Kpler load in the 21d before the crossing.,2026-06-25,Exited MEG,Laden,crude,Omani Route,,,,,,,,,,0.0,2059995.0,,,,3.0,7.0,VLCC,309000.0,clean fleet,False,False,0.0,True,True,,,,,,,,
2026-08-16,9526461,South Africa Prosperity,inside_laden,inside,Kpler loaded at Al Basrah on 2026-08-09 (In Transit); no SoH exit after that (7d since load end).,2026-06-22,Entered MEG,Ballast,ballast,Omani Route,2026-08-09 00:00:00,2026-08-09 00:00:00,Al Basrah,,In Transit,trade,inside_gulf,unknown,Basrah Med.,1.0,1900000.0,55.0,7.0,,3.0,7.0,VLCC,299992.0,clean fleet,False,False,0.0,True,True,,,,,,,,
2026-08-16,9854507,Das,inside_laden,inside,Kpler loaded at Das Island on 2026-08-09 (In Transit); no SoH exit after that (7d since load end).,2026-08-06,Entered MEG,Ballast,ballast,Dark/Unknown Route,2026-08-09 00:00:00,2026-08-09 00:00:00,Das Island,,In Transit,trade,inside_gulf,unknown,Das,1.0,1996429.0,10.0,7.0,,3.0,7.0,VLCC,299995.0,clean fleet,False,False,1.0,True,True,,,,,,,,
2026-08-16,9514561,Panama Prosperity,inside_laden,inside,Kpler loaded at Al Basrah on 2026-08-10 (In Transit); no SoH exit after that (6d since load end).,2026-08-04,Entered MEG,Ballast,ballast,Dark/Unknown Route,2026-08-10 06:39:00,2026-08-10 06:39:00,Al Basrah,Eastern Asia,In Transit,trade,inside_gulf,outside,Basrah,1.0,2007034.0,12.0,6.0,,3.0,7.0,VLCC,297491.0,clean fleet,False,False,1.0,True,True,,,,,,,,
2026-08-16,9595228,Indonesia Prosperity,inside_laden,inside,Kpler loaded at Al Basrah on 2026-08-10 (PortCall); no SoH exit after that (6d since load end).,2026-08-07,Entered MEG,Ballast,ballast,Dark/Unknown Route,2026-08-10 16:38:00,2026-08-10 16:38:00,Al Basrah,,PortCall,portcall,inside_gulf,unknown,Basrah Med.,1.0,1459997.0,9.0,6.0,,3.0,7.0,VLCC,299981.0,clean fleet,False,False,1.0,True,True,,,,,,,,
2026-08-16,9395305,Malaysia Prosperity,inside_laden,inside,Kpler loaded at Juaymah on 2026-08-12 (In Transit); no SoH exit after that (4d since load end).,2026-08-08,Entered MEG,Ballast,ballast,Dark/Unknown Route,2026-08-12 00:00:00,2026-08-12 00:00:00,Juaymah,,In Transit,trade,inside_gulf,unknown,Arab,1.0,2000002.0,8.0,4.0,,3.0,7.0,VLCC,296865.0,clean fleet,False,False,1.0,True,True,,,,,,,,
2026-08-16,9534793,Al Salmi,inside_laden,inside,Kpler loaded at Mina Al-Ahmadi on 2026-08-12 (In Transit); no SoH exit after that (4d since load end).,2026-07-13,Entered MEG,Ballast,ballast,Dark/Unknown Route,2026-08-12 00:00:00,2026-08-12 00:00:00,Mina Al-Ahmadi,,In Transit,trade,inside_gulf,unknown,Kuwait,1.0,2000002.0,34.0,4.0,,3.0,7.0,VLCC,319660.0,clean fleet,False,False,1.0,True,True,,,,,,,,
2026-08-16,9585883,Montestena,inside_laden,inside,Kpler loaded at Al Basrah on 2026-08-12 (In Transit); no SoH exit after that (4d since load end).,2026-07-30,Entered MEG,Ballast,ballast,Dark/Unknown Route,2026-08-12 00:00:00,2026-08-12 00:00:00,Al Basrah,,In Transit,trade,inside_gulf,unknown,Basrah,1.0,980002.0,17.0,4.0,,3.0,7.0,LR2,159372.0,clean fleet,False,False,1.0,True,True,,,,,,,,
2026-08-16,9653434,Al Kout,inside_laden,inside,Kpler loaded at Mina Al-Ahmadi on 2026-08-12 (In Transit); no SoH exit after that (4d since load end).,2026-08-08,Entered MEG,Ballast,ballast,Dark/Unknown Route,2026-08-12 00:00:00,2026-08-12 00:00:00,Mina Al-Ahmadi,,In Transit,trade,inside_gulf,unknown,Kuwait,1.0,2000002.0,8.0,4.0,,3.0,7.0,VLCC,317019.0,clean fleet,False,False,1.0,True,True,,,,,,,,
2026-08-16,9740330,Fiji Prosperity,inside_laden,inside,Kpler loaded at Halul Island on 2026-08-13 (In Transit); no SoH exit after that (3d since load end).,2026-08-08,Entered MEG,Ballast,ballast,Dark/Unknown Route,2026-08-13 07:39:00,2026-08-13 07:39:00,Halul Island,Eastern Asia,In Transit,trade,inside_gulf,outside,Qatar Mar.,1.0,1067645.0,8.0,3.0,,3.0,7.0,VLCC,297638.0,clean fleet,False,False,1.0,True,True,,,,,,,,
2026-08-16,9315161,Romania Prosperity,inside_laden,inside,Kpler loaded at Das Island on 2026-08-14 (In Transit); no SoH exit after that (2d since load end).,2026-08-11,Entered MEG,Ballast,ballast,Dark/Unknown Route,2026-08-14 00:00:00,2026-08-14 00:00:00,Das Island,,In Transit,trade,inside_gulf,unknown,Das,1.0,2000002.0,5.0,2.0,,3.0,7.0,VLCC,317794.0,clean fleet,False,False,1.0,True,True,,,,,,,,
2026-08-16,9534042,Algeria Prosperity,inside_laden,inside,Kpler loaded at Juaymah on 2026-08-14 (In Transit); no SoH exit after that (2d since load end).,2026-08-11,Entered MEG,Ballast,ballast,Dark/Unknown Route,2026-08-14 00:00:00,2026-08-14 00:00:00,Juaymah,,In Transit,trade,inside_gulf,unknown,Arab,1.0,2000002.0,5.0,2.0,,3.0,7.0,VLCC,318445.0,clean fleet,False,False,1.0,True,True,,,,,,,,
2026-08-16,9596947,Bahrain Prosperity,inside_laden,inside,Kpler loaded at Das Island on 2026-08-14 (In Transit); no SoH exit after that (2d since load end).,2026-08-12,Entered MEG,Ballast,ballast,Dark/Unknown Route,2026-08-14 23:39:00,2026-08-14 23:39:00,Das Island,,In Transit,trade,inside_gulf,unknown,Das,1.0,2000002.0,4.0,2.0,,3.0,7.0,VLCC,299999.0,clean fleet,False,False,1.0,True,True,,,,,,,,
2026-08-16,9709075,Mozambique B,inside_laden,inside,Kpler loaded at FSO Qatar Petroleum Al Shaheen I on 2026-08-14 (In Transit); no SoH exit after that (2d since load end).,2026-08-08,Entered MEG,Ballast,ballast,Dark/Unknown Route,2026-08-14 00:00:00,2026-08-14 00:00:00,FSO Qatar Petroleum Al Shaheen I,,In Transit,trade,inside_gulf,unknown,Shaheen,1.0,2000002.0,8.0,2.0,,3.0,7.0,VLCC,299421.0,clean fleet,False,False,1.0,True,True,,,,,,,,
2026-08-16,9853266,Navig8 Perseverance,inside_laden,inside,Kpler loaded at Jebel Dhanna on 2026-08-14 (In Transit); no SoH exit after that (2d since load end).,2026-07-20,Entered MEG,Ballast,ballast,Dark/Unknown Route,2026-08-14 00:00:00,2026-08-14 00:00:00,Jebel Dhanna,,In Transit,trade,inside_gulf,unknown,Murban,1.0,374665.0,27.0,2.0,,3.0,7.0,AFRA,109998.0,clean fleet,False,False,1.0,True,True,,,,,,,,
2026-08-16,9920758,Nissos Kea,inside_laden,inside,Kpler loaded at Mesaieed on 2026-08-14 (In Transit); no SoH exit after that (2d since load end).,2026-08-12,Entered MEG,Ballast,ballast,Dark/Unknown Route,2026-08-14 02:18:00,2026-08-14 02:18:00,Mesaieed,,In Transit,trade,inside_gulf,unknown,Qatar Land,1.0,2048006.0,4.0,2.0,,3.0,7.0,VLCC,300323.0,clean fleet,False,False,1.0,True,True,,,,,,,,
2026-08-16,9218480,Downy,inside_laden,inside,Kpler loaded at Kharg Island on 2026-08-15 (In Transit); no SoH exit after that (1d since load end).,2026-07-06,Entered MEG,Ballast,ballast,Iranian Route,2026-08-15 00:00:00,2026-08-15 00:00:00,Kharg Island,,In Transit,trade,inside_gulf,unknown,Iran,1.0,2038464.0,41.0,1.0,,3.0,7.0,VLCC,296977.0,dark fleet,True,True,0.0,True,True,,,,,,,,
2026-08-16,9329708,Al Jabriyah II,inside_laden,inside,Kpler loaded at Mina Al-Ahmadi on 2026-08-15 (In Transit); no SoH exit after that (1d since load end).,2026-07-10,Entered MEG,Ballast,ballast,Dark/Unknown Route,2026-08-15 00:00:00,2026-08-15 00:00:00,Mina Al-Ahmadi,,In Transit,trade,inside_gulf,unknown,Kuwait,1.0,2000002.0,37.0,1.0,,3.0,7.0,VLCC,317570.0,clean fleet,False,False,1.0,True,True,,,,,,,,
2026-08-16,9389021,Argentina B,inside_laden,inside,Kpler loaded at Al Basrah on 2026-08-15 (In Transit); no SoH exit after that (1d since load end).,2026-08-11,Entered MEG,Ballast,ballast,Dark/Unknown Route,2026-08-15 00:00:00,2026-08-15 00:00:00,Al Basrah,,In Transit,trade,inside_gulf,unknown,Basrah,1.0,2090701.0,5.0,1.0,,3.0,7.0,VLCC,299999.0,clean fleet,False,False,1.0,True,True,,,,,,,,
2026-08-16,9845697,Nissos Despotiko,inside_laden,inside,Kpler loaded at Al Basrah on 2026-08-15 (In Transit); no SoH exit after that (1d since load end).,2026-08-09,Entered MEG,Ballast,ballast,Dark/Unknown Route,2026-08-15 00:00:00,2026-08-15 00:00:00,Al Basrah,,In Transit,trade,inside_gulf,unknown,Basrah Med.,1.0,1959999.0,7.0,1.0,,3.0,7.0,VLCC,318744.0,clean fleet,False,False,1.0,True,True,,,,,,,,
2026-08-16,9332535,Sea V,inside_laden,inside,Kpler loaded at Al Basrah on 2026-08-16 (In Transit); no SoH exit after that (0d since load end).,2026-08-12,Entered MEG,Ballast,ballast,Dark/Unknown Route,2026-08-16 01:39:00,2026-08-16 01:39:00,Al Basrah,,In Transit,trade,inside_gulf,unknown,Basrah,1.0,1959999.0,4.0,0.0,,3.0,7.0,VLCC,317788.0,clean fleet,False,False,1.0,True,True,,,,,,,,
2026-08-16,9399478,Stallion,inside_laden,inside,Kpler loaded at Al Basrah on 2026-08-16 (PortCall); no SoH exit after that (0d since load end).,2026-02-28,Entered MEG,Ballast,ballast,IMO Route,2026-08-16 15:58:00,2026-08-16 15:58:00,Al Basrah,,PortCall,portcall,inside_gulf,unknown,Basrah Med.,1.0,519035.0,169.0,0.0,,3.0,7.0,LR2,157048.0,clean fleet,False,False,0.0,True,True,,,,,,,,
2026-08-16,9419967,Singapore Prosperity,inside_laden,inside,Kpler loaded at Juaymah on 2026-08-16 (In Transit); no SoH exit after that (0d since load end).,2026-08-13,Entered MEG,Ballast,ballast,Dark/Unknown Route,2026-08-16 14:57:00,2026-08-16 14:57:00,Juaymah,,In Transit,trade,inside_gulf,unknown,Arab,1.0,803661.0,3.0,0.0,,3.0,7.0,VLCC,301861.0,clean fleet,False,False,1.0,True,True,,,,,,,,
2026-08-16,9782508,KIRISHIMA,inside_laden,inside,Last SoH event is entry on 2026-02-26 already laden; no later Kpler crude load.,2026-02-26,Entered MEG,Laden,crude,,,,,,,,,,,0.0,1899994.0,171.0,,,3.0,7.0,VLCC,312539.0,clean fleet,False,False,0.0,True,True,,,,,,,,
2026-08-16,9197909,Arhimeda,loaded_no_exit,inside,Kpler loaded at Kharg Island on 2026-04-20 (In Transit); no SoH exit after that (118d since load end).,2026-04-09,Entered MEG,Ballast,ballast,Iranian Route,2026-04-20 00:00:00,2026-04-20 00:00:00,Kharg Island,,In Transit,trade,inside_gulf,unknown,Iran,1.0,2000002.0,129.0,118.0,,3.0,7.0,VLCC,309498.0,dark fleet,True,True,0.0,True,True,,,,,,,,
2026-08-16,9282041,Kaviz,loaded_no_exit,inside,Kpler loaded at Kharg Island on 2026-05-06 (PortCall); no SoH exit after that (102d since load end).,2026-04-28,Entered MEG,Ballast,ballast,Dark/Unknown Route,2026-05-06 00:00:00,2026-05-06 00:00:00,Kharg Island,,PortCall,portcall,inside_gulf,unknown,Iran,1.0,779772.0,110.0,102.0,,3.0,7.0,AFRA,115390.0,dark fleet,True,True,1.0,True,True,,,,,,,,
2026-08-16,9292498,Niovi,loaded_no_exit,never_seen,Never in the SoH crossing file. Kpler loaded at Kharg Island on 2026-05-06 (In Transit); no SoH exit after that (102d since load end).,,,,,,2026-05-06 00:00:00,2026-05-06 00:00:00,Kharg Island,,In Transit,trade,inside_gulf,unknown,Iran,1.0,999998.0,,102.0,,3.0,7.0,,,clean fleet,False,False,0.0,True,True,,,,,,,,
2026-08-16,9292486,Goldcrest,loaded_no_exit,inside,Kpler loaded at Kharg Island on 2026-06-05 (In Transit); no SoH exit after that (72d since load end).,2026-05-30,Entered MEG,Ballast,ballast,Dark/Unknown Route,2026-06-05 00:00:00,2026-06-05 00:00:00,Kharg Island,,In Transit,trade,inside_gulf,unknown,Iran,1.0,2065177.0,78.0,72.0,,3.0,7.0,VLCC,306998.0,dark fleet,True,True,1.0,True,True,,,,,,,,
2026-08-16,9283746,Fortune,loaded_no_exit,never_seen,Never in the SoH crossing file. Kpler loaded at Kharg Island on 2026-06-10 (PortCall); no SoH exit after that (67d since load end).,,,,,,2026-06-10 00:00:00,2026-06-10 00:00:00,Kharg Island,,PortCall,portcall,inside_gulf,unknown,Iran,1.0,247013.0,,67.0,,3.0,7.0,,,dark fleet,True,True,0.0,True,True,,,,,,,,
2026-08-16,9322293,Singapore Loyalty,loaded_no_exit,never_seen,Never in the SoH crossing file. Kpler loaded at Al Basrah on 2026-07-03 (PortCall); no SoH exit after that (44d since load end).,,,,,,2026-07-03 00:35:00,2026-07-03 00:35:00,Al Basrah,,PortCall,portcall,inside_gulf,unknown,Basrah,1.0,1899994.0,,44.0,,3.0,7.0,,,clean fleet,False,False,0.0,True,True,,,,,,,,
2026-08-16,9377418,Barbados Prosperity,loaded_no_exit,inside,Kpler loaded at Al Basrah on 2026-07-08 (PortCall); no SoH exit after that (39d since load end).,2026-07-01,Entered MEG,Ballast,ballast,Dark/Unknown Route,2026-07-08 12:18:00,2026-07-08 12:18:00,Al Basrah,,PortCall,portcall,inside_gulf,unknown,Basrah,1.0,1980000.0,46.0,39.0,,3.0,7.0,VLCC,297958.0,clean fleet,False,False,1.0,True,True,,,,,,,,
2026-08-16,9858486,Sanam,loaded_no_exit,inside,Kpler loaded at Juaymah on 2026-07-08 (In Transit); no SoH exit after that (39d since load end).,2026-07-07,Entered MEG,Ballast,ballast,Dark/Unknown Route,2026-07-08 18:13:00,2026-07-08 18:13:00,Juaymah,,In Transit,trade,inside_gulf,unknown,Arab,1.0,2065699.0,40.0,39.0,,3.0,7.0,VLCC,299999.0,clean fleet,False,False,1.0,True,True,,,,,,,,
2026-08-16,9079107,Nasha,loaded_no_exit,never_seen,Never in the SoH crossing file. Kpler loaded at Kharg Island on 2026-07-14 (In Transit); no SoH exit after that (33d since load end).,,,,,,2026-07-14 00:00:00,2026-07-14 00:00:00,Kharg Island,,In Transit,trade,inside_gulf,unknown,Iran,1.0,2000002.0,,33.0,,3.0,7.0,,,dark fleet,True,True,0.0,True,True,,,,,,,,
2026-08-16,9203784,Aditya,loaded_no_exit,never_seen,Never in the SoH crossing file. Kpler loaded at Kharg Island on 2026-07-14 (In Transit); no SoH exit after that (33d since load end).,,,,,,2026-07-14 00:00:00,2026-07-14 00:00:00,Kharg Island,,In Transit,trade,inside_gulf,unknown,Iran,1.0,1083338.0,,33.0,,3.0,7.0,,,dark fleet,True,True,0.0,True,True,,,,,,,,
2026-08-16,9853486,Al Siddeeq,loaded_no_exit,inside,Kpler loaded at Mina Al-Ahmadi on 2026-07-14 (In Transit); no SoH exit after that (33d since load end).,2026-06-26,Entered MEG,Ballast,ballast,Dark/Unknown Route,2026-07-14 00:00:00,2026-07-14 00:00:00,Mina Al-Ahmadi,Lome,In Transit,trade,inside_gulf,outside,Kuwait,1.0,1079293.0,51.0,33.0,,3.0,7.0,ULCC,323514.0,clean fleet,False,False,1.0,True,True,,,,,,,,
2026-08-16,9150377,Star 5,loaded_no_exit,never_seen,Never in the SoH crossing file. Kpler loaded at FPSO Soroosh on 2026-07-16 (In Transit); no SoH exit after that (31d since load end).,,,,,,2026-07-16 00:00:00,2026-07-16 00:00:00,FPSO Soroosh,,In Transit,trade,inside_gulf,unknown,Soroosh,1.0,987682.0,,31.0,,3.0,7.0,,,dark fleet,True,True,0.0,True,True,,,,,,,,
2026-08-16,9181194,Felix,loaded_no_exit,inside,Kpler loaded at Kharg Island on 2026-07-16 (In Transit); no SoH exit after that (31d since load end).,2026-07-08,Entered MEG,Ballast,ballast,Iranian Route,2026-07-16 00:00:00,2026-07-16 00:00:00,Kharg Island,,In Transit,trade,inside_gulf,unknown,Iran,1.0,2009185.0,39.0,31.0,,3.0,7.0,VLCC,308491.0,dark fleet,True,True,0.0,True,True,,,,,,,,
2026-08-16,9500730,Habrut,loaded_no_exit,inside,Kpler loaded at Juaymah on 2026-07-18 (In Transit); no SoH exit after that (29d since load end).,2026-07-09,Entered MEG,Ballast,ballast,Dark/Unknown Route,2026-07-18 00:00:00,2026-07-18 00:00:00,Juaymah,Houston,In Transit,trade,inside_gulf,outside,Arab,1.0,2000002.0,38.0,29.0,,3.0,7.0,VLCC,319439.0,clean fleet,False,False,1.0,True,True,,,,,,,,
2026-08-16,9283758,Faxon,loaded_no_exit,never_seen,Never in the SoH crossing file. Kpler loaded at Kharg Island on 2026-07-20 (Delivered); no SoH exit after that (27d since load end).,,,,,,2026-07-20 00:00:00,2026-07-20 00:00:00,Kharg Island,Mideast Gulf,Delivered,trade,inside_gulf,outside,Iran,1.0,247013.0,,27.0,,3.0,7.0,,,dark fleet,True,True,0.0,True,True,,,,,,,,
2026-08-16,9377420,Philippines Prosperity,loaded_no_exit,inside,Kpler loaded at FSO Qatar Petroleum Al Shaheen II on 2026-07-22 (In Transit); no SoH exit after that (25d since load end).,2026-07-16,Entered MEG,Ballast,ballast,Dark/Unknown Route,2026-07-22 00:00:00,2026-07-22 00:00:00,FSO Qatar Petroleum Al Shaheen II,Lianyungang,In Transit,trade,inside_gulf,outside,Shaheen,1.0,1900000.0,31.0,25.0,,3.0,7.0,VLCC,302550.0,clean fleet,False,False,1.0,True,True,,,,,,,,
2026-08-16,9653410,Al Derwazah,loaded_no_exit,inside,Kpler loaded at Mina Al-Ahmadi on 2026-07-24 (In Transit); no SoH exit after that (23d since load end).,2026-07-20,Entered MEG,Ballast,ballast,Dark/Unknown Route,2026-07-24 00:00:00,2026-07-24 00:00:00,Mina Al-Ahmadi,,In Transit,trade,inside_gulf,unknown,Kuwait,1.0,2000002.0,27.0,23.0,,3.0,7.0,VLCC,316884.0,clean fleet,False,False,1.0,True,True,,,,,,,,
2026-08-16,9823534,Al Khtam,loaded_no_exit,inside,Kpler loaded at Jebel Dhanna on 2026-07-24 (In Transit); no SoH exit after that (23d since load end).,2026-07-21,Entered MEG,Ballast,ballast,Dark/Unknown Route,2026-07-24 00:00:00,2026-07-24 00:00:00,Jebel Dhanna,,In Transit,trade,inside_gulf,unknown,Murban,1.0,774835.0,26.0,23.0,,3.0,7.0,AFRA,114644.0,clean fleet,False,False,1.0,True,True,,,,,,,,
2026-08-16,9233222,Ramona I,loaded_no_exit,never_seen,Never in the SoH crossing file. Kpler loaded at Iran on 2026-07-25 (In Transit); no SoH exit after that (22d since load end).,,,,,,2026-07-25 00:00:00,2026-07-25 00:00:00,Iran,,In Transit,trade,inside_gulf,unknown,Iran,1.0,1077683.0,,22.0,,3.0,7.0,,,dark fleet,True,True,0.0,True,True,,,,,,,,
2026-08-16,9357377,Salina,loaded_no_exit,inside,Kpler loaded at Kharg Island on 2026-07-26 (In Transit); no SoH exit after that (21d since load end).,2026-07-02,Entered MEG,Ballast,ballast,Iranian Route,2026-07-26 00:00:00,2026-07-26 00:00:00,Kharg Island,,In Transit,trade,inside_gulf,unknown,Iran,1.0,560352.0,45.0,21.0,,3.0,7.0,VLCC,164154.0,dark fleet,True,True,0.0,True,True,,,,,,,,
2026-08-16,9653422,Al Yarmouk,loaded_no_exit,inside,Kpler loaded at Mina Al-Ahmadi on 2026-07-29 (In Transit); no SoH exit after that (18d since load end).,2026-07-18,Entered MEG,Ballast,ballast,Dark/Unknown Route,2026-07-29 00:00:00,2026-07-29 00:00:00,Mina Al-Ahmadi,,In Transit,trade,inside_gulf,unknown,Kuwait,1.0,2115621.0,29.0,18.0,,3.0,7.0,VLCC,317033.0,clean fleet,False,False,1.0,True,True,,,,,,,,
2026-08-16,9395317,Germany B,loaded_no_exit,inside,Kpler loaded at FSO Qatar Petroleum Al Shaheen II on 2026-07-30 (In Transit); no SoH exit after that (17d since load end).,2026-07-02,Entered MEG,Ballast,ballast,Dark/Unknown Route,2026-07-30 13:59:00,2026-07-30 13:59:00,FSO Qatar Petroleum Al Shaheen II,,In Transit,trade,inside_gulf,unknown,Shaheen,1.0,1106805.0,45.0,17.0,,3.0,7.0,VLCC,296681.0,clean fleet,False,False,1.0,True,True,,,,,,,,
2026-08-16,9418066,Peru Prosperity,loaded_no_exit,inside,Kpler loaded at Al Basrah on 2026-07-30 (In Transit); no SoH exit after that (17d since load end).,2026-07-02,Entered MEG,Ballast,ballast,Dark/Unknown Route,2026-07-30 03:39:00,2026-07-30 03:39:00,Al Basrah,,In Transit,trade,inside_gulf,unknown,Basrah,1.0,1959999.0,45.0,17.0,,3.0,7.0,VLCC,318080.0,clean fleet,False,False,1.0,True,True,,,,,,,,
2026-08-16,9258870,Uma,loaded_no_exit,inside,Kpler loaded at Kharg Island on 2026-07-31 (In Transit); no SoH exit after that (16d since load end).,2026-03-31,Entered MEG,Ballast,ballast,Iranian Route,2026-07-31 00:00:00,2026-07-31 00:00:00,Kharg Island,,In Transit,trade,inside_gulf,unknown,Iran,1.0,751324.0,138.0,16.0,,3.0,7.0,AFRA,114761.0,dark fleet,True,True,0.0,True,True,,,,,,,,
2026-08-16,9327554,Mersin Prosperity,loaded_no_exit,inside,Kpler loaded at Zirku on 2026-08-01 (In Transit); no SoH exit after that (15d since load end).,2026-07-22,Entered MEG,Ballast,ballast,Dark/Unknown Route,2026-08-01 00:00:00,2026-08-01 00:00:00,Zirku,,In Transit,trade,inside_gulf,unknown,Zakum,1.0,2000002.0,25.0,15.0,,3.0,7.0,VLCC,299319.0,clean fleet,False,False,1.0,True,True,,,,,,,,
2026-08-16,9376751,Finland Prosperity,loaded_no_exit,inside,Kpler loaded at Al Basrah on 2026-08-01 (PortCall); no SoH exit after that (15d since load end).,2026-07-01,Entered MEG,Ballast,ballast,Omani Route,2026-08-01 09:22:00,2026-08-01 09:22:00,Al Basrah,,PortCall,portcall,inside_gulf,unknown,Basrah Med.,1.0,2010305.0,46.0,15.0,,3.0,7.0,VLCC,297573.0,clean fleet,False,False,0.0,True,True,,,,,,,,
2026-08-16,9414931,Tanzania Prosperity,loaded_no_exit,inside,Kpler loaded at Al Basrah on 2026-08-01 (In Transit); no SoH exit after that (15d since load end).,2026-07-05,Entered MEG,Ballast,ballast,Dark/Unknown Route,2026-08-01 03:59:00,2026-08-01 03:59:00,Al Basrah,,In Transit,trade,inside_gulf,unknown,Basrah,1.0,1959999.0,42.0,15.0,,3.0,7.0,VLCC,296800.0,clean fleet,False,False,1.0,True,True,,,,,,,,
2026-08-16,9293155,Benedict,loaded_no_exit,inside,Kpler loaded at Lavan on 2026-08-02 (In Transit); no SoH exit after that (14d since load end).,2026-07-14,Entered MEG,Ballast,ballast,Iranian Route,2026-08-02 17:39:00,2026-08-02 17:39:00,Lavan,,In Transit,trade,inside_gulf,unknown,Lavan,1.0,718088.0,33.0,14.0,,3.0,7.0,AFRA,106062.0,dark fleet,True,True,0.0,True,True,,,,,,,,
2026-08-16,8007195,Alman,loaded_no_exit,never_seen,Never in the SoH crossing file. Kpler loaded at Khor Al Zubair Light. on 2026-08-05 (PortCall); no SoH exit after that (11d since load end).,,,,,,2026-08-05 07:57:00,2026-08-05 07:57:00,Khor Al Zubair Light.,,PortCall,portcall,inside_gulf,unknown,,1.0,51809.0,,11.0,,3.0,7.0,,,clean fleet,False,False,0.0,True,True,,,,,,,,
2026-08-16,9529956,Jamaica Prosperity,loaded_no_exit,inside,Kpler loaded at Al Basrah on 2026-08-06 (PortCall); no SoH exit after that (10d since load end).,2026-08-02,Entered MEG,Ballast,ballast,Dark/Unknown Route,2026-08-06 07:56:00,2026-08-06 07:56:00,Al Basrah,,PortCall,portcall,inside_gulf,unknown,Basrah,1.0,1459997.0,14.0,10.0,,3.0,7.0,VLCC,314000.0,clean fleet,False,False,1.0,True,True,,,,,,,,
2026-08-16,9231224,Tiyara,loaded_no_exit,inside,Kpler loaded at FPSO Soroosh on 2026-08-07 (In Transit); no SoH exit after that (9d since load end).,2026-07-17,Entered MEG,Ballast,ballast,Dark/Unknown Route,2026-08-07 16:18:00,2026-08-07 16:18:00,FPSO Soroosh,,In Transit,trade,inside_gulf,unknown,Soroosh,1.0,737945.0,30.0,9.0,,3.0,7.0,AFRA,112679.0,dark fleet,True,True,1.0,True,True,,,,,,,,
2026-08-16,9176993,Helga,loaded_no_exit,inside,Kpler loaded at Al Basrah on 2026-08-08 (In Transit); no SoH exit after that (8d since load end).,2026-08-02,Entered MEG,Ballast,ballast,Dark/Unknown Route,2026-08-08 00:00:00,2026-08-08 00:00:00,Al Basrah,,In Transit,trade,inside_gulf,unknown,Basrah,1.0,1959999.0,14.0,8.0,,3.0,7.0,VLCC,298620.0,clean fleet,False,False,1.0,True,True,,,,,,,,
2026-08-16,9329693,Kazimah III,loaded_no_exit,inside,Kpler loaded at Mina Al-Ahmadi on 2026-08-08 (In Transit); no SoH exit after that (8d since load end).,2026-08-02,Entered MEG,Ballast,ballast,Dark/Unknown Route,2026-08-08 00:00:00,2026-08-08 00:00:00,Mina Al-Ahmadi,,In Transit,trade,inside_gulf,unknown,Kuwait,1.0,2000002.0,14.0,8.0,,3.0,7.0,VLCC,317250.0,clean fleet,False,False,1.0,True,True,,,,,,,,
2026-08-16,9653408,Al Funtas,loaded_no_exit,inside,Kpler loaded at Mina Al-Ahmadi on 2026-08-08 (In Transit); no SoH exit after that (8d since load end).,2026-08-02,Entered MEG,Ballast,ballast,Dark/Unknown Route,2026-08-08 00:00:00,2026-08-08 00:00:00,Mina Al-Ahmadi,,In Transit,trade,inside_gulf,unknown,Kuwait,1.0,2000002.0,14.0,8.0,,3.0,7.0,VLCC,316648.0,clean fleet,False,False,1.0,True,True,,,,,,,,
2026-08-16,9410222,ZOUZOU N.,accounted,outside,Kpler loaded at FSO Qatar Petroleum Al Shaheen II on 2026-04-18 then SoH laden exit on 2026-04-19.,2026-04-19,Exited MEG,Laden,crude,Dark/Unknown Route,2026-04-18 00:00:00,2026-04-18 00:00:00,FSO Qatar Petroleum Al Shaheen II,S-Oil Onsan,Delivered,trade,inside_gulf,outside,Shaheen,0.0,999998.0,,120.0,1.0,3.0,7.0,VLCC,162204.0,clean fleet,False,False,1.0,True,False,,,,,,,,
2026-08-16,9759824,AGIOS FANOURIOS I,accounted,outside,Kpler loaded at Al Basrah on 2026-04-20 then SoH laden exit on 2026-05-10.,2026-05-10,Exited MEG,Laden,crude,Iranian Route,2026-04-20 04:57:00,2026-04-20 04:57:00,Al Basrah,NSRP,Delivered,trade,inside_gulf,outside,Basrah Med.,0.0,1966754.0,,118.0,20.0,3.0,7.0,VLCC,303123.0,clean fleet,False,False,0.0,True,False,giver_after_exit,giver,Fujairah Light,2026-06-23 09:59:00,44,V.Advance,9845221,1200001
2026-08-16,9379208,JIAOLONG,accounted,outside,Kpler loaded at Zirku on 2026-04-22 then SoH laden exit on 2026-04-24.,2026-04-24,Exited MEG,Laden,crude,Dark/Unknown Route,2026-04-22 00:00:00,2026-04-22 00:00:00,Zirku,Jamnagar Refinery,Delivered,trade,inside_gulf,outside,Zakum,1.0,999998.0,,116.0,2.0,3.0,7.0,LR2,159021.0,clean fleet,False,False,1.0,True,False,,,,,,,,
2026-08-16,9608867,MAGIC VICTORIA,accounted,outside,Kpler loaded at Das Island on 2026-04-23 then SoH laden exit on 2026-06-25.,2026-06-25,Exited MEG,Laden,crude,Omani Route,2026-04-23 08:18:00,2026-04-23 08:18:00,Das Island,Jamnagar Refinery,Delivered,trade,inside_gulf,outside,Das,1.0,249994.0,,115.0,63.0,3.0,7.0,LR1,74902.0,clean fleet,False,False,0.0,True,False,,,,,,,,
2026-08-16,9800257,KASOS,accounted,outside,Kpler loaded at FSO Qatar Petroleum Al Shaheen I on 2026-04-24 then SoH laden exit on 2026-04-26.,2026-04-26,Exited MEG,Laden,crude,Dark/Unknown Route,2026-04-24 00:00:00,2026-04-24 00:00:00,FSO Qatar Petroleum Al Shaheen I,Hyundai Daesan Refinery,Delivered,trade,inside_gulf,outside,Shaheen,1.0,1058053.0,,114.0,2.0,3.0,7.0,LR2,156989.0,clean fleet,False,False,1.0,True,False,,,,,,,,
2026-08-16,9183934,FELICITY,accounted,outside,Kpler loaded at Kharg Island on 2026-04-25 then SoH laden exit on 2026-06-19.,2026-06-19,Exited MEG,Laden,crude,Dark/Unknown Route,2026-04-25 00:00:00,2026-04-25 00:00:00,Kharg Island,Dongjiakou Oil Terminal,Delivered,trade,inside_gulf,outside,Iran,1.0,2009122.0,,113.0,55.0,3.0,7.0,VLCC,299990.0,dark fleet,True,True,1.0,True,False,,,,,,,,
2026-08-16,9236250,VIRGO,accounted,outside,Kpler loaded at Kharg Island on 2026-04-25 then SoH laden exit on 2026-06-22.,2026-06-22,Exited MEG,Laden,crude,Iranian Route,2026-04-25 00:00:00,2026-04-25 00:00:00,Kharg Island,,In Transit,trade,inside_gulf,unknown,Iran,1.0,2047993.0,,113.0,58.0,3.0,7.0,VLCC,305796.0,dark fleet,True,True,0.0,True,False,,,,,,,,
2026-08-16,9357717,DORE,accounted,outside,Kpler loaded at Kharg Island on 2026-04-25 then SoH laden exit on 2026-06-21.,2026-06-21,Exited MEG,Laden,crude,Dark/Unknown Route,2026-04-25 00:00:00,2026-04-25 00:00:00,Kharg Island,,In Transit,trade,inside_gulf,unknown,Iran,1.0,2143057.0,,113.0,57.0,3.0,7.0,VLCC,317850.0,dark fleet,True,True,1.0,True,False,,,,,,,,
2026-08-16,1038884,ALIAKMON I,accounted,outside,Kpler loaded at Das Island on 2026-04-28 then SoH laden exit on 2026-05-02.,2026-05-02,Exited MEG,Laden,crude,Dark/Unknown Route,2026-04-28 00:00:00,2026-04-28 00:00:00,Das Island,Ras Markaz,Delivered,trade,inside_gulf,bypass_east,Das,1.0,1899994.0,,110.0,4.0,3.0,7.0,VLCC,299992.0,clean fleet,False,False,1.0,True,False,,,,,,,,
2026-08-16,9293143,TITAN,accounted,outside,Kpler loaded at Kharg Island on 2026-04-28 then SoH laden exit on 2026-06-22.,2026-06-22,Exited MEG,Laden,crude,Dark/Unknown Route,2026-04-28 00:00:00,2026-04-28 00:00:00,Kharg Island,,In Transit,trade,inside_gulf,unknown,Iran,1.0,1066657.0,,110.0,55.0,3.0,7.0,LR2,159195.0,dark fleet,True,True,1.0,True,False,,,,,,,,
2026-08-16,9838577,LION,accounted,outside,Kpler loaded at Halul Island on 2026-04-28 then SoH laden exit on 2026-06-22.,2026-06-22,Exited MEG,Laden,crude,Dark/Unknown Route,2026-04-28 18:56:00,2026-04-28 18:56:00,Halul Island,Fos Sur Mer,Delivered,trade,inside_gulf,outside,Qatar Mar.,1.0,570819.0,,110.0,55.0,3.0,7.0,AFRA,114036.0,clean fleet,False,False,1.0,True,False,,,,,,,,
2026-08-16,9262156,VIGOR,accounted,outside,Kpler loaded at Kharg Island on 2026-04-30 then SoH laden exit on 2026-06-22.,2026-06-22,Exited MEG,Laden,crude,Iranian Route,2026-04-30 00:00:00,2026-04-30 00:00:00,Kharg Island,,In Transit,trade,inside_gulf,unknown,Iran,1.0,2070699.0,,108.0,53.0,3.0,7.0,VLCC,299984.0,dark fleet,True,True,0.0,True,False,,,,,,,,
2026-08-16,9926738,VL BREEZE,accounted,outside,Kpler loaded at Zirku on 2026-04-30 then SoH laden exit on 2026-06-24.,2026-06-24,Exited MEG,Laden,crude,IMO Route,2026-04-30 01:59:00,2026-04-30 01:59:00,Zirku,KNOC Daesan,Delivered,trade,inside_gulf,outside,Zakum,1.0,527778.0,,108.0,55.0,3.0,7.0,VLCC,319202.0,clean fleet,False,False,0.0,True,False,,,,,,,,
2026-08-16,9273052,SOUFIA 1,accounted,outside,Kpler loaded at Kharg Island on 2026-05-02 then SoH laden exit on 2026-07-06.,2026-07-06,Exited MEG,Laden,crude,Iranian Route,2026-05-02 00:00:00,2026-05-02 00:00:00,Kharg Island,Eastern Asia,In Transit,trade,inside_gulf,outside,Iran,1.0,709578.0,,106.0,65.0,3.0,7.0,AFRA,105850.0,dark fleet,False,True,0.0,True,False,,,,,,,,
2026-08-16,9196644,ELVA,accounted,outside,Kpler loaded at Kharg Island on 2026-05-06 then SoH laden exit on 2026-06-22.,2026-06-22,Exited MEG,Laden,crude,Iranian Route,2026-05-06 00:00:00,2026-05-06 00:00:00,Kharg Island,,In Transit,trade,inside_gulf,unknown,Iran,1.0,2007462.0,,102.0,47.0,3.0,7.0,VLCC,298465.0,dark fleet,True,True,0.0,True,False,,,,,,,,
2026-08-16,9226011,PHOEBEII,accounted,outside,Kpler loaded at Kharg Island on 2026-05-22 then SoH laden exit on 2026-06-08.,2026-06-08,Exited MEG,Laden,crude,Iranian Route,2026-05-22 00:00:00,2026-05-22 00:00:00,Kharg Island,,In Transit,trade,inside_gulf,unknown,Iran,1.0,326088.0,,86.0,17.0,3.0,7.0,LR1,47084.0,dark fleet,True,True,0.0,True,False,,,,,,,,
2026-08-16,9290919,VICTORY ARI,accounted,outside,Kpler loaded at Kharg Island on 2026-05-22 then SoH laden exit on 2026-06-25.,2026-06-25,Exited MEG,Laden,crude,Dark/Unknown Route,2026-05-22 00:00:00,2026-05-22 00:00:00,Kharg Island,,In Transit,trade,inside_gulf,unknown,Iran,1.0,326327.0,,86.0,34.0,3.0,7.0,LR1,47120.0,dark fleet,True,True,1.0,True,False,,,,,,,,
2026-08-16,9800271,TILOS I,accounted,outside,Kpler loaded at Halul Island on 2026-05-22 then SoH laden exit on 2026-05-23.,2026-05-23,Exited MEG,Laden,crude,Dark/Unknown Route,2026-05-22 00:00:00,2026-05-22 00:00:00,Halul Island,Jamnagar Refinery,Delivered,trade,inside_gulf,outside,Qatar Mar.,1.0,508877.0,,86.0,1.0,3.0,7.0,LR2,149999.0,clean fleet,False,False,1.0,True,False,,,,,,,,
2026-08-16,9312511,MONACO LOYALTY,accounted,outside,Kpler loaded at FSO Qatar Petroleum Al Shaheen I on 2026-06-01 then SoH laden exit on 2026-06-21.,2026-06-21,Exited MEG,Laden,crude,Dark/Unknown Route,2026-06-01 12:54:00,2026-06-01 12:54:00,FSO Qatar Petroleum Al Shaheen I,Linggi Light.,Delivered,trade,inside_gulf,outside,Shaheen,1.0,2057944.0,,76.0,20.0,3.0,7.0,VLCC,307284.0,clean fleet,False,False,1.0,True,False,giver_after_exit,giver,Fujairah Light,2026-08-05 00:00:00,45,Hafeet,9928009,1996461
2026-08-16,9308778,AMIL,accounted,outside,Kpler loaded at Kharg Island on 2026-06-06 then SoH laden exit on 2026-07-07.,2026-07-07,Exited MEG,Laden,crude,Dark/Unknown Route,2026-06-06 01:16:00,2026-06-06 01:16:00,Kharg Island,,In Transit,trade,inside_gulf,unknown,Iran,1.0,332158.0,,71.0,31.0,3.0,7.0,LR1,47999.0,dark fleet,True,True,1.0,True,False,,,,,,,,
2026-08-16,9410208,KAROLOS,accounted,outside,Kpler loaded at Halul Island on 2026-06-08 then SoH laden exit on 2026-06-10.,2026-06-10,Exited MEG,Laden,crude,Dark/Unknown Route,2026-06-08 00:00:00,2026-06-08 00:00:00,Halul Island,Jamnagar Refinery,Delivered,trade,inside_gulf,outside,Qatar Mar.,1.0,508851.0,,69.0,2.0,3.0,7.0,VLCC,162418.0,clean fleet,False,False,1.0,True,False,,,,,,,,
2026-08-16,9254915,SCALER,accounted,outside,Kpler loaded at Kharg Island on 2026-06-09 then SoH laden exit on 2026-07-11.,2026-07-11,Exited MEG,Laden,crude,IMO Route,2026-06-09 00:00:00,2026-06-09 00:00:00,Kharg Island,,In Transit,trade,inside_gulf,unknown,Iran,1.0,713585.0,,68.0,32.0,3.0,7.0,AFRA,106449.0,dark fleet,True,True,0.0,True,False,,,,,,,,
2026-08-16,9258521,LAUREN II,accounted,outside,Kpler loaded at Kharg Island on 2026-06-21 then SoH laden exit on 2026-06-27.,2026-06-27,Exited MEG,Laden,crude,Dark/Unknown Route,2026-06-21 00:00:00,2026-06-21 00:00:00,Kharg Island,Rizhao,In Transit,trade,inside_gulf,outside,Iran,1.0,2055094.0,,56.0,6.0,3.0,7.0,VLCC,298564.0,dark fleet,False,True,1.0,True,False,,,,,,,,
2026-08-16,9362059,HERBY,accounted,outside,Kpler loaded at Kharg Island on 2026-06-21 then SoH laden exit on 2026-06-28.,2026-06-28,Exited MEG,Laden,crude,Dark/Unknown Route,2026-06-21 00:00:00,2026-06-21 00:00:00,Kharg Island,EOPL,Delivered,trade,inside_gulf,outside,Iran,1.0,2117766.0,,56.0,7.0,3.0,7.0,VLCC,317356.0,dark fleet,True,True,1.0,True,False,,,,,,,,
2026-08-16,9171448,IMPALAS,accounted,outside,Kpler loaded at Kharg Island on 2026-06-22 then SoH laden exit on 2026-06-25.,2026-06-25,Exited MEG,Laden,crude,Iranian Route,2026-06-22 23:59:00,2026-06-22 23:59:00,Kharg Island,,In Transit,trade,inside_gulf,unknown,Iran,1.0,2003612.0,,55.0,3.0,3.0,7.0,VLCC,299167.0,dark fleet,True,True,0.0,True,False,,,,,,,,
2026-08-16,9178068,KATSUYA,accounted,outside,Kpler loaded at Iran on 2026-06-26 then SoH laden exit on 2026-07-01.,2026-07-01,Exited MEG,Laden,crude,Dark/Unknown Route,2026-06-26 00:00:00,2026-06-26 00:00:00,Iran,,In Transit,trade,inside_gulf,unknown,Iran,1.0,326233.0,,51.0,5.0,3.0,7.0,LR1,47053.0,dark fleet,True,True,1.0,True,False,,,,,,,,
2026-08-16,9224271,NICHOLA,accounted,outside,Kpler loaded at Kharg Island on 2026-06-26 then SoH laden exit on 2026-06-30.,2026-06-30,Exited MEG,Laden,crude,Iranian Route,2026-06-26 00:00:00,2026-06-26 00:00:00,Kharg Island,,In Transit,trade,inside_gulf,unknown,Iran,1.0,1036252.0,,51.0,4.0,3.0,7.0,VLCC,160288.0,dark fleet,True,True,0.0,True,False,,,,,,,,
2026-08-16,9268112,ALBA,accounted,outside,Kpler loaded at Kharg Island on 2026-06-26 then SoH laden exit on 2026-06-30.,2026-06-30,Exited MEG,Laden,crude,Omani Route,2026-06-26 00:00:00,2026-06-26 00:00:00,Kharg Island,,In Transit,trade,inside_gulf,unknown,Iran,1.0,708842.0,,51.0,4.0,3.0,7.0,AFRA,106360.0,dark fleet,True,True,0.0,True,False,,,,,,,,
2026-08-16,9569633,STREAM,accounted,outside,Kpler loaded at FPSO Soroosh on 2026-06-26 then SoH laden exit on 2026-06-30.,2026-06-30,Exited MEG,Laden,crude,Dark/Unknown Route,2026-06-26 00:00:00,2026-06-26 00:00:00,FPSO Soroosh,,In Transit,trade,inside_gulf,unknown,Soroosh,1.0,999998.0,,51.0,4.0,3.0,7.0,VLCC,317534.0,dark fleet,True,True,1.0,True,False,,,,,,,,
2026-08-16,9854703,ZAYNAH,accounted,outside,Kpler loaded at Juaymah on 2026-06-26 then SoH laden exit on 2026-06-27.,2026-06-27,Exited MEG,Laden,crude,Dark/Unknown Route,2026-06-26 20:18:00,2026-06-26 20:18:00,Juaymah,Shenghong Refinery and Petrochemical,Delivered,trade,inside_gulf,outside,Arab,1.0,1999996.0,,51.0,1.0,3.0,7.0,VLCC,300759.0,clean fleet,False,False,1.0,True,False,,,,,,,,
2026-08-16,9783693,AMAD,accounted,outside,Kpler loaded at Juaymah on 2026-06-27 then SoH laden exit on 2026-07-02.,2026-07-02,Exited MEG,Laden,crude,Dark/Unknown Route,2026-06-27 16:59:00,2026-06-27 16:59:00,Juaymah,Ningbo Shihua Crude Oil Terminal,Delivered,trade,inside_gulf,outside,Arab Hy.,1.0,1999996.0,,50.0,5.0,3.0,7.0,VLCC,298705.0,clean fleet,False,False,1.0,True,False,,,,,,,,
2026-08-16,9853589,QASBA,accounted,outside,Kpler loaded at Juaymah on 2026-06-27 then SoH laden exit on 2026-07-02.,2026-07-02,Exited MEG,Laden,crude,Dark/Unknown Route,2026-06-27 07:59:00,2026-06-27 07:59:00,Juaymah,FREP Plant,Delivered,trade,inside_gulf,outside,Arab,1.0,1999996.0,,50.0,5.0,3.0,7.0,VLCC,299499.0,clean fleet,False,False,1.0,True,False,,,,,,,,
2026-08-16,9244635,AMAK,accounted,outside,Kpler loaded at Kharg Island on 2026-06-28 then SoH laden exit on 2026-06-30.,2026-06-30,Exited MEG,Laden,crude,IMO Route,2026-06-28 00:00:00,2026-06-28 00:00:00,Kharg Island,,In Transit,trade,inside_gulf,unknown,Iran,1.0,2071366.0,,49.0,2.0,3.0,7.0,VLCC,300405.0,dark fleet,True,True,0.0,True,False,,,,,,,,
2026-08-16,9384198,MANIFA,accounted,outside,Kpler loaded at Ras Tanura on 2026-06-28 then SoH laden exit on 2026-07-02.,2026-07-02,Exited MEG,Laden,crude,Dark/Unknown Route,2026-06-28 00:00:00,2026-06-28 00:00:00,Ras Tanura,Sinochem Xingzhong Aoshan Oil Terminal,Delivered,trade,inside_gulf,outside,Arab M,1.0,2112583.0,,49.0,4.0,3.0,7.0,VLCC,319427.0,clean fleet,False,False,1.0,True,False,,,,,,,,
2026-08-16,9197844,HORNET,accounted,outside,Kpler loaded at Kharg Island on 2026-06-29 then SoH laden exit on 2026-07-03.,2026-07-03,Exited MEG,Laden,crude,Iranian Route,2026-06-29 00:00:00,2026-06-29 00:00:00,Kharg Island,China,In Transit,trade,inside_gulf,outside,Iran,1.0,1012307.0,,48.0,4.0,3.0,7.0,VLCC,281050.0,dark fleet,True,True,0.0,True,False,,,,,,,,
2026-08-16,1044869,NISSOS TIGANI,accounted,outside,Kpler loaded at Al Basrah on 2026-06-30 then SoH laden exit on 2026-07-04.,2026-07-04,Exited MEG,Laden,crude,Dark/Unknown Route,2026-06-30 21:59:00,2026-06-30 21:59:00,Al Basrah,Ain Sukhna,Delivered,trade,inside_gulf,outside,Basrah,1.0,979996.0,,47.0,4.0,3.0,7.0,LR2,156790.0,clean fleet,False,False,1.0,True,False,,,,,,,,
2026-08-16,9212890,HALTI,accounted,outside,Kpler loaded at Kharg Island on 2026-06-30 then SoH laden exit on 2026-07-04.,2026-07-04,Exited MEG,Laden,crude,Dark/Unknown Route,2026-06-30 00:00:00,2026-06-30 00:00:00,Kharg Island,EOPL,Delivered,trade,inside_gulf,outside,Iran,1.0,2034200.0,,47.0,4.0,3.0,7.0,VLCC,299261.0,dark fleet,True,True,1.0,True,False,,,,,,,,
2026-08-16,9384227,JALADI,accounted,outside,Kpler loaded at Ras Tanura on 2026-06-30 then SoH laden exit on 2026-07-03.,2026-07-03,Exited MEG,Laden,crude,Dark/Unknown Route,2026-06-30 21:34:00,2026-06-30 21:34:00,Ras Tanura,Zhejiang Zhoushan Refinery and Petrochemical,Delivered,trade,inside_gulf,outside,Arab,1.0,2131736.0,,47.0,3.0,3.0,7.0,VLCC,318000.0,clean fleet,False,False,1.0,True,False,,,,,,,,
2026-08-16,9384239,KARAN,accounted,outside,Kpler loaded at Juaymah on 2026-07-01 then SoH laden exit on 2026-07-02.,2026-07-02,Exited MEG,Laden,crude,Dark/Unknown Route,2026-07-01 23:00:00,2026-07-01 23:00:00,Juaymah,,PortCall,portcall,inside_gulf,unknown,Arab Hy.,1.0,1049467.0,,46.0,1.0,3.0,7.0,VLCC,319410.0,clean fleet,False,False,1.0,True,False,,,,,,,,
2026-08-16,9484730,NISALAH,accounted,outside,Kpler loaded at Ras Tanura on 2026-07-02 then SoH laden exit on 2026-07-03.,2026-07-03,Exited MEG,Laden,crude,Dark/Unknown Route,2026-07-02 06:38:00,2026-07-02 06:38:00,Ras Tanura,,In Transit,trade,inside_gulf,unknown,Arab,1.0,2000002.0,,45.0,1.0,3.0,7.0,VLCC,319329.0,clean fleet,False,False,1.0,True,False,,,,,,,,
2026-08-16,9830824,UQAB,accounted,outside,Kpler loaded at Juaymah on 2026-07-02 then SoH laden exit on 2026-07-03.,2026-07-03,Exited MEG,Laden,crude,Dark/Unknown Route,2026-07-02 11:38:00,2026-07-02 11:38:00,Juaymah,Ningbo Shihua Crude Oil Terminal,Delivered,trade,inside_gulf,outside,Arab,1.0,1004583.0,,45.0,1.0,3.0,7.0,VLCC,298998.0,clean fleet,False,False,1.0,True,False,,,,,,,,
2026-08-16,9233753,ATILA,accounted,outside,Kpler loaded at Kharg Island on 2026-07-03 then SoH laden exit on 2026-07-06.,2026-07-06,Exited MEG,Laden,crude,Iranian Route,2026-07-03 00:00:00,2026-07-03 00:00:00,Kharg Island,,In Transit,trade,inside_gulf,unknown,Iran,1.0,2000002.0,,44.0,3.0,3.0,7.0,VLCC,309064.0,dark fleet,True,True,0.0,True,False,,,,,,,,
2026-08-16,9262168,BERG 1,accounted,outside,Kpler loaded at Kharg Island on 2026-07-03 then SoH laden exit on 2026-07-09.,2026-07-09,Exited MEG,Laden,crude,Iranian Route,2026-07-03 00:00:00,2026-07-03 00:00:00,Kharg Island,,In Transit,trade,inside_gulf,unknown,Iran,1.0,2070699.0,,44.0,6.0,3.0,7.0,VLCC,299984.0,dark fleet,True,True,0.0,True,False,,,,,,,,
2026-08-16,9524970,WEDYAN,accounted,outside,Kpler loaded at Ras Tanura on 2026-07-03 then SoH laden exit on 2026-07-11.,2026-07-11,Exited MEG,Laden,crude,Dark/Unknown Route,2026-07-03 14:19:00,2026-07-03 14:19:00,Ras Tanura,BORL Jamnagar Oil Terminal,Delivered,trade,inside_gulf,outside,Arab,1.0,1580956.0,,44.0,8.0,3.0,7.0,ULCC,321234.0,clean fleet,False,False,1.0,True,False,receiver_after_exit,receiver,Sohar Light,2026-07-31 00:00:00,20,Ajwad,9830795,2000002
2026-08-16,9357391,HELM,accounted,outside,Kpler loaded at Kharg Island on 2026-07-04 then SoH laden exit on 2026-07-07.,2026-07-07,Exited MEG,Laden,crude,Dark/Unknown Route,2026-07-04 00:00:00,2026-07-04 00:00:00,Kharg Island,,In Transit,trade,inside_gulf,unknown,Iran,1.0,2000002.0,,43.0,3.0,3.0,7.0,VLCC,317356.0,dark fleet,True,True,1.0,True,False,,,,,,,,
2026-08-16,9411032,TOGO PROSPERITY,accounted,outside,Kpler loaded at Dubai Light. on 2026-07-05 then SoH laden exit on 2026-07-07.,2026-07-07,Exited MEG,Laden,crude,Omani Route,2026-07-05 13:55:00,2026-07-05 13:55:00,Dubai Light.,,PortCall,portcall,inside_gulf,unknown,Murban,1.0,1900000.0,,42.0,2.0,3.0,7.0,VLCC,318325.0,clean fleet,False,False,0.0,True,False,receiver_after_exit,receiver,Sohar Light,2026-08-15 00:00:00,39,Vive Ut Vivas,1055387,2000002
2026-08-16,9722936,KUWAIT PROSPERITY,accounted,outside,Kpler loaded at Al Basrah on 2026-07-05 then SoH laden exit on 2026-07-12.,2026-07-12,Exited MEG,Laden,crude,Dark/Unknown Route,2026-07-05 16:39:00,2026-07-05 16:39:00,Al Basrah,FPCC Mailiao Refinery,Delivered,trade,inside_gulf,outside,Basrah,1.0,1980000.0,,42.0,7.0,3.0,7.0,VLCC,299533.0,clean fleet,False,False,1.0,True,False,,,,,,,,
2026-08-16,9315147,ECUADOR PROSPERITY,accounted,outside,Kpler loaded at Al Basrah on 2026-07-06 then SoH laden exit on 2026-07-15.,2026-07-15,Exited MEG,Laden,crude,Dark/Unknown Route,2026-07-06 09:57:00,2026-07-06 09:57:00,Al Basrah,Yantai,Delivered,trade,inside_gulf,outside,Basrah Hy.,1.0,2120880.0,,41.0,9.0,3.0,7.0,VLCC,317826.0,clean fleet,False,False,1.0,True,False,,,,,,,,
2026-08-16,9728708,BELGIUM B,accounted,outside,Kpler loaded at Juaymah on 2026-07-06 then SoH laden exit on 2026-07-10.,2026-07-10,Exited MEG,Laden,crude,Dark/Unknown Route,2026-07-06 20:59:00,2026-07-06 20:59:00,Juaymah,Petrochina Jieyang Terminal,Delivered,trade,inside_gulf,outside,Arab,1.0,2073008.0,,41.0,4.0,3.0,7.0,VLCC,298991.0,clean fleet,False,False,1.0,True,False,,,,,,,,
2026-08-16,9792266,CONGO PROSPERITY,accounted,outside,Kpler loaded at Al Basrah on 2026-07-07 then SoH laden exit on 2026-07-25.,2026-07-25,Exited MEG,Laden,crude,Dark/Unknown Route,2026-07-07 08:39:00,2026-07-07 08:39:00,Al Basrah,,PortCall,portcall,inside_gulf,unknown,Basrah Med.,1.0,2008676.0,,40.0,18.0,3.0,7.0,VLCC,300853.0,clean fleet,False,False,1.0,True,False,,,,,,,,
2026-08-16,9180281,HUMANITY,accounted,outside,Kpler loaded at Kharg Island on 2026-07-08 then SoH laden exit on 2026-07-12.,2026-07-12,Exited MEG,Laden,crude,Dark/Unknown Route,2026-07-08 00:00:00,2026-07-08 00:00:00,Kharg Island,,In Transit,trade,inside_gulf,unknown,Iran,1.0,1941494.0,,39.0,4.0,3.0,7.0,VLCC,299990.0,dark fleet,True,True,1.0,True,False,,,,,,,,
2026-08-16,9357729,DAN,accounted,outside,Kpler loaded at Kharg Island on 2026-07-08 then SoH laden exit on 2026-07-11.,2026-07-11,Exited MEG,Laden,crude,Dark/Unknown Route,2026-07-08 00:00:00,2026-07-08 00:00:00,Kharg Island,,In Transit,trade,inside_gulf,unknown,Iran,1.0,1287650.0,,39.0,3.0,3.0,7.0,VLCC,319999.0,dark fleet,True,True,1.0,True,False,,,,,,,,
2026-08-16,9534858,COSTA RICA PROSPERITY,accounted,outside,Kpler loaded at Al Basrah on 2026-07-08 then SoH laden exit on 2026-07-13.,2026-07-13,Exited MEG,Laden,crude,Dark/Unknown Route,2026-07-08 04:59:00,2026-07-08 04:59:00,Al Basrah,Turkey,In Transit,trade,inside_gulf,outside,Basrah Med.,1.0,2064969.0,,39.0,5.0,3.0,7.0,VLCC,297136.0,clean fleet,False,False,1.0,True,False,,,,,,,,
2026-08-16,9569712,DUNE,accounted,outside,Kpler loaded at Kharg Island on 2026-07-08 then SoH laden exit on 2026-07-11.,2026-07-11,Exited MEG,Laden,crude,Iranian Route,2026-07-08 00:00:00,2026-07-08 00:00:00,Kharg Island,,In Transit,trade,inside_gulf,unknown,Iran,1.0,2000002.0,,39.0,3.0,3.0,7.0,VLCC,319247.0,dark fleet,True,True,0.0,True,False,,,,,,,,
2026-08-16,9732553,COLOMBIA PROSPERITY,accounted,outside,Kpler loaded at Juaymah on 2026-07-09 then SoH laden exit on 2026-07-13.,2026-07-13,Exited MEG,Laden,crude,Dark/Unknown Route,2026-07-09 22:39:00,2026-07-09 22:39:00,Juaymah,Waidiao,Delivered,trade,inside_gulf,outside,Arab,1.0,998073.0,,38.0,4.0,3.0,7.0,VLCC,299010.0,clean fleet,False,False,1.0,True,False,,,,,,,,
2026-08-16,9395496,DOMINICA PROSPERITY,accounted,outside,Kpler loaded at Juaymah on 2026-07-10 then SoH laden exit on 2026-08-12.,2026-08-12,Exited MEG,Laden,crude,Dark/Unknown Route,2026-07-10 20:19:00,2026-07-10 20:19:00,Juaymah,,In Transit,trade,inside_gulf,unknown,Arab,1.0,637742.0,,37.0,33.0,3.0,7.0,VLCC,297274.0,clean fleet,False,False,1.0,True,False,,,,,,,,
2026-08-16,9410399,SERIFOS,accounted,outside,Kpler loaded at Halul Island on 2026-07-10 then SoH laden exit on 2026-07-11.,2026-07-11,Exited MEG,Laden,crude,Dark/Unknown Route,2026-07-10 06:39:00,2026-07-10 06:39:00,Halul Island,Beilun Suansha,Delivered,trade,inside_gulf,outside,Qatar Mar.,1.0,1038604.0,,37.0,1.0,3.0,7.0,VLCC,309396.0,clean fleet,False,False,1.0,True,False,,,,,,,,
2026-08-16,9534004,EGYPT PROSPERITY,accounted,outside,Kpler loaded at Al Basrah on 2026-07-11 then SoH laden exit on 2026-07-15.,2026-07-15,Exited MEG,Laden,crude,Dark/Unknown Route,2026-07-11 10:19:00,2026-07-11 10:19:00,Al Basrah,,In Transit,trade,inside_gulf,unknown,Basrah,1.0,1959999.0,,36.0,4.0,3.0,7.0,VLCC,318663.0,clean fleet,False,False,1.0,True,False,receiver_after_exit,receiver,Sohar Light,2026-08-15 00:00:00,31,Degas,9926673,1959999
2026-08-16,9739501,MOMBASA B,accounted,outside,Kpler loaded at Zirku on 2026-07-11 then SoH laden exit on 2026-07-14.,2026-07-14,Exited MEG,Laden,crude,Dark/Unknown Route,2026-07-11 00:00:00,2026-07-11 00:00:00,Zirku,Karachi Keamari,Delivered,trade,inside_gulf,outside,Zakum,1.0,705924.0,,36.0,3.0,3.0,7.0,VLCC,299392.0,clean fleet,False,False,1.0,True,False,receiver_after_exit,receiver,Fujairah Light,2026-08-05 00:00:00,22,Ocean Loyalty,9375238,2000002
2026-08-16,9844851,DELOS,accounted,outside,Kpler loaded at Juaymah on 2026-07-11 then SoH laden exit on 2026-07-13.,2026-07-13,Exited MEG,Laden,crude,Dark/Unknown Route,2026-07-11 14:33:00,2026-07-11 14:33:00,Juaymah,Rizhao,Delivered,trade,inside_gulf,outside,Arab,1.0,2122031.0,,36.0,2.0,3.0,7.0,VLCC,318575.0,clean fleet,False,False,1.0,True,False,,,,,,,,
2026-08-16,9326067,TRONE,accounted,outside,Kpler loaded at Kharg Island on 2026-07-12 then SoH laden exit on 2026-07-14.,2026-07-14,Exited MEG,Laden,crude,Iranian Route,2026-07-12 00:00:00,2026-07-12 00:00:00,Kharg Island,,In Transit,trade,inside_gulf,unknown,Iran,1.0,2000002.0,,35.0,2.0,3.0,7.0,VLCC,298000.0,dark fleet,True,True,0.0,True,False,,,,,,,,
2026-08-16,9723071,FUJAIRAH ENERGY,accounted,outside,Kpler loaded at Al Basrah on 2026-07-12 then SoH laden exit on 2026-07-20.,2026-07-20,Exited MEG,Laden,crude,Dark/Unknown Route,2026-07-12 00:53:00,2026-07-12 00:53:00,Al Basrah,FPCC Mailiao Refinery,Delivered,trade,inside_gulf,outside,Basrah Med.,1.0,1040605.0,,35.0,8.0,3.0,7.0,VLCC,299999.0,clean fleet,False,False,1.0,True,False,receiver_after_exit,receiver,Fujairah Light,2026-08-15 00:00:00,26,Australis,9875783,2000002
2026-08-16,9722924,SPAIN B,accounted,outside,Kpler loaded at Juaymah on 2026-07-13 then SoH laden exit on 2026-07-31.,2026-07-31,Exited MEG,Laden,crude,Dark/Unknown Route,2026-07-13 21:38:00,2026-07-13 21:38:00,Juaymah,Zhoushan,In Transit,trade,inside_gulf,outside,Arab,1.0,2055742.0,,34.0,18.0,3.0,7.0,VLCC,299446.0,clean fleet,False,False,1.0,True,False,,,,,,,,
2026-08-16,9901348,MARAN ANTIOPE,accounted,outside,Kpler loaded at Juaymah on 2026-07-13 then SoH laden exit on 2026-07-15.,2026-07-15,Exited MEG,Laden,crude,Dark/Unknown Route,2026-07-13 00:00:00,2026-07-13 00:00:00,Juaymah,Ningbo Shihua Crude Oil Terminal,Delivered,trade,inside_gulf,outside,Arab,1.0,1634224.0,,34.0,2.0,3.0,7.0,VLCC,318600.0,clean fleet,False,False,1.0,True,False,,,,,,,,
2026-08-16,9731169,OLYMPIC LADY,accounted,outside,Kpler loaded at FSO Qatar Petroleum Al Shaheen I on 2026-07-14 then SoH laden exit on 2026-07-16.,2026-07-16,Exited MEG,Laden,crude,Dark/Unknown Route,2026-07-14 00:00:00,2026-07-14 00:00:00,FSO Qatar Petroleum Al Shaheen I,,In Transit,trade,inside_gulf,unknown,Shaheen,1.0,2000002.0,,33.0,2.0,3.0,7.0,VLCC,299507.0,clean fleet,False,False,1.0,True,False,,,,,,,,
2026-08-16,1014876,IMOLA,accounted,outside,Kpler loaded at Al Basrah on 2026-07-17 then SoH laden exit on 2026-07-30.,2026-07-30,Exited MEG,Laden,crude,Dark/Unknown Route,2026-07-17 00:02:00,2026-07-17 00:02:00,Al Basrah,BORL Jamnagar Oil Terminal,Delivered,trade,inside_gulf,outside,Basrah Med.,1.0,725561.0,,30.0,13.0,3.0,7.0,LR2,156906.0,clean fleet,False,False,1.0,True,False,,,,,,,,
2026-08-16,1087524,ACHELOOS,accounted,outside,Kpler loaded at Al Basrah on 2026-07-17 then SoH laden exit on 2026-07-19.,2026-07-19,Exited MEG,Laden,crude,Dark/Unknown Route,2026-07-17 00:00:00,2026-07-17 00:00:00,Al Basrah,,In Transit,trade,inside_gulf,unknown,Basrah,1.0,1959999.0,,30.0,2.0,3.0,7.0,VLCC,306000.0,clean fleet,False,False,1.0,True,False,,,,,,,,
2026-08-16,9516947,NEW GIANT,accounted,outside,Kpler loaded at Al Basrah on 2026-07-18 then SoH laden exit on 2026-07-23.,2026-07-23,Exited MEG,Laden,crude,Dark/Unknown Route,2026-07-18 15:57:00,2026-07-18 15:57:00,Al Basrah,Yeosu Refinery,Delivered,trade,inside_gulf,outside,Basrah,1.0,1960049.0,,29.0,5.0,3.0,7.0,VLCC,319611.0,clean fleet,False,False,1.0,True,False,,,,,,,,
2026-08-16,9327114,BAHAMAS PROSPERITY,accounted,outside,Kpler loaded at Al Basrah on 2026-07-20 then SoH laden exit on 2026-08-09.,2026-08-09,Exited MEG,Laden,crude,Dark/Unknown Route,2026-07-20 00:00:00,2026-07-20 00:00:00,Al Basrah,,In Transit,trade,inside_gulf,unknown,Basrah,1.0,1959999.0,,27.0,20.0,3.0,7.0,VLCC,300246.0,clean fleet,False,False,1.0,True,False,receiver_after_exit,receiver,Fujairah Light,2026-08-15 00:00:00,6,Plata Carrier,9358280,1959999
2026-08-16,9376749,SURINAME PROSPERITY,accounted,outside,Kpler loaded at Al Basrah on 2026-07-20 then SoH laden exit on 2026-07-30.,2026-07-30,Exited MEG,Laden,crude,Dark/Unknown Route,2026-07-20 00:00:00,2026-07-20 00:00:00,Al Basrah,,In Transit,trade,inside_gulf,unknown,Basrah Med.,1.0,999998.0,,27.0,10.0,3.0,7.0,VLCC,297556.0,clean fleet,False,False,1.0,True,False,receiver_after_exit,receiver,Fujairah Light,2026-08-10 18:19:00,11,Baltic Loyalty,9411953,999998
2026-08-16,9534779,DAR SALWA,accounted,outside,Kpler loaded at Mina Al-Ahmadi on 2026-07-20 then SoH laden exit on 2026-07-28.,2026-07-28,Exited MEG,Laden,crude,Dark/Unknown Route,2026-07-20 00:00:00,2026-07-20 00:00:00,Mina Al-Ahmadi,Zhanjiang,In Transit,trade,inside_gulf,outside,Kuwait,1.0,2083996.0,,27.0,8.0,3.0,7.0,VLCC,319761.0,clean fleet,False,False,1.0,True,False,receiver_after_exit,receiver,Fujairah Light,2026-08-09 00:00:00,12,Desh Viraat,9371593,2000002
2026-08-16,9389899,BRUNEI PROSPERITY,accounted,outside,Kpler loaded at Al Basrah on 2026-07-21 then SoH laden exit on 2026-08-10.,2026-08-10,Exited MEG,Laden,crude,Dark/Unknown Route,2026-07-21 20:19:00,2026-07-21 20:19:00,Al Basrah,Jieyang,In Transit,trade,inside_gulf,outside,Basrah Med.,1.0,1959999.0,,26.0,20.0,3.0,7.0,ULCC,321300.0,clean fleet,False,False,1.0,True,False,,,,,,,,
2026-08-16,1024950,KOS,accounted,outside,Kpler loaded at Ras Tanura on 2026-07-23 then SoH laden exit on 2026-08-04.,2026-08-04,Exited MEG,Laden,crude,Dark/Unknown Route,2026-07-23 00:00:00,2026-07-23 00:00:00,Ras Tanura,,In Transit,trade,inside_gulf,unknown,Arab,1.0,776313.0,,24.0,12.0,3.0,7.0,AFRA,115026.0,clean fleet,False,False,1.0,True,False,,,,,,,,
2026-08-16,9322281,FRANCE C,accounted,outside,Kpler loaded at Zirku on 2026-07-25 then SoH laden exit on 2026-07-29.,2026-07-29,Exited MEG,Laden,crude,Dark/Unknown Route,2026-07-25 00:00:00,2026-07-25 00:00:00,Zirku,,In Transit,trade,inside_gulf,unknown,Zakum,1.0,1999996.0,,22.0,4.0,3.0,7.0,VLCC,306506.0,clean fleet,False,False,1.0,True,False,receiver_after_exit,receiver,Sohar Light,2026-07-31 00:00:00,2,Olympus,9941661,1999996
2026-08-16,9228655,LUCIA A,accounted,outside,Kpler loaded at Al Basrah on 2026-07-28 then SoH laden exit on 2026-07-31.,2026-07-31,Exited MEG,Laden,crude,Dark/Unknown Route,2026-07-28 22:57:00,2026-07-28 22:57:00,Al Basrah,,In Transit,trade,inside_gulf,unknown,Basrah Med.,1.0,881667.0,,19.0,3.0,3.0,7.0,LR2,159997.0,clean fleet,False,False,1.0,True,False,receiver_after_exit,receiver,Sohar Light,2026-08-04 00:17:00,4,Baltic Loyalty,9411953,999998
2026-08-16,9389253,NOBLE,accounted,outside,Kpler loaded at Al Basrah on 2026-07-28 then SoH laden exit on 2026-07-31.,2026-07-31,Exited MEG,Laden,crude,Iranian Route,2026-07-28 00:36:00,2026-07-28 00:36:00,Al Basrah,Qingdao Huangdao,In Transit,trade,inside_gulf,outside,Basrah,1.0,2070706.0,,19.0,3.0,3.0,7.0,VLCC,318440.0,clean fleet,False,False,0.0,True,False,,,,,,,,
2026-08-16,9315159,CAMEROON PROSPERITY,accounted,outside,Kpler loaded at Das Island on 2026-08-01 then SoH laden exit on 2026-08-03.,2026-08-03,Exited MEG,Laden,crude,Dark/Unknown Route,2026-08-01 00:00:00,2026-08-01 00:00:00,Das Island,Dalian,In Transit,trade,inside_gulf,outside,Das,1.0,1123284.0,,15.0,2.0,3.0,7.0,VLCC,317713.0,clean fleet,False,False,1.0,True,False,receiver_after_exit,receiver,Fujairah Light,2026-08-07 00:00:00,4,Yuan Yang Hu,9398943,1990001
2026-08-16,9937799,AL BAHYAH,accounted,outside,Kpler loaded at Umm Lulu on 2026-08-01 then SoH laden exit on 2026-08-04.,2026-08-04,Exited MEG,Laden,crude,Dark/Unknown Route,2026-08-01 00:00:00,2026-08-01 00:00:00,Umm Lulu,Ulsan,In Transit,trade,inside_gulf,outside,Umm Lulu,1.0,1996002.0,,15.0,3.0,3.0,7.0,VLCC,299425.0,clean fleet,False,False,1.0,True,False,receiver_after_exit,receiver,Fujairah Light,2026-08-07 00:00:00,3,Maran Mars,9858046,1996002
2026-08-16,9853852,NISSOS KYTHNOS,accounted,outside,Kpler loaded at FSO Qatar Petroleum Al Shaheen II on 2026-08-02 then SoH laden exit on 2026-08-05.,2026-08-05,Exited MEG,Laden,crude,Dark/Unknown Route,2026-08-02 17:59:00,2026-08-02 17:59:00,FSO Qatar Petroleum Al Shaheen II,Sikka,In Transit,trade,inside_gulf,outside,Shaheen,1.0,1120064.0,,14.0,3.0,3.0,7.0,VLCC,318744.0,clean fleet,False,False,1.0,True,False,receiver_after_exit,receiver,Sohar Light,2026-08-07 17:59:00,2,Front Otra,1116014,2042477
2026-08-16,9534781,UMM AL AISH,accounted,outside,Kpler loaded at Mina Al-Ahmadi on 2026-08-03 then SoH laden exit on 2026-08-04.,2026-08-04,Exited MEG,Laden,crude,Dark/Unknown Route,2026-08-03 00:00:00,2026-08-03 00:00:00,Mina Al-Ahmadi,Bataan,In Transit,trade,inside_gulf,outside,Kuwait,1.0,2000002.0,,13.0,1.0,3.0,7.0,VLCC,319634.0,clean fleet,False,False,1.0,True,False,receiver_after_exit,receiver,Fujairah Light,2026-08-05 00:00:00,1,Omega Trader,9567659,2000002
2026-08-16,9391775,BASRAH ENERGY,accounted,outside,Kpler loaded at Das Island on 2026-08-04 then SoH laden exit on 2026-08-07.,2026-08-07,Exited MEG,Laden,crude,Dark/Unknown Route,2026-08-04 00:00:00,2026-08-04 00:00:00,Das Island,Yeosu,In Transit,trade,inside_gulf,outside,Das,1.0,1996461.0,,12.0,3.0,3.0,7.0,VLCC,301583.0,clean fleet,False,False,1.0,True,False,receiver_after_exit,receiver,Sohar Light,2026-08-10 00:00:00,3,V.Progress,9845154,1996461
2026-08-16,9285823,KIARA M,accounted,outside,Kpler loaded at Al Basrah on 2026-08-05 then SoH laden exit on 2026-08-07.,2026-08-07,Exited MEG,Laden,crude,Dark/Unknown Route,2026-08-05 00:00:00,2026-08-05 00:00:00,Al Basrah,,In Transit,trade,inside_gulf,unknown,Basrah Med.,1.0,1959999.0,,11.0,2.0,3.0,7.0,VLCC,319247.0,clean fleet,False,False,1.0,True,False,,,,,,,,
2026-08-16,9419618,NISSOS HERACLEA,accounted,outside,Kpler loaded at Al Basrah on 2026-08-05 then SoH laden exit on 2026-08-08.,2026-08-08,Exited MEG,Laden,crude,Dark/Unknown Route,2026-08-05 14:39:00,2026-08-05 14:39:00,Al Basrah,,In Transit,trade,inside_gulf,unknown,Basrah,1.0,1100484.0,,11.0,3.0,3.0,7.0,VLCC,313525.0,clean fleet,False,False,1.0,True,False,receiver_after_exit,receiver,Sohar Light,2026-08-13 17:18:00,5,Agistri,9597018,859515
2026-08-16,9534808,AL RIQQA,accounted,outside,Kpler loaded at Mina Al-Ahmadi on 2026-08-05 then SoH laden exit on 2026-08-08.,2026-08-08,Exited MEG,Laden,crude,Dark/Unknown Route,2026-08-05 00:00:00,2026-08-05 00:00:00,Mina Al-Ahmadi,,In Transit,trade,inside_gulf,unknown,Kuwait,1.0,2000002.0,,11.0,3.0,3.0,7.0,VLCC,319704.0,clean fleet,False,False,1.0,True,False,receiver_after_exit,receiver,Sohar Light,2026-08-10 00:00:00,2,Aragona,9513115,2000002
2026-08-16,9508859,ROTTERDAM ENERGY,accounted,outside,Kpler loaded at Zirku on 2026-08-08 then SoH laden exit on 2026-08-09.,2026-08-09,Exited MEG,Laden,crude,Dark/Unknown Route,2026-08-08 00:00:00,2026-08-08 00:00:00,Zirku,Quanzhou,In Transit,trade,inside_gulf,outside,Zakum,1.0,1986831.0,,8.0,1.0,3.0,7.0,VLCC,296659.0,clean fleet,False,False,1.0,True,False,receiver_after_exit,receiver,Fujairah Light,2026-08-16 03:39:00,7,Ocean Lily,9284960,1986831
2026-08-16,9595216,CYPRUS PROSPERITY,accounted,outside,Kpler loaded at Umm Lulu on 2026-08-08 then SoH laden exit on 2026-08-12.,2026-08-12,Exited MEG,Laden,crude,Dark/Unknown Route,2026-08-08 00:00:00,2026-08-08 00:00:00,Umm Lulu,,In Transit,trade,inside_gulf,unknown,Umm Lulu,1.0,992444.0,,8.0,4.0,3.0,7.0,VLCC,299996.0,clean fleet,False,False,1.0,True,False,receiver_after_exit,receiver,Fujairah Light,2026-08-15 00:00:00,3,New Dragon,9379715,992444
2026-08-16,9623685,ANGOLA B,accounted,outside,Kpler loaded at Al Basrah on 2026-08-09 then SoH laden exit on 2026-08-13.,2026-08-13,Exited MEG,Laden,crude,Dark/Unknown Route,2026-08-09 00:00:00,2026-08-09 00:00:00,Al Basrah,,In Transit,trade,inside_gulf,unknown,Basrah,1.0,1959999.0,,7.0,4.0,3.0,7.0,VLCC,299999.0,clean fleet,False,False,1.0,True,False,receiver_after_exit,receiver,Fujairah Light,2026-08-15 00:00:00,2,Dht Taiga,9590888,1959999
2026-08-16,9398060,New Paradise,bypass,never_seen,Kpler load at ADCOP Fujairah is east/Red Sea — no SoH exit expected.,,,,,,2026-04-18 14:19:00,2026-04-18 14:19:00,ADCOP Fujairah,Keiyo Sea Berth,Delivered,trade,bypass_east,outside,Murban,0.0,844444.0,,120.0,,3.0,7.0,,,clean fleet,False,False,0.0,False,False,,,,,,,,
2026-08-16,9416654,Xin Shen Yang,bypass,never_seen,Kpler load at Mina Al Fahal is east/Red Sea — no SoH exit expected.,,,,,,2026-04-19 08:19:00,2026-04-19 08:19:00,Mina Al Fahal,Rizhao,Delivered,trade,bypass_east,outside,Oman,0.0,2070706.0,,119.0,,3.0,7.0,,,clean fleet,False,False,0.0,False,False,,,,,,,,
2026-08-16,9982691,Sfl Tigris,bypass,never_seen,Kpler load at ADCOP Fujairah is east/Red Sea — no SoH exit expected.,,,,,,2026-04-19 10:59:00,2026-04-19 10:59:00,ADCOP Fujairah,Sapugaskanda Oil Refinery,Delivered,trade,bypass_east,outside,Murban,1.0,549999.0,,119.0,,3.0,7.0,,,clean fleet,False,False,0.0,False,False,,,,,,,,
2026-08-16,9829899,Boccadasse,bypass,never_seen,Kpler load at ADCOP Fujairah is east/Red Sea — no SoH exit expected.,,,,,,2026-04-21 18:19:00,2026-04-21 18:19:00,ADCOP Fujairah,Balikpapan,Delivered,trade,bypass_east,outside,Murban,1.0,299998.0,,117.0,,3.0,7.0,,,clean fleet,False,False,0.0,False,False,,,,,,,,
2026-08-16,1023425,Advantage Solo,bypass,never_seen,Kpler load at ADCOP Fujairah is east/Red Sea — no SoH exit expected.,,,,,,2026-04-26 22:38:00,2026-04-26 22:38:00,ADCOP Fujairah,,PortCall,portcall,bypass_east,unknown,Murban,1.0,599997.0,,112.0,,3.0,7.0,,,clean fleet,False,False,0.0,False,False,,,,,,,,
2026-08-16,9999632,Advantage Sierra,bypass,never_seen,Kpler load at ADCOP Fujairah is east/Red Sea — no SoH exit expected.,,,,,,2026-04-27 01:59:00,2026-04-27 01:59:00,ADCOP Fujairah,Port Dickson Refinery,Delivered,trade,bypass_east,outside,Murban,1.0,749997.0,,111.0,,3.0,7.0,,,clean fleet,False,False,0.0,False,False,,,,,,,,
2026-08-16,9575096,Harbour Splendor,bypass,never_seen,Kpler load at Muajjiz is east/Red Sea — no SoH exit expected.,,,,,,2026-04-29 16:38:00,2026-04-29 16:38:00,Muajjiz,SDIC Yangpu Terminal,Delivered,trade,bypass_red_sea,outside,Arab,1.0,513462.0,,109.0,,3.0,7.0,,,clean fleet,False,False,0.0,False,True,unknown_partner,receiver,Gulf of Oman,2026-06-23 00:00:00,,,,2000002
2026-08-16,9771755,Xin Mao Yang,bypass,never_seen,Kpler load at Mina Al Fahal is east/Red Sea — no SoH exit expected.,,,,,,2026-04-29 06:18:00,2026-04-29 06:18:00,Mina Al Fahal,Rizhao,Delivered,trade,bypass_east,outside,Oman,1.0,2055742.0,,109.0,,3.0,7.0,,,clean fleet,False,False,0.0,False,False,,,,,,,,
2026-08-16,9286229,Rieveria 1,bypass,never_seen,Kpler load at Jask Oil Terminal is east/Red Sea — no SoH exit expected.,,,,,,2026-05-02 00:00:00,2026-05-02 00:00:00,Jask Oil Terminal,,In Transit,trade,bypass_east,unknown,Iran,1.0,240000.0,,106.0,,3.0,7.0,,,dark fleet,True,True,0.0,False,False,,,,,,,,
2026-08-16,9590876,Dht Sundarbans,bypass,never_seen,Kpler load at ADCOP Fujairah is east/Red Sea — no SoH exit expected.,,,,,,2026-05-03 23:58:00,2026-05-03 23:58:00,ADCOP Fujairah,ExxonMobil PAC Refinery,Delivered,trade,bypass_east,outside,Murban,1.0,973473.0,,105.0,,3.0,7.0,,,clean fleet,False,False,0.0,False,False,,,,,,,,
2026-08-16,9810381,Maran Aphrodite,bypass,never_seen,Kpler load at Mina Al Fahal is east/Red Sea — no SoH exit expected.,,,,,,2026-05-03 03:51:00,2026-05-03 03:51:00,Mina Al Fahal,,PortCall,portcall,bypass_east,unknown,Oman,1.0,2127666.0,,105.0,,3.0,7.0,,,clean fleet,False,False,0.0,False,False,,,,,,,,
2026-08-16,9876426,Nave Tempo,bypass,never_seen,Kpler load at Mina Al Fahal is east/Red Sea — no SoH exit expected.,,,,,,2026-05-04 00:00:00,2026-05-04 00:00:00,Mina Al Fahal,FPCC Mailiao Refinery,Delivered,trade,bypass_east,outside,Oman,1.0,1999996.0,,104.0,,3.0,7.0,,,clean fleet,False,False,0.0,False,False,,,,,,,,
2026-08-16,9280873,Fury,bypass,never_seen,Kpler load at Jask Oil Terminal is east/Red Sea — no SoH exit expected.,,,,,,2026-05-05 00:00:00,2026-05-05 00:00:00,Jask Oil Terminal,,In Transit,trade,bypass_east,unknown,Iran,1.0,1066135.0,,103.0,,3.0,7.0,,,dark fleet,True,True,0.0,False,False,,,,,,,,
2026-08-16,9458614,New Vista,bypass,never_seen,Kpler load at Muajjiz is east/Red Sea — no SoH exit expected.,,,,,,2026-05-05 18:39:00,2026-05-05 18:39:00,Muajjiz,Ningbo Shihua Crude Oil Terminal,Delivered,trade,bypass_red_sea,outside,Arab Lt.,1.0,1990800.0,,103.0,,3.0,7.0,,,clean fleet,False,False,0.0,False,False,,,,,,,,
2026-08-16,9733818,Salam,bypass,never_seen,Kpler load at Muajjiz is east/Red Sea — no SoH exit expected.,,,,,,2026-05-06 03:37:00,2026-05-06 03:37:00,Muajjiz,S-Oil Onsan,Delivered,trade,bypass_red_sea,outside,Arab,1.0,2067007.0,,102.0,,3.0,7.0,,,clean fleet,False,False,0.0,False,False,,,,,,,,
2026-08-16,9581203,Yp Antares,bypass,never_seen,Kpler load at ADCOP Fujairah is east/Red Sea — no SoH exit expected.,,,,,,2026-05-08 21:09:00,2026-05-08 21:09:00,ADCOP Fujairah,Paradip Refinery,Delivered,trade,bypass_east,outside,Murban,1.0,1799999.0,,100.0,,3.0,7.0,,,clean fleet,False,False,0.0,False,False,,,,,,,,
2026-08-16,9294587,Cosgrace Lake,bypass,never_seen,Kpler load at Yanbu Crude is east/Red Sea — no SoH exit expected.,,,,,,2026-05-09 22:18:00,2026-05-09 22:18:00,Yanbu Crude,Caofeidian,Delivered,trade,bypass_red_sea,outside,Arab Lt.,1.0,1021609.0,,99.0,,3.0,7.0,,,clean fleet,False,False,0.0,False,False,,,,,,,,
2026-08-16,9723112,Greece Prosperity,bypass,never_seen,Kpler load at Mina Al Fahal is east/Red Sea — no SoH exit expected.,,,,,,2026-05-10 11:58:00,2026-05-10 11:58:00,Mina Al Fahal,Ras Markaz,Delivered,trade,bypass_east,bypass_east,Oman,1.0,2079996.0,,98.0,,3.0,7.0,,,clean fleet,False,False,0.0,False,False,,,,,,,,
2026-08-16,9379624,Fossil,bypass,never_seen,Kpler load at ADCOP Fujairah is east/Red Sea — no SoH exit expected.,,,,,,2026-05-11 20:19:00,2026-05-11 20:19:00,ADCOP Fujairah,Chittagong,Delivered,trade,bypass_east,outside,Murban,1.0,782710.0,,97.0,,3.0,7.0,,,clean fleet,False,False,0.0,False,False,,,,,,,,
2026-08-16,9646986,Tong Zhou Gong Ji,bypass,never_seen,Kpler load at Muajjiz is east/Red Sea — no SoH exit expected.,,,,,,2026-05-11 08:39:00,2026-05-11 08:39:00,Muajjiz,,PortCall,portcall,bypass_red_sea,unknown,Arab Lt.,1.0,1991360.0,,97.0,,3.0,7.0,,,clean fleet,False,False,0.0,False,True,unknown_partner,receiver,Gulf of Oman,2026-06-18 00:00:00,,,,1991360
2026-08-16,9745225,Aegean Marathon,bypass,never_seen,Kpler load at Yanbu Crude is east/Red Sea — no SoH exit expected.,,,,,,2026-05-11 04:37:00,2026-05-11 04:37:00,Yanbu Crude,IOC Mundra Oil Terminal,Delivered,trade,bypass_red_sea,outside,Arab,1.0,1067431.0,,97.0,,3.0,7.0,,,clean fleet,False,False,0.0,False,False,,,,,,,,
2026-08-16,9597006,Fleves,bypass,never_seen,Kpler load at Muajjiz is east/Red Sea — no SoH exit expected.,,,,,,2026-05-13 17:19:00,2026-05-13 17:19:00,Muajjiz,Mumbai Refinery,Delivered,trade,bypass_red_sea,outside,Arab Lt.,1.0,1071607.0,,95.0,,3.0,7.0,,,clean fleet,False,False,0.0,False,False,,,,,,,,
2026-08-16,9870824,Sur,bypass,never_seen,Kpler load at Mina Al Fahal is east/Red Sea — no SoH exit expected.,,,,,,2026-05-14 07:36:00,2026-05-14 07:36:00,Mina Al Fahal,IOC Mundra Oil Terminal,Delivered,trade,bypass_east,outside,Oman,1.0,1020723.0,,94.0,,3.0,7.0,,,clean fleet,False,False,0.0,False,False,,,,,,,,
2026-08-16,9765366,Ithaki Warrior,bypass,never_seen,Kpler load at Mina Al Fahal is east/Red Sea — no SoH exit expected.,,,,,,2026-05-15 04:57:00,2026-05-15 04:57:00,Mina Al Fahal,Kochi Refinery,Delivered,trade,bypass_east,outside,Oman,1.0,1061367.0,,93.0,,3.0,7.0,,,clean fleet,False,False,0.0,False,False,,,,,,,,
2026-08-16,9799135,New Eminence,bypass,never_seen,Kpler load at Muajjiz is east/Red Sea — no SoH exit expected.,,,,,,2026-05-15 21:58:00,2026-05-15 21:58:00,Muajjiz,Oita Refinery,Delivered,trade,bypass_red_sea,outside,Arab,1.0,1427598.0,,93.0,,3.0,7.0,,,clean fleet,False,False,0.0,False,False,,,,,,,,
2026-08-16,9633446,Novo,bypass,never_seen,Kpler load at ADCOP Fujairah is east/Red Sea — no SoH exit expected.,,,,,,2026-05-17 02:33:00,2026-05-17 02:33:00,ADCOP Fujairah,Mumbai Refinery,Delivered,trade,bypass_east,outside,Murban,1.0,799994.0,,91.0,,3.0,7.0,,,clean fleet,False,False,0.0,False,True,unknown_partner,receiver,Gulf of Oman,2026-08-09 00:00:00,,,,1017760
2026-08-16,9304605,Minerva Symphony,bypass,never_seen,Kpler load at ADCOP Fujairah is east/Red Sea — no SoH exit expected.,,,,,,2026-05-18 17:57:00,2026-05-18 17:57:00,ADCOP Fujairah,Mumbai Refinery,Delivered,trade,bypass_east,outside,Murban,1.0,599997.0,,90.0,,3.0,7.0,,,clean fleet,False,False,0.0,False,False,,,,,,,,
2026-08-16,9783708,Qamran,bypass,never_seen,Kpler load at Muajjiz is east/Red Sea — no SoH exit expected.,,,,,,2026-05-18 16:39:00,2026-05-18 16:39:00,Muajjiz,Showa Yokkaichi Refinery,Delivered,trade,bypass_red_sea,outside,Arab Lt.,1.0,1207895.0,,90.0,,3.0,7.0,,,clean fleet,False,False,0.0,False,False,,,,,,,,
2026-08-16,9779604,Sea Pearl,bypass,never_seen,Kpler load at Muajjiz is east/Red Sea — no SoH exit expected.,,,,,,2026-05-20 22:39:00,2026-05-20 22:39:00,Muajjiz,S-Oil Onsan,Delivered,trade,bypass_red_sea,outside,Arab Lt.,1.0,2071505.0,,88.0,,3.0,7.0,,,clean fleet,False,False,0.0,False,True,unknown_partner,receiver,Gulf of Oman,2026-07-10 00:00:00,,,,1999996
2026-08-16,9870812,Bahla,bypass,never_seen,Kpler load at Fujairah Light. is east/Red Sea — no SoH exit expected.,,,,,,2026-05-23 00:00:00,2026-05-23 00:00:00,Fujairah Light.,,PortCall,portcall,bypass_east,unknown,ME,1.0,2000002.0,,85.0,,3.0,7.0,,,clean fleet,False,False,0.0,False,False,,,,,,,,
2026-08-16,9876438,Orbiter,bypass,never_seen,Kpler load at ADCOP Fujairah is east/Red Sea — no SoH exit expected.,,,,,,2026-05-23 04:38:00,2026-05-23 04:38:00,ADCOP Fujairah,Cosmo Yokkaichi Refinery,Delivered,trade,bypass_east,outside,Murban,1.0,1318394.0,,85.0,,3.0,7.0,,,clean fleet,False,False,0.0,False,False,,,,,,,,
2026-08-16,9945306,On Passion,bypass,never_seen,Kpler load at Fujairah Light. is east/Red Sea — no SoH exit expected.,,,,,,2026-05-23 00:00:00,2026-05-23 00:00:00,Fujairah Light.,,PortCall,portcall,bypass_east,unknown,Zakum,1.0,699999.0,,85.0,,3.0,7.0,,,clean fleet,False,False,0.0,False,False,,,,,,,,
2026-08-16,9844277,Olympic Life,bypass,never_seen,Kpler load at ADCOP Fujairah is east/Red Sea — no SoH exit expected.,,,,,,2026-05-26 01:57:00,2026-05-26 01:57:00,ADCOP Fujairah,Kochi Refinery,Delivered,trade,bypass_east,outside,Murban,1.0,607155.0,,82.0,,3.0,7.0,,,clean fleet,False,False,0.0,False,True,unknown_partner,receiver,Gulf of Oman,2026-08-15 00:00:00,,,,2000002
2026-08-16,9945291,Elandra Swallow,bypass,never_seen,Kpler load at ADCOP Fujairah is east/Red Sea — no SoH exit expected.,,,,,,2026-05-26 09:57:00,2026-05-26 09:57:00,ADCOP Fujairah,Sapugaskanda Oil Refinery,Delivered,trade,bypass_east,outside,Murban,1.0,649995.0,,82.0,,3.0,7.0,,,clean fleet,False,False,0.0,False,False,,,,,,,,
2026-08-16,9386952,Kahla,bypass,never_seen,Kpler load at Yanbu Crude is east/Red Sea — no SoH exit expected.,,,,,,2026-05-27 22:54:00,2026-05-27 22:54:00,Yanbu Crude,S-Oil Onsan,Delivered,trade,bypass_red_sea,outside,Arab,1.0,2117527.0,,81.0,,3.0,7.0,,,clean fleet,False,False,0.0,False,False,,,,,,,,
2026-08-16,9910246,Eagle Vallery,bypass,never_seen,Kpler load at Mina Al Fahal is east/Red Sea — no SoH exit expected.,,,,,,2026-05-30 10:03:00,2026-05-30 10:03:00,Mina Al Fahal,Hyundai Daesan Refinery,Delivered,trade,bypass_east,outside,Oman,1.0,1999216.0,,78.0,,3.0,7.0,,,clean fleet,False,False,0.0,False,False,,,,,,,,
2026-08-16,9441245,Gulf Loyalty,bypass,never_seen,Kpler load at Fujairah Light. is east/Red Sea — no SoH exit expected.,,,,,,2026-06-01 00:00:00,2026-06-01 00:00:00,Fujairah Light.,,PortCall,portcall,bypass_east,unknown,Das,1.0,1900000.0,,76.0,,3.0,7.0,,,clean fleet,False,False,0.0,False,False,,,,,,,,
2026-08-16,9250907,Fuyao,bypass,never_seen,Kpler load at Jask Oil Terminal is east/Red Sea — no SoH exit expected.,,,,,,2026-06-02 00:00:00,2026-06-02 00:00:00,Jask Oil Terminal,,In Transit,trade,bypass_east,unknown,Iran,1.0,722655.0,,75.0,,3.0,7.0,,,dark fleet,True,True,0.0,False,False,,,,,,,,
2026-08-16,9448700,Dilam,bypass,never_seen,Kpler load at Muajjiz is east/Red Sea — no SoH exit expected.,,,,,,2026-06-05 17:19:00,2026-06-05 17:19:00,Muajjiz,Yeosu Refinery,Delivered,trade,bypass_red_sea,outside,Arab,1.0,1253251.0,,72.0,,3.0,7.0,,,clean fleet,False,False,0.0,False,False,,,,,,,,
2026-08-16,9858450,Samha,bypass,never_seen,Kpler load at Muajjiz is east/Red Sea — no SoH exit expected.,,,,,,2026-06-05 07:39:00,2026-06-05 07:39:00,Muajjiz,Showa Yokkaichi Refinery,Delivered,trade,bypass_red_sea,outside,Arab,1.0,1272390.0,,72.0,,3.0,7.0,,,clean fleet,False,False,0.0,False,False,,,,,,,,
2026-08-16,9294575,Lila Jamnagar,bypass,never_seen,Kpler load at Muajjiz is east/Red Sea — no SoH exit expected.,,,,,,2026-06-06 03:38:00,2026-06-06 03:38:00,Muajjiz,Cilacap Refinery,Delivered,trade,bypass_red_sea,outside,Arab,1.0,2002499.0,,71.0,,3.0,7.0,,,clean fleet,False,False,0.0,False,False,,,,,,,,
2026-08-16,9484728,Ghinah,bypass,never_seen,Kpler load at Muajjiz is east/Red Sea — no SoH exit expected.,,,,,,2026-06-07 05:19:00,2026-06-07 05:19:00,Muajjiz,S-Oil Onsan,Delivered,trade,bypass_red_sea,outside,Arab,1.0,2129597.0,,70.0,,3.0,7.0,,,clean fleet,False,False,0.0,False,False,,,,,,,,
2026-08-16,9602473,Maran Leo,bypass,never_seen,Kpler load at Fujairah Light. is east/Red Sea — no SoH exit expected.,,,,,,2026-06-07 00:00:00,2026-06-07 00:00:00,Fujairah Light.,,PortCall,portcall,bypass_east,unknown,Zakum,1.0,1999996.0,,70.0,,3.0,7.0,,,clean fleet,False,False,0.0,False,True,unknown_partner,receiver,Gulf of Oman,2026-07-01 00:00:00,,,,1999996
2026-08-16,9931329,G.Dream,bypass,never_seen,Kpler load at Sohar Light. is east/Red Sea — no SoH exit expected.,,,,,,2026-06-09 01:59:00,2026-06-09 01:59:00,Sohar Light.,,PortCall,portcall,bypass_east,unknown,Murban,1.0,1799999.0,,68.0,,3.0,7.0,,,clean fleet,False,False,0.0,False,True,unknown_partner,receiver,Gulf of Oman,2026-07-30 00:00:00,,,,2000002
2026-08-16,9400681,Plata West,bypass,never_seen,Kpler load at ADCOP Fujairah is east/Red Sea — no SoH exit expected.,,,,,,2026-06-10 00:00:00,2026-06-10 00:00:00,ADCOP Fujairah,Antifer,Delivered,trade,bypass_east,outside,Murban,1.0,1103226.0,,67.0,,3.0,7.0,,,clean fleet,False,False,0.0,False,False,,,,,,,,
2026-08-16,9410997,Plata East,bypass,never_seen,Kpler load at Fujairah Light. is east/Red Sea — no SoH exit expected.,,,,,,2026-06-11 00:00:00,2026-06-11 00:00:00,Fujairah Light.,,PortCall,portcall,bypass_east,unknown,Zakum,1.0,2002700.0,,66.0,,3.0,7.0,,,clean fleet,False,False,0.0,False,False,,,,,,,,
2026-08-16,9878838,Silverstone,bypass,never_seen,Kpler load at Fujairah Light. is east/Red Sea — no SoH exit expected.,,,,,,2026-06-11 00:00:00,2026-06-11 00:00:00,Fujairah Light.,,PortCall,portcall,bypass_east,unknown,Zakum,1.0,1996429.0,,66.0,,3.0,7.0,,,clean fleet,False,False,0.0,False,False,,,,,,,,
2026-08-16,9930789,Maria A.Angelicoussis,bypass,never_seen,Kpler load at ADCOP Fujairah is east/Red Sea — no SoH exit expected.,,,,,,2026-06-11 18:58:00,2026-06-11 18:58:00,ADCOP Fujairah,Gdansk Naftoport PERN,Delivered,trade,bypass_east,outside,Murban,1.0,779420.0,,66.0,,3.0,7.0,,,clean fleet,False,False,0.0,False,False,,,,,,,,
2026-08-16,9779800,Amjad,bypass,never_seen,Kpler load at Yanbu Crude is east/Red Sea — no SoH exit expected.,,,,,,2026-06-12 20:59:00,2026-06-12 20:59:00,Yanbu Crude,Aichi,Delivered,trade,bypass_red_sea,outside,Arab Lt.,1.0,1152922.0,,65.0,,3.0,7.0,,,clean fleet,False,False,0.0,False,False,,,,,,,,
2026-08-16,9389758,Xin Tong Yang,bypass,never_seen,Kpler load at Muajjiz is east/Red Sea — no SoH exit expected.,,,,,,2026-06-14 18:38:00,2026-06-14 18:38:00,Muajjiz,Made Island,Delivered,trade,bypass_red_sea,outside,Arab,1.0,1990335.0,,63.0,,3.0,7.0,,,clean fleet,False,False,0.0,False,False,,,,,,,,
2026-08-16,9575943,Sri Lanka Prosperity,bypass,never_seen,Kpler load at Sohar Light. is east/Red Sea — no SoH exit expected.,,,,,,2026-06-14 20:03:00,2026-06-14 20:03:00,Sohar Light.,,PortCall,portcall,bypass_east,unknown,Basrah,1.0,1980000.0,,63.0,,3.0,7.0,,,clean fleet,False,False,0.0,False,False,,,,,,,,
2026-08-16,9761358,Maran Helios,bypass,never_seen,Kpler load at Mina Al Fahal is east/Red Sea — no SoH exit expected.,,,,,,2026-06-16 05:51:00,2026-06-16 05:51:00,Mina Al Fahal,NSRP,Delivered,trade,bypass_east,outside,Oman,1.0,1055008.0,,61.0,,3.0,7.0,,,clean fleet,False,False,0.0,False,False,,,,,,,,
2026-08-16,9384617,Mongolia Prosperity,bypass,never_seen,Kpler load at Fujairah Light. is east/Red Sea — no SoH exit expected.,,,,,,2026-06-17 00:00:00,2026-06-17 00:00:00,Fujairah Light.,,PortCall,portcall,bypass_east,unknown,Zakum,1.0,2000002.0,,60.0,,3.0,7.0,,,clean fleet,False,False,0.0,False,False,,,,,,,,
2026-08-16,9386964,Dorra,bypass,never_seen,Kpler load at Yanbu Crude is east/Red Sea — no SoH exit expected.,,,,,,2026-06-17 00:18:00,2026-06-17 00:18:00,Yanbu Crude,S-Oil Onsan,Delivered,trade,bypass_red_sea,outside,Arab Lt.,1.0,1059216.0,,60.0,,3.0,7.0,,,clean fleet,False,False,0.0,False,False,,,,,,,,
2026-08-16,9413834,Patroclus,bypass,never_seen,Kpler load at Yanbu Crude is east/Red Sea — no SoH exit expected.,,,,,,2026-06-17 22:15:00,2026-06-17 22:15:00,Yanbu Crude,Chennai Refinery,Delivered,trade,bypass_red_sea,outside,Arab Lt.,1.0,1040686.0,,60.0,,3.0,7.0,,,clean fleet,False,False,0.0,False,False,,,,,,,,
2026-08-16,9761475,Xin Wei Yang,bypass,never_seen,Kpler load at Fujairah Light. is east/Red Sea — no SoH exit expected.,,,,,,2026-06-17 00:00:00,2026-06-17 00:00:00,Fujairah Light.,,PortCall,portcall,bypass_east,unknown,Das,1.0,2000002.0,,60.0,,3.0,7.0,,,clean fleet,False,False,0.0,False,False,,,,,,,,
2026-08-16,9733961,Dht Leopard,bypass,never_seen,Kpler load at ADCOP Fujairah is east/Red Sea — no SoH exit expected.,,,,,,2026-06-18 00:00:00,2026-06-18 00:00:00,ADCOP Fujairah,Rapid,Delivered,trade,bypass_east,outside,Murban,1.0,1849996.0,,59.0,,3.0,7.0,,,clean fleet,False,False,0.0,False,False,,,,,,,,
2026-08-16,1087512,Front Surna,bypass,never_seen,Kpler load at Fujairah Light. is east/Red Sea — no SoH exit expected.,,,,,,2026-06-19 00:00:00,2026-06-19 00:00:00,Fujairah Light.,,PortCall,portcall,bypass_east,unknown,Zakum,1.0,2000002.0,,58.0,,3.0,7.0,,,clean fleet,False,False,0.0,False,False,giver_no_soh,giver,Fujairah Light,2026-06-18 00:00:00,,Cameroon Prosperity,9315159,2000002
2026-08-16,1025485,Alkinoos,bypass,never_seen,Kpler load at Mina Al Fahal is east/Red Sea — no SoH exit expected.,,,,,,2026-06-20 07:08:00,2026-06-20 07:08:00,Mina Al Fahal,Hyundai Daesan Refinery,Delivered,trade,bypass_east,outside,Oman,1.0,1044794.0,,57.0,,3.0,7.0,,,clean fleet,False,False,0.0,False,False,,,,,,,,
2026-08-16,9900667,New Ambition,bypass,never_seen,Kpler load at Muajjiz is east/Red Sea — no SoH exit expected.,,,,,,2026-06-20 02:59:00,2026-06-20 02:59:00,Muajjiz,CNPC Qinzhou Refinery,Delivered,trade,bypass_red_sea,outside,Arab Lt.,1.0,2062460.0,,57.0,,3.0,7.0,,,clean fleet,False,False,0.0,False,False,,,,,,,,
2026-08-16,9845685,Nissos Rhenia,bypass,never_seen,Kpler load at Sohar Light. is east/Red Sea — no SoH exit expected.,,,,,,2026-06-21 00:00:00,2026-06-21 00:00:00,Sohar Light.,,PortCall,portcall,bypass_east,unknown,Kuwait,1.0,2000002.0,,56.0,,3.0,7.0,,,clean fleet,False,False,0.0,False,False,giver_no_soh,giver,Sohar Light,2026-06-20 00:00:00,,Al Funtas,9653408,2000002
2026-08-16,1085473,Bidbid,bypass,never_seen,Kpler load at Fujairah Light. is east/Red Sea — no SoH exit expected.,,,,,,2026-06-22 00:00:00,2026-06-22 00:00:00,Fujairah Light.,,PortCall,portcall,bypass_east,unknown,Basrah,1.0,1900000.0,,55.0,,3.0,7.0,,,clean fleet,False,False,0.0,False,False,giver_no_soh,giver,Fujairah Light,2026-06-21 00:00:00,,Fujairah Energy,9723071,1900000
2026-08-16,9421415,Arsan,bypass,never_seen,Kpler load at Muajjiz is east/Red Sea — no SoH exit expected.,,,,,,2026-06-22 03:19:00,2026-06-22 03:19:00,Muajjiz,S-Oil Onsan,Delivered,trade,bypass_red_sea,outside,Arab Lt.,1.0,2153844.0,,55.0,,3.0,7.0,,,clean fleet,False,False,0.0,False,False,,,,,,,,
2026-08-16,9799147,New Champion,bypass,never_seen,Kpler load at ADCOP Fujairah is east/Red Sea — no SoH exit expected.,,,,,,2026-06-22 00:00:00,2026-06-22 00:00:00,ADCOP Fujairah,Aichi,Delivered,trade,bypass_east,outside,Murban,1.0,999991.0,,55.0,,3.0,7.0,,,clean fleet,False,False,0.0,False,False,,,,,,,,
2026-08-16,9870800,Maran Mira,bypass,never_seen,Kpler load at Fujairah Light. is east/Red Sea — no SoH exit expected.,,,,,,2026-06-22 00:00:00,2026-06-22 00:00:00,Fujairah Light.,,PortCall,portcall,bypass_east,unknown,Kuwait,1.0,1854110.0,,55.0,,3.0,7.0,,,clean fleet,False,False,0.0,False,False,giver_no_soh,giver,Fujairah Light,2026-06-21 00:00:00,,Al Riqqa,9534808,1854110
2026-08-16,9933561,Advantage Vital,bypass,never_seen,Kpler load at ADCOP Fujairah is east/Red Sea — no SoH exit expected.,,,,,,2026-06-22 00:00:00,2026-06-22 00:00:00,ADCOP Fujairah,Ain Sukhna,Delivered,trade,bypass_east,outside,Murban,1.0,949994.0,,55.0,,3.0,7.0,,,clean fleet,False,False,0.0,False,False,,,,,,,,
2026-08-16,9877779,Front Neiden,bypass,never_seen,Kpler load at Muajjiz is east/Red Sea — no SoH exit expected.,,,,,,2026-06-23 20:16:00,2026-06-23 20:16:00,Muajjiz,Keiyo Sea Berth,Delivered,trade,bypass_red_sea,outside,Arab Lt.,1.0,1314689.0,,54.0,,3.0,7.0,,,clean fleet,False,False,0.0,False,False,,,,,,,,
2026-08-16,9370836,New Amorgos,bypass,never_seen,Kpler load at Muajjiz is east/Red Sea — no SoH exit expected.,,,,,,2026-06-24 01:09:00,2026-06-24 01:09:00,Muajjiz,New Mangalore Refinery,Delivered,trade,bypass_red_sea,outside,Arab Lt.,1.0,750053.0,,53.0,,3.0,7.0,,,clean fleet,False,False,0.0,False,False,,,,,,,,
2026-08-16,9386938,Jana,bypass,never_seen,Kpler load at Yanbu Crude is east/Red Sea — no SoH exit expected.,,,,,,2026-06-24 09:39:00,2026-06-24 09:39:00,Yanbu Crude,SK Ulsan,Delivered,trade,bypass_red_sea,outside,Arab Lt.,1.0,2127629.0,,53.0,,3.0,7.0,,,clean fleet,False,False,0.0,False,False,,,,,,,,
2026-08-16,9519494,Maran Taurus,bypass,never_seen,Kpler load at ADCOP Fujairah is east/Red Sea — no SoH exit expected.,,,,,,2026-06-24 16:59:00,2026-06-24 16:59:00,ADCOP Fujairah,Kawasaki Refinery,Delivered,trade,bypass_east,outside,Murban,1.0,923230.0,,53.0,,3.0,7.0,,,clean fleet,False,False,0.0,False,True,unknown_partner,receiver,Gulf of Oman,2026-07-25 00:00:00,,,,2000002
2026-08-16,9792486,Elandra Falcon,bypass,never_seen,Kpler load at ADCOP Fujairah is east/Red Sea — no SoH exit expected.,,,,,,2026-06-24 02:58:00,2026-06-24 02:58:00,ADCOP Fujairah,NSRP,Delivered,trade,bypass_east,outside,Murban,1.0,899996.0,,53.0,,3.0,7.0,,,clean fleet,False,False,0.0,False,False,,,,,,,,
2026-08-16,9398058,New Prospect,bypass,never_seen,Kpler load at Muajjiz is east/Red Sea — no SoH exit expected.,,,,,,2026-06-25 09:39:00,2026-06-25 09:39:00,Muajjiz,S-Oil Onsan,Delivered,trade,bypass_red_sea,outside,Arab Lt.,1.0,2107489.0,,52.0,,3.0,7.0,,,clean fleet,False,False,0.0,False,False,,,,,,,,
2026-08-16,9829631,Hazm,bypass,never_seen,Kpler load at Yanbu Crude is east/Red Sea — no SoH exit expected.,,,,,,2026-06-25 00:38:00,2026-06-25 00:38:00,Yanbu Crude,Nagoya,In Transit,trade,bypass_red_sea,outside,Arab Lt.,1.0,2090009.0,,52.0,,3.0,7.0,,,clean fleet,False,False,0.0,False,False,,,,,,,,
2026-08-16,9900655,New Era,bypass,never_seen,Kpler load at Mina Al Fahal is east/Red Sea — no SoH exit expected.,,,,,,2026-06-25 06:36:00,2026-06-25 06:36:00,Mina Al Fahal,Showa Yokkaichi Refinery,Delivered,trade,bypass_east,outside,Oman,1.0,638830.0,,52.0,,3.0,7.0,,,clean fleet,False,False,0.0,False,False,,,,,,,,
2026-08-16,9926685,Burqan,bypass,never_seen,Kpler load at Muajjiz is east/Red Sea — no SoH exit expected.,,,,,,2026-06-25 04:19:00,2026-06-25 04:19:00,Muajjiz,Nagoya,In Transit,trade,bypass_red_sea,outside,Arab Lt.,1.0,2000090.0,,52.0,,3.0,7.0,,,clean fleet,False,False,0.0,False,False,,,,,,,,
2026-08-16,9530228,Lucky Pioneer,bypass,never_seen,Kpler load at Mina Al Fahal is east/Red Sea — no SoH exit expected.,,,,,,2026-06-26 21:18:00,2026-06-26 21:18:00,Mina Al Fahal,,PortCall,portcall,bypass_east,unknown,Oman,1.0,2011041.0,,51.0,,3.0,7.0,,,clean fleet,False,False,0.0,False,False,,,,,,,,
2026-08-16,9732541,Ghana Prosperity,bypass,never_seen,Kpler load at Muajjiz is east/Red Sea — no SoH exit expected.,,,,,,2026-06-26 03:59:00,2026-06-26 03:59:00,Muajjiz,S-Oil Onsan,Delivered,trade,bypass_red_sea,outside,Arab Lt.,1.0,2066171.0,,51.0,,3.0,7.0,,,clean fleet,False,False,0.0,False,False,,,,,,,,
2026-08-16,9776547,Maran Arete,bypass,never_seen,Kpler load at ADCOP Fujairah is east/Red Sea — no SoH exit expected.,,,,,,2026-06-26 20:38:00,2026-06-26 20:38:00,ADCOP Fujairah,Marathon LA,Delivered,trade,bypass_east,outside,Murban,1.0,500002.0,,51.0,,3.0,7.0,,,clean fleet,False,False,0.0,False,False,,,,,,,,
2026-08-16,9500924,Izki,bypass,never_seen,Kpler load at Sohar Light. is east/Red Sea — no SoH exit expected.,,,,,,2026-06-27 00:00:00,2026-06-27 00:00:00,Sohar Light.,,PortCall,portcall,bypass_east,unknown,Basrah,1.0,1900000.0,,50.0,,3.0,7.0,,,clean fleet,False,False,0.0,False,False,giver_no_soh,giver,Sohar Light,2026-06-26 00:00:00,,Grand Lady,9406166,1900000
2026-08-16,9534030,Yasa Southern Cross,bypass,never_seen,Kpler load at Fujairah Light. is east/Red Sea — no SoH exit expected.,,,,,,2026-06-27 00:00:00,2026-06-27 00:00:00,Fujairah Light.,,PortCall,portcall,bypass_east,unknown,Zakum,1.0,2052742.0,,50.0,,3.0,7.0,,,clean fleet,False,False,0.0,False,False,giver_no_soh,giver,Fujairah Light,2026-06-26 00:00:00,,France C,9322281,2052742
2026-08-16,9706384,New Wealth,bypass,never_seen,Kpler load at ADCOP Fujairah is east/Red Sea — no SoH exit expected.,,,,,,2026-06-27 19:59:00,2026-06-27 19:59:00,ADCOP Fujairah,ExxonMobil PAC Refinery,Delivered,trade,bypass_east,outside,Murban,1.0,870660.0,,50.0,,3.0,7.0,,,clean fleet,False,False,0.0,False,False,,,,,,,,
2026-08-16,9733806,Dalil,bypass,never_seen,Kpler load at Muajjiz is east/Red Sea — no SoH exit expected.,,,,,,2026-06-27 15:56:00,2026-06-27 15:56:00,Muajjiz,Tomakomai,In Transit,trade,bypass_red_sea,outside,Arab Lt.,1.0,2062504.0,,50.0,,3.0,7.0,,,clean fleet,False,False,0.0,False,False,,,,,,,,
2026-08-16,9851854,Universal Challenger,bypass,never_seen,Kpler load at Sohar Light. is east/Red Sea — no SoH exit expected.,,,,,,2026-06-27 00:00:00,2026-06-27 00:00:00,Sohar Light.,,PortCall,portcall,bypass_east,unknown,Zakum,1.0,1996461.0,,50.0,,3.0,7.0,,,clean fleet,False,False,0.0,False,False,giver_no_soh,giver,Sohar Light,2026-06-26 00:00:00,,Hafeet,9928009,1996461
2026-08-16,9868168,Maran Orpheus,bypass,never_seen,Kpler load at Mina Al Fahal is east/Red Sea — no SoH exit expected.,,,,,,2026-06-27 21:17:00,2026-06-27 21:17:00,Mina Al Fahal,Kochi Refinery,Delivered,trade,bypass_east,outside,Oman,1.0,1068003.0,,50.0,,3.0,7.0,,,clean fleet,False,False,0.0,False,False,,,,,,,,
2026-08-16,1024986,Astypalea,bypass,never_seen,Kpler load at Yanbu Crude is east/Red Sea — no SoH exit expected.,,,,,,2026-06-29 22:18:00,2026-06-29 22:18:00,Yanbu Crude,Shoaiba Power,Delivered,trade,bypass_red_sea,bypass_red_sea,Arab Lt.,1.0,228961.0,,48.0,,3.0,7.0,,,clean fleet,False,False,0.0,False,False,,,,,,,,
2026-08-16,9404924,C.Galaxy,bypass,never_seen,Kpler load at Mina Al Fahal is east/Red Sea — no SoH exit expected.,,,,,,2026-06-29 17:39:00,2026-06-29 17:39:00,Mina Al Fahal,SK Ulsan,Delivered,trade,bypass_east,outside,Oman,1.0,1111604.0,,48.0,,3.0,7.0,,,clean fleet,False,False,0.0,False,True,unknown_partner,receiver,Gulf of Oman,2026-06-21 00:00:00,,,,1000004
2026-08-16,9486544,New Aspire,bypass,never_seen,Kpler load at Yanbu Crude is east/Red Sea — no SoH exit expected.,,,,,,2026-06-29 10:39:00,2026-06-29 10:39:00,Yanbu Crude,Quanzhou Refinery,Delivered,trade,bypass_red_sea,outside,Arab Lt.,1.0,2007839.0,,48.0,,3.0,7.0,,,clean fleet,False,False,0.0,False,False,,,,,,,,
2026-08-16,9779812,Maharah,bypass,never_seen,Kpler load at Muajjiz is east/Red Sea — no SoH exit expected.,,,,,,2026-06-29 19:13:00,2026-06-29 19:13:00,Muajjiz,Showa Yokkaichi Refinery,Delivered,trade,bypass_red_sea,outside,Arab Lt.,1.0,1643923.0,,48.0,,3.0,7.0,,,clean fleet,False,False,0.0,False,False,,,,,,,,
2026-08-16,9930791,Maran Danae,bypass,never_seen,Kpler load at ADCOP Fujairah is east/Red Sea — no SoH exit expected.,,,,,,2026-06-29 11:58:00,2026-06-29 11:58:00,ADCOP Fujairah,Kiire,Delivered,trade,bypass_east,outside,Murban,1.0,835343.0,,48.0,,3.0,7.0,,,clean fleet,False,False,0.0,False,False,,,,,,,,
2026-08-16,9843297,Yuan Hua Yang,bypass,never_seen,Kpler load at Fujairah Light. is east/Red Sea — no SoH exit expected.,,,,,,2026-06-30 12:39:00,2026-06-30 12:39:00,Fujairah Light.,,PortCall,portcall,bypass_east,unknown,Zakum,1.0,1900000.0,,47.0,,3.0,7.0,,,clean fleet,False,False,0.0,False,False,giver_no_soh,giver,Fujairah Light,2026-06-27 15:18:00,,Togo Prosperity,9411032,1900000
2026-08-16,9930777,Antonis I.Angelicous,bypass,never_seen,Kpler load at Mina Al Fahal is east/Red Sea — no SoH exit expected.,,,,,,2026-06-30 13:39:00,2026-06-30 13:39:00,Mina Al Fahal,,PortCall,portcall,bypass_east,unknown,Oman,1.0,1949998.0,,47.0,,3.0,7.0,,,clean fleet,False,False,0.0,False,False,,,,,,,,
2026-08-16,9455973,Amphitrite,bypass,never_seen,Kpler load at Fujairah Light. is east/Red Sea — no SoH exit expected.,,,,,,2026-07-01 00:00:00,2026-07-01 00:00:00,Fujairah Light.,,PortCall,portcall,bypass_east,unknown,Kuwait,1.0,1000004.0,,46.0,,3.0,7.0,,,clean fleet,False,False,0.0,False,False,giver_no_soh,giver,Fujairah Light,2026-06-30 00:00:00,,Al Kout,9653434,1000004
2026-08-16,9821691,Elandra Bay,bypass,never_seen,Kpler load at ADCOP Fujairah is east/Red Sea — no SoH exit expected.,,,,,,2026-07-01 16:58:00,2026-07-01 16:58:00,ADCOP Fujairah,New Mangalore Refinery,Delivered,trade,bypass_east,outside,Murban,1.0,599997.0,,46.0,,3.0,7.0,,,clean fleet,False,False,0.0,False,False,,,,,,,,
2026-08-16,9728693,Guyana Prosperity,bypass,never_seen,Kpler load at Sohar Light. is east/Red Sea — no SoH exit expected.,,,,,,2026-07-02 18:17:00,2026-07-02 18:17:00,Sohar Light.,,PortCall,portcall,bypass_east,unknown,Basrah,1.0,2004373.0,,45.0,,3.0,7.0,,,clean fleet,False,False,0.0,False,False,giver_no_soh,giver,Sohar Light,2026-06-28 20:59:00,,Kiara M,9285823,2004373
2026-08-16,9923487,Yiannis Latsis,bypass,never_seen,Kpler load at Mina Al Fahal is east/Red Sea — no SoH exit expected.,,,,,,2026-07-02 03:18:00,2026-07-02 03:18:00,Mina Al Fahal,TaoYuan Refinery,Delivered,trade,bypass_east,outside,Oman,1.0,1316344.0,,45.0,,3.0,7.0,,,clean fleet,False,False,0.0,False,False,,,,,,,,
2026-08-16,9297486,Desh Ujaala,bypass,never_seen,Kpler load at Sohar Light. is east/Red Sea — no SoH exit expected.,,,,,,2026-07-03 22:34:00,2026-07-03 22:34:00,Sohar Light.,,PortCall,portcall,bypass_east,unknown,Basrah,1.0,2094689.0,,44.0,,3.0,7.0,,,clean fleet,False,False,0.0,False,False,giver_no_soh,giver,Sohar Light,2026-06-30 20:59:00,,Nissos Heraclea,9419618,2094689
2026-08-16,9528794,Dht Amazon,bypass,never_seen,Kpler load at ADCOP Fujairah is east/Red Sea — no SoH exit expected.,,,,,,2026-07-03 12:39:00,2026-07-03 12:39:00,ADCOP Fujairah,KNOC Yeosu,Delivered,trade,bypass_east,outside,Murban,1.0,1999996.0,,44.0,,3.0,7.0,,,clean fleet,False,False,0.0,False,False,,,,,,,,
2026-08-16,9830109,Front Discovery,bypass,never_seen,Kpler load at Muajjiz is east/Red Sea — no SoH exit expected.,,,,,,2026-07-05 20:39:00,2026-07-05 20:39:00,Muajjiz,SK Ulsan,Delivered,trade,bypass_red_sea,outside,Arab,1.0,1996077.0,,42.0,,3.0,7.0,,,clean fleet,False,False,0.0,False,False,,,,,,,,
2026-08-16,9515436,Lila Kochi,bypass,never_seen,Kpler load at Muajjiz is east/Red Sea — no SoH exit expected.,,,,,,2026-07-06 01:35:00,2026-07-06 01:35:00,Muajjiz,Keiyo Sea Berth,Delivered,trade,bypass_red_sea,outside,Arab Lt.,1.0,1457726.0,,41.0,,3.0,7.0,,,clean fleet,False,False,0.0,False,False,,,,,,,,
2026-08-16,9933640,Front Tana,bypass,never_seen,Kpler load at Muajjiz is east/Red Sea — no SoH exit expected.,,,,,,2026-07-06 22:37:00,2026-07-06 22:37:00,Muajjiz,Kiire,Delivered,trade,bypass_red_sea,outside,Arab Lt.,1.0,1997668.0,,41.0,,3.0,7.0,,,clean fleet,False,False,0.0,False,False,,,,,,,,
2026-08-16,1042500,Tara,bypass,never_seen,Kpler load at Sohar Light. is east/Red Sea — no SoH exit expected.,,,,,,2026-07-07 00:00:00,2026-07-07 00:00:00,Sohar Light.,,PortCall,portcall,bypass_east,unknown,Das,1.0,2000002.0,,40.0,,3.0,7.0,,,clean fleet,False,False,0.0,False,False,giver_no_soh,giver,Sohar Light,2026-07-06 00:00:00,,France C,9322281,2000002
2026-08-16,9528940,Dht Redwood,bypass,never_seen,Kpler load at ADCOP Fujairah is east/Red Sea — no SoH exit expected.,,,,,,2026-07-07 19:19:00,2026-07-07 19:19:00,ADCOP Fujairah,Sriracha,Delivered,trade,bypass_east,outside,Murban,1.0,1340660.0,,40.0,,3.0,7.0,,,clean fleet,False,False,0.0,False,False,,,,,,,,
2026-08-16,9753002,Maran Artemis,bypass,never_seen,Kpler load at Sohar Light. is east/Red Sea — no SoH exit expected.,,,,,,2026-07-07 00:00:00,2026-07-07 00:00:00,Sohar Light.,,PortCall,portcall,bypass_east,unknown,Kuwait,1.0,2119181.0,,40.0,,3.0,7.0,,,clean fleet,False,False,0.0,False,False,giver_no_soh,giver,Sohar Light,2026-07-06 00:00:00,,Al Jabriyah II,9329708,2119181
2026-08-16,9845221,V.Advance,bypass,never_seen,Kpler load at ADCOP Fujairah is east/Red Sea — no SoH exit expected.,,,,,,2026-07-07 15:39:00,2026-07-07 15:39:00,ADCOP Fujairah,Yeosu Refinery,Delivered,trade,bypass_east,outside,Murban,1.0,1579654.0,,40.0,,3.0,7.0,,,clean fleet,False,False,0.0,False,False,,,,,,,,
2026-08-16,9931331,G.Future,bypass,never_seen,Kpler load at Yanbu Crude is east/Red Sea — no SoH exit expected.,,,,,,2026-07-07 00:00:00,2026-07-07 00:00:00,Yanbu Crude,Yeosu,In Transit,trade,bypass_red_sea,outside,Arab Lt.,1.0,1999914.0,,40.0,,3.0,7.0,,,clean fleet,False,False,0.0,False,False,,,,,,,,
2026-08-16,9232876,Vernon,bypass,never_seen,Kpler load at Jask Oil Terminal is east/Red Sea — no SoH exit expected.,,,,,,2026-07-08 05:15:00,2026-07-08 05:15:00,Jask Oil Terminal,Yangpu,In Transit,trade,bypass_east,outside,Iran,1.0,358129.0,,39.0,,3.0,7.0,,,dark fleet,True,True,0.0,False,False,,,,,,,,
2026-08-16,9625968,Twin Pollux,bypass,never_seen,Kpler load at Sohar Light. is east/Red Sea — no SoH exit expected.,,,,,,2026-07-08 23:19:00,2026-07-08 23:19:00,Sohar Light.,,PortCall,portcall,bypass_east,unknown,Zakum,1.0,1986831.0,,39.0,,3.0,7.0,,,clean fleet,False,False,0.0,False,False,giver_no_soh,giver,Sohar Light,2026-07-06 00:00:00,,Rotterdam Energy,9508859,1986831
2026-08-16,9799185,New Melody,bypass,never_seen,Kpler load at ADCOP Fujairah is east/Red Sea — no SoH exit expected.,,,,,,2026-07-08 11:33:00,2026-07-08 11:33:00,ADCOP Fujairah,Kawasaki Refinery,Delivered,trade,bypass_east,outside,Murban,1.0,949453.0,,39.0,,3.0,7.0,,,clean fleet,False,False,0.0,False,False,,,,,,,,
2026-08-16,9831218,Irini N. Lemos,bypass,never_seen,Kpler load at Sohar Light. is east/Red Sea — no SoH exit expected.,,,,,,2026-07-08 02:23:00,2026-07-08 02:23:00,Sohar Light.,,PortCall,portcall,bypass_east,unknown,Qatar Mar.,1.0,1799999.0,,39.0,,3.0,7.0,,,clean fleet,False,False,0.0,False,False,giver_no_soh,giver,Sohar Light,2026-07-04 09:58:00,,Nissos Kea,9920758,1799999
2026-08-16,1087536,Evros,bypass,never_seen,Kpler load at Sohar Light. is east/Red Sea — no SoH exit expected.,,,,,,2026-07-09 00:00:00,2026-07-09 00:00:00,Sohar Light.,,PortCall,portcall,bypass_east,unknown,Kuwait,1.0,2000002.0,,38.0,,3.0,7.0,,,clean fleet,False,False,0.0,False,False,giver_no_soh,giver,Sohar Light,2026-07-08 00:00:00,,Al Funtas,9653408,2000002
2026-08-16,1050624,Morini,bypass,never_seen,Kpler load at ADCOP Fujairah is east/Red Sea — no SoH exit expected.,,,,,,2026-07-10 11:59:00,2026-07-10 11:59:00,ADCOP Fujairah,ExxonMobil PAC Refinery,Delivered,trade,bypass_east,outside,Murban,1.0,960498.0,,37.0,,3.0,7.0,,,clean fleet,False,False,0.0,False,False,,,,,,,,
2026-08-16,9271353,Olympic Future,bypass,never_seen,Kpler load at Yanbu Crude is east/Red Sea — no SoH exit expected.,,,,,,2026-07-11 20:38:00,2026-07-11 20:38:00,Yanbu Crude,Ain Sukhna,Delivered,trade,bypass_red_sea,outside,Arab,1.0,1022723.0,,36.0,,3.0,7.0,,,clean fleet,False,False,0.0,False,False,,,,,,,,
2026-08-16,9486491,New Joviality,bypass,never_seen,Kpler load at Mina Al Fahal is east/Red Sea — no SoH exit expected.,,,,,,2026-07-11 13:19:00,2026-07-11 13:19:00,Mina Al Fahal,,PortCall,portcall,bypass_east,unknown,Oman,1.0,2123477.0,,36.0,,3.0,7.0,,,clean fleet,False,False,0.0,False,False,,,,,,,,
2026-08-16,9579511,Almi Globe,bypass,never_seen,Kpler load at ADCOP Fujairah is east/Red Sea — no SoH exit expected.,,,,,,2026-07-11 00:39:00,2026-07-11 00:39:00,ADCOP Fujairah,Aster Bukom,Delivered,trade,bypass_east,outside,Murban,1.0,1066997.0,,36.0,,3.0,7.0,,,clean fleet,False,False,0.0,False,False,,,,,,,,
2026-08-16,9828338,Ascona,bypass,never_seen,Kpler load at Muajjiz is east/Red Sea — no SoH exit expected.,,,,,,2026-07-11 15:37:00,2026-07-11 15:37:00,Muajjiz,Aichi,Delivered,trade,bypass_red_sea,outside,Arab,1.0,867905.0,,36.0,,3.0,7.0,,,clean fleet,False,False,0.0,False,False,,,,,,,,
2026-08-16,9904089,Vl Renaissance,bypass,never_seen,Kpler load at Muajjiz is east/Red Sea — no SoH exit expected.,,,,,,2026-07-11 21:16:00,2026-07-11 21:16:00,Muajjiz,Daesan,In Transit,trade,bypass_red_sea,outside,Arab Lt.,1.0,2130000.0,,36.0,,3.0,7.0,,,clean fleet,False,False,0.0,False,False,,,,,,,,
2026-08-16,9380893,Suez Protopia,bypass,never_seen,Kpler load at Yanbu Crude is east/Red Sea — no SoH exit expected.,,,,,,2026-07-12 15:38:00,2026-07-12 15:38:00,Yanbu Crude,Ain Sukhna,Delivered,trade,bypass_red_sea,outside,Arab,1.0,1074664.0,,35.0,,3.0,7.0,,,clean fleet,False,False,0.0,False,False,,,,,,,,
2026-08-16,9439670,Captain A Stellatos,bypass,never_seen,Kpler load at Sohar Light. is east/Red Sea — no SoH exit expected.,,,,,,2026-07-12 13:58:00,2026-07-12 13:58:00,Sohar Light.,,PortCall,portcall,bypass_east,unknown,Das,1.0,709572.0,,35.0,,3.0,7.0,,,clean fleet,False,False,0.0,False,False,giver_no_soh,giver,Sohar Light,2026-07-11 01:39:00,,Ocean Loyalty,9375238,709572
2026-08-16,9876440,Seaduchess,bypass,never_seen,Kpler load at Mina Al Fahal is east/Red Sea — no SoH exit expected.,,,,,,2026-07-12 22:54:00,2026-07-12 22:54:00,Mina Al Fahal,Geoje,Delivered,trade,bypass_east,outside,Oman,1.0,843388.0,,35.0,,3.0,7.0,,,clean fleet,False,False,0.0,False,False,,,,,,,,
2026-08-16,9905320,Africa,bypass,never_seen,Kpler load at ADCOP Fujairah is east/Red Sea — no SoH exit expected.,,,,,,2026-07-12 02:58:00,2026-07-12 02:58:00,ADCOP Fujairah,Mumbai Refinery,Delivered,trade,bypass_east,outside,Murban,1.0,999998.0,,35.0,,3.0,7.0,,,clean fleet,False,False,0.0,False,True,unknown_partner,receiver,Gulf of Oman,2026-08-05 00:00:00,,,,999998
2026-08-16,9509023,Pissiotis,bypass,never_seen,Kpler load at Sohar Light. is east/Red Sea — no SoH exit expected.,,,,,,2026-07-13 19:19:00,2026-07-13 19:19:00,Sohar Light.,,PortCall,portcall,bypass_east,unknown,ME,1.0,212960.0,,34.0,,3.0,7.0,,,clean fleet,False,False,0.0,False,False,giver_no_soh,giver,Sohar Light,2026-07-12 02:19:00,,Malaysia Prosperity,9395305,212960
2026-08-16,9791236,Coslucky Lake,bypass,never_seen,Kpler load at Yanbu Crude is east/Red Sea — no SoH exit expected.,,,,,,2026-07-13 21:17:00,2026-07-13 21:17:00,Yanbu Crude,Ain Sukhna,Delivered,trade,bypass_red_sea,outside,Arab,1.0,2066001.0,,34.0,,3.0,7.0,,,clean fleet,False,False,0.0,False,False,,,,,,,,
2026-08-16,9723095,Front Tay,bypass,never_seen,Kpler load at Yanbu Crude is east/Red Sea — no SoH exit expected.,,,,,,2026-07-14 19:18:00,2026-07-14 19:18:00,Yanbu Crude,Kiire,Delivered,trade,bypass_red_sea,outside,Arab,1.0,1017131.0,,33.0,,3.0,7.0,,,clean fleet,False,False,0.0,False,False,,,,,,,,
2026-08-16,9734111,Dht Osprey,bypass,never_seen,Kpler load at Fujairah Light. is east/Red Sea — no SoH exit expected.,,,,,,2026-07-14 19:19:00,2026-07-14 19:19:00,Fujairah Light.,,PortCall,portcall,bypass_east,unknown,Das,1.0,1440536.0,,33.0,,3.0,7.0,,,clean fleet,False,False,0.0,False,False,giver_no_soh,giver,Fujairah Light,2026-07-11 04:19:00,,Cyprus Prosperity,9595216,2071505
2026-08-16,9826897,Areios,bypass,never_seen,Kpler load at Muajjiz is east/Red Sea — no SoH exit expected.,,,,,,2026-07-14 08:39:00,2026-07-14 08:39:00,Muajjiz,New Mangalore Refinery,Delivered,trade,bypass_red_sea,outside,Arab Lt.,1.0,764312.0,,33.0,,3.0,7.0,,,clean fleet,False,False,0.0,False,False,,,,,,,,
2026-08-16,9343388,Tosa,bypass,never_seen,Kpler load at Sohar Light. is east/Red Sea — no SoH exit expected.,,,,,,2026-07-15 23:59:00,2026-07-15 23:59:00,Sohar Light.,,PortCall,portcall,bypass_east,unknown,Shaheen,1.0,2011726.0,,32.0,,3.0,7.0,,,clean fleet,False,False,0.0,False,False,giver_no_soh,giver,Sohar Light,2026-07-12 06:18:00,,Nissos Heraclea,9419618,2011726
2026-08-16,9406178,Fpmc C Melody,bypass,never_seen,Kpler load at FOTT is east/Red Sea — no SoH exit expected.,,,,,,2026-07-15 12:19:00,2026-07-15 12:19:00,FOTT,Cezixiang,Delivered,trade,bypass_east,outside,Zakum,1.0,2114005.0,,32.0,,3.0,7.0,,,clean fleet,False,False,0.0,False,False,,,,,,,,
2026-08-16,9799159,New Honor,bypass,never_seen,Kpler load at ADCOP Fujairah is east/Red Sea — no SoH exit expected.,,,,,,2026-07-15 08:59:00,2026-07-15 08:59:00,ADCOP Fujairah,Chiba,In Transit,trade,bypass_east,outside,Murban,1.0,1900000.0,,32.0,,3.0,7.0,,,clean fleet,False,False,0.0,False,False,,,,,,,,
2026-08-16,9271365,Al Mahfoza,bypass,never_seen,Kpler load at Yanbu Crude is east/Red Sea — no SoH exit expected.,,,,,,2026-07-16 00:37:00,2026-07-16 00:37:00,Yanbu Crude,Shoaiba Power,Delivered,trade,bypass_red_sea,bypass_red_sea,Arab Lt.,1.0,350927.0,,31.0,,3.0,7.0,,,clean fleet,False,False,0.0,False,False,,,,,,,,
2026-08-16,9427627,Adebola Adeline,bypass,never_seen,Kpler load at Yanbu Crude is east/Red Sea — no SoH exit expected.,,,,,,2026-07-16 11:58:00,2026-07-16 11:58:00,Yanbu Crude,Petronas Melaka Refinery,Delivered,trade,bypass_red_sea,outside,Arab Lt.,1.0,213828.0,,31.0,,3.0,7.0,,,clean fleet,False,False,0.0,False,False,,,,,,,,
2026-08-16,9794006,Marine Hope,bypass,never_seen,Kpler load at Fujairah Light. is east/Red Sea — no SoH exit expected.,,,,,,2026-07-16 00:00:00,2026-07-16 00:00:00,Fujairah Light.,,PortCall,portcall,bypass_east,unknown,ME,1.0,1999996.0,,31.0,,3.0,7.0,,,clean fleet,False,False,0.0,False,False,giver_no_soh,giver,Fujairah Light,2026-07-15 00:00:00,,Al Funtas,9653408,1999996
2026-08-16,9457531,Fpmc C Orient,bypass,never_seen,Kpler load at Muajjiz is east/Red Sea — no SoH exit expected.,,,,,,2026-07-17 00:19:00,2026-07-17 00:19:00,Muajjiz,FPCC Mailiao Refinery,Delivered,trade,bypass_red_sea,outside,Arab Lt.,1.0,2023620.0,,30.0,,3.0,7.0,,,clean fleet,False,False,0.0,False,False,,,,,,,,
2026-08-16,9686352,New Courage,bypass,never_seen,Kpler load at Muajjiz is east/Red Sea — no SoH exit expected.,,,,,,2026-07-17 08:59:00,2026-07-17 08:59:00,Muajjiz,Yeosu Refinery,Delivered,trade,bypass_red_sea,outside,Arab,1.0,2136378.0,,30.0,,3.0,7.0,,,clean fleet,False,False,0.0,False,False,,,,,,,,
2026-08-16,9792474,Elandra Eagle,bypass,never_seen,Kpler load at Mina Al Fahal is east/Red Sea — no SoH exit expected.,,,,,,2026-07-17 16:14:00,2026-07-17 16:14:00,Mina Al Fahal,NSRP,Delivered,trade,bypass_east,outside,Oman,1.0,1061367.0,,30.0,,3.0,7.0,,,clean fleet,False,False,0.0,False,False,,,,,,,,
2026-08-16,9831816,Olympic Lyra,bypass,never_seen,Kpler load at Mina Al Fahal is east/Red Sea — no SoH exit expected.,,,,,,2026-07-17 00:00:00,2026-07-17 00:00:00,Mina Al Fahal,Hyundai Daesan Refinery,Delivered,trade,bypass_east,outside,Oman,1.0,2126509.0,,30.0,,3.0,7.0,,,clean fleet,False,False,0.0,False,False,,,,,,,,
2026-08-16,9845714,Front Nausta,bypass,never_seen,Kpler load at ADCOP Fujairah is east/Red Sea — no SoH exit expected.,,,,,,2026-07-17 06:16:00,2026-07-17 06:16:00,ADCOP Fujairah,Map Ta Phut,Delivered,trade,bypass_east,outside,Murban,1.0,1499994.0,,30.0,,3.0,7.0,,,clean fleet,False,False,0.0,False,False,,,,,,,,
2026-08-16,9927213,Green Anax,bypass,never_seen,Kpler load at ADCOP Fujairah is east/Red Sea — no SoH exit expected.,,,,,,2026-07-17 00:00:00,2026-07-17 00:00:00,ADCOP Fujairah,Sapugaskanda Oil Refinery,Delivered,trade,bypass_east,outside,Murban,1.0,749997.0,,30.0,,3.0,7.0,,,clean fleet,False,False,0.0,False,False,,,,,,,,
2026-08-16,9394507,Spring Splendor,bypass,never_seen,Kpler load at ADCOP Fujairah is east/Red Sea — no SoH exit expected.,,,,,,2026-07-18 08:59:00,2026-07-18 08:59:00,ADCOP Fujairah,Oita,Delivered,trade,bypass_east,outside,Murban,1.0,608400.0,,29.0,,3.0,7.0,,,clean fleet,False,False,0.0,False,False,,,,,,,,
2026-08-16,9776559,Sophia,bypass,never_seen,Kpler load at Muajjiz is east/Red Sea — no SoH exit expected.,,,,,,2026-07-18 14:59:00,2026-07-18 14:59:00,Muajjiz,S-Oil Onsan,Delivered,trade,bypass_red_sea,outside,Arab,1.0,2128660.0,,29.0,,3.0,7.0,,,clean fleet,False,False,0.0,False,False,,,,,,,,
2026-08-16,9933652,Front Gaula,bypass,never_seen,Kpler load at Yanbu Crude is east/Red Sea — no SoH exit expected.,,,,,,2026-07-18 19:59:00,2026-07-18 19:59:00,Yanbu Crude,Ain Sukhna,Delivered,trade,bypass_red_sea,outside,Arab,1.0,964611.0,,29.0,,3.0,7.0,,,clean fleet,False,False,0.0,False,False,,,,,,,,
2026-08-16,1097775,Aristotelis II,bypass,never_seen,Kpler load at Sohar Light. is east/Red Sea — no SoH exit expected.,,,,,,2026-07-19 00:00:00,2026-07-19 00:00:00,Sohar Light.,,PortCall,portcall,bypass_east,unknown,Kuwait,1.0,2042483.0,,28.0,,3.0,7.0,,,clean fleet,False,False,0.0,False,False,giver_no_soh,giver,Sohar Light,2026-07-18 00:00:00,,Al Derwazah,9653410,2042483
2026-08-16,9388364,Merbabu,bypass,never_seen,Kpler load at Yanbu Crude is east/Red Sea — no SoH exit expected.,,,,,,2026-07-19 00:00:00,2026-07-19 00:00:00,Yanbu Crude,New Mangalore Refinery,Delivered,trade,bypass_red_sea,outside,Arab,1.0,716214.0,,28.0,,3.0,7.0,,,clean fleet,False,False,0.0,False,False,,,,,,,,
2026-08-16,1024948,Rodos,bypass,never_seen,Kpler load at Muajjiz is east/Red Sea — no SoH exit expected.,,,,,,2026-07-20 23:58:00,2026-07-20 23:58:00,Muajjiz,New Mangalore Refinery,Delivered,trade,bypass_red_sea,outside,Arab,1.0,776338.0,,27.0,,3.0,7.0,,,clean fleet,False,False,0.0,False,False,,,,,,,,
2026-08-16,1090777,New Explorer,bypass,never_seen,Kpler load at Yanbu Crude is east/Red Sea — no SoH exit expected.,,,,,,2026-07-20 10:35:00,2026-07-20 10:35:00,Yanbu Crude,SRC Jurong,Delivered,trade,bypass_red_sea,outside,Arab,1.0,1042485.0,,27.0,,3.0,7.0,,,clean fleet,False,False,0.0,False,False,,,,,,,,
2026-08-16,9804289,Cosnew Lake,bypass,never_seen,Kpler load at Yanbu Crude is east/Red Sea — no SoH exit expected.,,,,,,2026-07-20 20:18:00,2026-07-20 20:18:00,Yanbu Crude,Huizhou Refinery,Delivered,trade,bypass_red_sea,outside,Arab,1.0,2135000.0,,27.0,,3.0,7.0,,,clean fleet,False,False,0.0,False,False,,,,,,,,
2026-08-16,9909807,Grand Ambition,bypass,never_seen,Kpler load at ADCOP Fujairah is east/Red Sea — no SoH exit expected.,,,,,,2026-07-20 07:58:00,2026-07-20 07:58:00,ADCOP Fujairah,Rayong IRPC Refinery,Delivered,trade,bypass_east,outside,Murban,1.0,769099.0,,27.0,,3.0,7.0,,,clean fleet,False,False,0.0,False,False,,,,,,,,
2026-08-16,1024998,Simi,bypass,never_seen,Kpler load at ADCOP Fujairah is east/Red Sea — no SoH exit expected.,,,,,,2026-07-21 11:19:00,2026-07-21 11:19:00,ADCOP Fujairah,Sriracha,Delivered,trade,bypass_east,outside,Murban,1.0,387496.0,,26.0,,3.0,7.0,,,clean fleet,False,False,0.0,False,False,,,,,,,,
2026-08-16,9810393,Maran Atalanta,bypass,never_seen,Kpler load at Fujairah Light. is east/Red Sea — no SoH exit expected.,,,,,,2026-07-21 00:00:00,2026-07-21 00:00:00,Fujairah Light.,,PortCall,portcall,bypass_east,unknown,Kuwait,1.0,2000002.0,,26.0,,3.0,7.0,,,clean fleet,False,False,0.0,False,False,giver_no_soh,giver,Fujairah Light,2026-07-20 00:00:00,,Umm Al Aish,9534781,2000002
2026-08-16,9939163,Alhaya,bypass,never_seen,Kpler load at Yanbu Crude is east/Red Sea — no SoH exit expected.,,,,,,2026-07-21 22:59:00,2026-07-21 22:59:00,Yanbu Crude,,In Transit,trade,bypass_red_sea,unknown,Arab,1.0,780615.0,,26.0,,3.0,7.0,,,clean fleet,False,False,0.0,False,False,,,,,,,,
2026-08-16,9424211,Olympic Luck,bypass,never_seen,Kpler load at Muajjiz is east/Red Sea — no SoH exit expected.,,,,,,2026-07-23 00:00:00,2026-07-23 00:00:00,Muajjiz,,In Transit,trade,bypass_red_sea,unknown,Arab,1.0,1200001.0,,24.0,,3.0,7.0,,,clean fleet,False,False,0.0,False,False,,,,,,,,
2026-08-16,9946702,Ninemia,bypass,never_seen,Kpler load at Muajjiz is east/Red Sea — no SoH exit expected.,,,,,,2026-07-23 04:58:00,2026-07-23 04:58:00,Muajjiz,,In Transit,trade,bypass_red_sea,unknown,Arab,1.0,769514.0,,24.0,,3.0,7.0,,,clean fleet,False,False,0.0,False,False,,,,,,,,
2026-08-16,9315367,Chloe,bypass,never_seen,Kpler load at Sultan Qaboos (Muscat) Light. is east/Red Sea — no SoH exit expected.,,,,,,2026-07-24 11:55:00,2026-07-24 11:55:00,Sultan Qaboos (Muscat) Light.,,PortCall,portcall,bypass_east,unknown,SBL,1.0,702049.0,,23.0,,3.0,7.0,,,clean fleet,False,False,0.0,False,False,,,,,,,,
2026-08-16,1055155,Dht Gazelle,bypass,never_seen,Kpler load at Yanbu Crude is east/Red Sea — no SoH exit expected.,,,,,,2026-07-25 00:00:00,2026-07-25 00:00:00,Yanbu Crude,,In Transit,trade,bypass_red_sea,unknown,Arab,1.0,1081935.0,,22.0,,3.0,7.0,,,clean fleet,False,False,0.0,False,False,,,,,,,,
2026-08-16,9330874,Astra Maris,bypass,never_seen,Kpler load at Mina Al Fahal is east/Red Sea — no SoH exit expected.,,,,,,2026-07-25 10:31:00,2026-07-25 10:31:00,Mina Al Fahal,Kochi Refinery,Delivered,trade,bypass_east,outside,Oman,1.0,1068714.0,,22.0,,3.0,7.0,,,clean fleet,False,False,0.0,False,False,,,,,,,,
2026-08-16,9434620,New Resource,bypass,never_seen,Kpler load at ADCOP Fujairah is east/Red Sea — no SoH exit expected.,,,,,,2026-07-25 04:39:00,2026-07-25 04:39:00,ADCOP Fujairah,Kiire,In Transit,trade,bypass_east,outside,Murban,1.0,1989781.0,,22.0,,3.0,7.0,,,clean fleet,False,False,0.0,False,False,,,,,,,,
2026-08-16,9468322,New Pearl,bypass,never_seen,Kpler load at Yanbu Crude is east/Red Sea — no SoH exit expected.,,,,,,2026-07-25 00:00:00,2026-07-25 00:00:00,Yanbu Crude,Nagoya,In Transit,trade,bypass_red_sea,outside,Arab,1.0,2047088.0,,22.0,,3.0,7.0,,,clean fleet,False,False,0.0,False,False,,,,,,,,
2026-08-16,9509011,Mount Fuji,bypass,never_seen,Kpler load at Fujairah Light. is east/Red Sea — no SoH exit expected.,,,,,,2026-07-25 15:25:00,2026-07-25 15:25:00,Fujairah Light.,,PortCall,portcall,bypass_east,unknown,Qatar Crude,1.0,980009.0,,22.0,,3.0,7.0,,,clean fleet,False,False,0.0,False,False,giver_no_soh,giver,Fujairah Light,2026-07-24 02:58:00,,Nissos Kea,9920758,980009
2026-08-16,9817494,Popi Sazaklis,bypass,never_seen,Kpler load at ADCOP Fujairah is east/Red Sea — no SoH exit expected.,,,,,,2026-07-25 19:19:00,2026-07-25 19:19:00,ADCOP Fujairah,Chennai Refinery,Delivered,trade,bypass_east,outside,Murban,1.0,1065877.0,,22.0,,3.0,7.0,,,clean fleet,False,False,0.0,False,False,,,,,,,,
2026-08-16,9831804,Olympic Laurel,bypass,never_seen,Kpler load at ADCOP Fujairah is east/Red Sea — no SoH exit expected.,,,,,,2026-07-25 07:36:00,2026-07-25 07:36:00,ADCOP Fujairah,SK Ulsan,Delivered,trade,bypass_east,outside,Murban,1.0,1432529.0,,22.0,,3.0,7.0,,,clean fleet,False,False,0.0,False,False,,,,,,,,
2026-08-16,9788332,Front Empire,bypass,never_seen,Kpler load at Muajjiz is east/Red Sea — no SoH exit expected.,,,,,,2026-07-26 00:00:00,2026-07-26 00:00:00,Muajjiz,South-Central Asia,In Transit,trade,bypass_red_sea,outside,Arab,1.0,1200001.0,,21.0,,3.0,7.0,,,clean fleet,False,False,0.0,False,False,,,,,,,,
2026-08-16,9799197,New Journey,bypass,never_seen,Kpler load at ADCOP Fujairah is east/Red Sea — no SoH exit expected.,,,,,,2026-07-26 08:53:00,2026-07-26 08:53:00,ADCOP Fujairah,Chiba,In Transit,trade,bypass_east,outside,Murban,1.0,2069001.0,,21.0,,3.0,7.0,,,clean fleet,False,False,0.0,False,False,,,,,,,,
2026-08-16,9484716,Niban,bypass,never_seen,Kpler load at Muajjiz is east/Red Sea — no SoH exit expected.,,,,,,2026-07-27 00:00:00,2026-07-27 00:00:00,Muajjiz,Ain Sukhna,Delivered,trade,bypass_red_sea,outside,Arab,1.0,2000002.0,,20.0,,3.0,7.0,,,clean fleet,False,False,0.0,False,False,,,,,,,,
2026-08-16,9513763,Nave Synergy,bypass,never_seen,Kpler load at Fujairah Light. is east/Red Sea — no SoH exit expected.,,,,,,2026-07-27 00:00:00,2026-07-27 00:00:00,Fujairah Light.,,PortCall,portcall,bypass_east,unknown,Fateh,1.0,1009395.0,,20.0,,3.0,7.0,,,clean fleet,False,False,0.0,False,False,giver_no_soh,giver,Fujairah Light,2026-07-26 00:00:00,,Fujairah Energy,9723071,1009395
2026-08-16,9514559,Nave Quasar,bypass,never_seen,Kpler load at Fujairah Light. is east/Red Sea — no SoH exit expected.,,,,,,2026-07-27 00:00:00,2026-07-27 00:00:00,Fujairah Light.,,PortCall,portcall,bypass_east,unknown,Das,1.0,1796810.0,,20.0,,3.0,7.0,,,clean fleet,False,False,0.0,False,False,giver_no_soh,giver,Fujairah Light,2026-07-26 00:00:00,,Al Bahyah,9937799,1796810
2026-08-16,9693745,Amzan,bypass,never_seen,Kpler load at Muajjiz is east/Red Sea — no SoH exit expected.,,,,,,2026-07-27 00:00:00,2026-07-27 00:00:00,Muajjiz,Ain Sukhna,Delivered,trade,bypass_red_sea,outside,Arab,1.0,2141428.0,,20.0,,3.0,7.0,,,clean fleet,False,False,0.0,False,False,,,,,,,,
2026-08-16,9336098,Layla,bypass,never_seen,Kpler load at Muajjiz is east/Red Sea — no SoH exit expected.,,,,,,2026-07-28 00:00:00,2026-07-28 00:00:00,Muajjiz,Ain Sukhna,Delivered,trade,bypass_red_sea,outside,Arab Lt.,1.0,2120842.0,,19.0,,3.0,7.0,,,clean fleet,False,False,0.0,False,False,,,,,,,,
2026-08-16,9339985,Yasa Golden Dardanelles,bypass,never_seen,Kpler load at ADCOP Fujairah is east/Red Sea — no SoH exit expected.,,,,,,2026-07-28 19:56:00,2026-07-28 19:56:00,ADCOP Fujairah,Sapugaskanda Oil Refinery,Delivered,trade,bypass_east,outside,Murban,1.0,789924.0,,19.0,,3.0,7.0,,,clean fleet,False,False,0.0,False,False,,,,,,,,
2026-08-16,9422158,C.Mighty,bypass,never_seen,Kpler load at Mina Al Fahal is east/Red Sea — no SoH exit expected.,,,,,,2026-07-28 12:54:00,2026-07-28 12:54:00,Mina Al Fahal,Ulsan,In Transit,trade,bypass_east,outside,Oman,1.0,1949998.0,,19.0,,3.0,7.0,,,clean fleet,False,False,0.0,False,False,,,,,,,,
2026-08-16,9484742,Farhah,bypass,never_seen,Kpler load at Muajjiz is east/Red Sea — no SoH exit expected.,,,,,,2026-07-28 00:00:00,2026-07-28 00:00:00,Muajjiz,Ain Sukhna,Delivered,trade,bypass_red_sea,outside,Arab,1.0,2000002.0,,19.0,,3.0,7.0,,,clean fleet,False,False,0.0,False,False,,,,,,,,
2026-08-16,9432036,Tony,bypass,never_seen,Kpler load at Fujairah Light. is east/Red Sea — no SoH exit expected.,,,,,,2026-07-29 04:59:00,2026-07-29 04:59:00,Fujairah Light.,,PortCall,portcall,bypass_east,unknown,Murban,1.0,999998.0,,18.0,,3.0,7.0,,,clean fleet,False,False,0.0,False,False,giver_no_soh,giver,Fujairah Light,2026-07-27 00:17:00,,Ocean Loyalty,9375238,999998
2026-08-16,9923994,Dino,bypass,never_seen,Kpler load at ADCOP Fujairah is east/Red Sea — no SoH exit expected.,,,,,,2026-07-29 09:59:00,2026-07-29 09:59:00,ADCOP Fujairah,Kochi Refinery,Delivered,trade,bypass_east,outside,Murban,1.0,1054801.0,,18.0,,3.0,7.0,,,clean fleet,False,False,0.0,False,False,,,,,,,,
2026-08-16,9239939,Desert Rose,bypass,never_seen,Kpler load at Yanbu Crude is east/Red Sea — no SoH exit expected.,,,,,,2026-07-30 00:00:00,2026-07-30 00:00:00,Yanbu Crude,Rabigh Power,Delivered,trade,bypass_red_sea,bypass_red_sea,Arab,1.0,395899.0,,17.0,,3.0,7.0,,,clean fleet,False,False,0.0,False,False,,,,,,,,
2026-08-16,9706413,New Comfort,bypass,never_seen,Kpler load at ADCOP Fujairah is east/Red Sea — no SoH exit expected.,,,,,,2026-07-30 20:59:00,2026-07-30 20:59:00,ADCOP Fujairah,Rotterdam,In Transit,trade,bypass_east,outside,Murban,1.0,2095513.0,,17.0,,3.0,7.0,,,clean fleet,False,False,0.0,False,False,,,,,,,,
2026-08-16,9905459,Alexandros,bypass,never_seen,Kpler load at Muajjiz is east/Red Sea — no SoH exit expected.,,,,,,2026-07-30 00:00:00,2026-07-30 00:00:00,Muajjiz,BORL Jamnagar Oil Terminal,Delivered,trade,bypass_red_sea,outside,Arab,1.0,999998.0,,17.0,,3.0,7.0,,,clean fleet,False,False,0.0,False,False,giver_no_soh,giver,Fujairah Light,2026-07-06 00:00:00,,Grand Lady,9406166,1959999
2026-08-16,9723069,Kenya B,bypass,never_seen,Kpler load at Yanbu Crude is east/Red Sea — no SoH exit expected.,,,,,,2026-08-01 00:00:00,2026-08-01 00:00:00,Yanbu Crude,Ain Sukhna,Delivered,trade,bypass_red_sea,outside,Arab,1.0,2006242.0,,15.0,,3.0,7.0,,,clean fleet,False,False,0.0,False,False,,,,,,,,
2026-08-16,9783344,Sea Majesty,bypass,never_seen,Kpler load at Muajjiz is east/Red Sea — no SoH exit expected.,,,,,,2026-08-01 00:00:00,2026-08-01 00:00:00,Muajjiz,Ceuta,In Transit,trade,bypass_red_sea,outside,Arab,1.0,1005803.0,,15.0,,3.0,7.0,,,clean fleet,False,False,0.0,False,False,,,,,,,,
2026-08-16,9830795,Ajwad,bypass,never_seen,Kpler load at Sohar Light. is east/Red Sea — no SoH exit expected.,,,,,,2026-08-01 00:00:00,2026-08-01 00:00:00,Sohar Light.,,PortCall,portcall,bypass_east,unknown,Arab,1.0,2000002.0,,15.0,,3.0,7.0,,,clean fleet,False,False,0.0,False,False,giver_no_soh,giver,Sohar Light,2026-07-31 00:00:00,,Wedyan,9524970,2000002
2026-08-16,9384215,Khuzama,bypass,never_seen,Kpler load at Yanbu Crude is east/Red Sea — no SoH exit expected.,,,,,,2026-08-02 12:00:00,2026-08-02 12:00:00,Yanbu Crude,Ain Sukhna,Delivered,trade,bypass_red_sea,outside,Arab,1.0,2139051.0,,14.0,,3.0,7.0,,,clean fleet,False,False,0.0,False,False,,,,,,,,
2026-08-16,9728837,Dht Puma,bypass,never_seen,Kpler load at Muajjiz is east/Red Sea — no SoH exit expected.,,,,,,2026-08-02 00:00:00,2026-08-02 00:00:00,Muajjiz,Ain Sukhna,Delivered,trade,bypass_red_sea,outside,Arab,1.0,2065001.0,,14.0,,3.0,7.0,,,clean fleet,False,False,0.0,False,False,,,,,,,,
2026-08-16,9761360,Maran Hercules,bypass,never_seen,Kpler load at ADCOP Fujairah is east/Red Sea — no SoH exit expected.,,,,,,2026-08-02 08:19:00,2026-08-02 08:19:00,ADCOP Fujairah,Bataan,In Transit,trade,bypass_east,outside,Murban,1.0,599997.0,,14.0,,3.0,7.0,,,clean fleet,False,False,0.0,False,False,,,,,,,,
2026-08-16,9346952,Ashoka,bypass,never_seen,Kpler load at ADCOP Fujairah is east/Red Sea — no SoH exit expected.,,,,,,2026-08-03 01:18:00,2026-08-03 01:18:00,ADCOP Fujairah,Yeosu,In Transit,trade,bypass_east,outside,Murban,1.0,1995002.0,,13.0,,3.0,7.0,,,clean fleet,False,False,0.0,False,False,,,,,,,,
2026-08-16,9406659,Sestrea,bypass,never_seen,Kpler load at ADCOP Fujairah is east/Red Sea — no SoH exit expected.,,,,,,2026-08-03 20:36:00,2026-08-03 20:36:00,ADCOP Fujairah,Balikpapan,In Transit,trade,bypass_east,outside,Murban,1.0,533048.0,,13.0,,3.0,7.0,,,clean fleet,False,False,0.0,False,False,,,,,,,,
2026-08-16,9689976,New Dream,bypass,never_seen,Kpler load at Mina Al Fahal is east/Red Sea — no SoH exit expected.,,,,,,2026-08-03 00:15:00,2026-08-03 00:15:00,Mina Al Fahal,Quanzhou,In Transit,trade,bypass_east,outside,Oman,1.0,1949998.0,,13.0,,3.0,7.0,,,clean fleet,False,False,0.0,False,False,,,,,,,,
2026-08-16,9723124,Hercules I,bypass,never_seen,Kpler load at Mina Al Fahal is east/Red Sea — no SoH exit expected.,,,,,,2026-08-03 05:38:00,2026-08-03 05:38:00,Mina Al Fahal,,In Transit,trade,bypass_east,unknown,Oman,1.0,2050006.0,,13.0,,3.0,7.0,,,clean fleet,False,False,0.0,False,False,,,,,,,,
2026-08-16,9594133,Leni P.,bypass,never_seen,Kpler load at ADCOP Fujairah is east/Red Sea — no SoH exit expected.,,,,,,2026-08-04 18:19:00,2026-08-04 18:19:00,ADCOP Fujairah,Rotterdam,In Transit,trade,bypass_east,outside,Murban,1.0,1062946.0,,12.0,,3.0,7.0,,,clean fleet,False,False,0.0,False,False,,,,,,,,
2026-08-16,9753363,Antigua I,bypass,never_seen,Kpler load at Fujairah Light. is east/Red Sea — no SoH exit expected.,,,,,,2026-08-04 11:57:00,2026-08-04 11:57:00,Fujairah Light.,,PortCall,portcall,bypass_east,unknown,ME,1.0,959592.0,,12.0,,3.0,7.0,,,clean fleet,False,False,0.0,False,False,giver_no_soh,giver,Fujairah Light,2026-08-02 18:39:00,,Singapore Prosperity,9419967,959592
2026-08-16,1029900,Maran Menelaus,bypass,never_seen,Kpler load at Mina Al Fahal is east/Red Sea — no SoH exit expected.,,,,,,2026-08-06 02:49:00,2026-08-06 02:49:00,Mina Al Fahal,,In Transit,trade,bypass_east,unknown,Oman,1.0,1061367.0,,10.0,,3.0,7.0,,,clean fleet,False,False,0.0,False,False,,,,,,,,
2026-08-16,9375238,Ocean Loyalty,bypass,never_seen,Kpler load at Fujairah Light. is east/Red Sea — no SoH exit expected.,,,,,,2026-08-06 00:00:00,2026-08-06 00:00:00,Fujairah Light.,,PortCall,portcall,bypass_east,unknown,Zakum,1.0,2000002.0,,10.0,,3.0,7.0,,,clean fleet,False,False,0.0,False,False,giver_no_soh,giver,Sohar Light,2026-08-16 02:39:00,,Gulf Loyalty,9441245,708798
2026-08-16,9683661,Vl Pioneer,bypass,never_seen,Kpler load at Fujairah Light. is east/Red Sea — no SoH exit expected.,,,,,,2026-08-06 00:00:00,2026-08-06 00:00:00,Fujairah Light.,,PortCall,portcall,bypass_east,unknown,ME,1.0,1999996.0,,10.0,,3.0,7.0,,,clean fleet,False,False,0.0,False,False,giver_no_soh,giver,Fujairah Light,2026-08-05 00:00:00,,Fujairah Energy,9723071,1999996
2026-08-16,9941673,Helios,bypass,never_seen,Kpler load at Sohar Light. is east/Red Sea — no SoH exit expected.,,,,,,2026-08-06 00:00:00,2026-08-06 00:00:00,Sohar Light.,,PortCall,portcall,bypass_east,unknown,Kuwait,1.0,2016582.0,,10.0,,3.0,7.0,,,clean fleet,False,False,0.0,False,False,giver_no_soh,giver,Sohar Light,2026-08-05 00:00:00,,Al Kout,9653434,2016582
2026-08-16,9325037,Cosmerry Lake,bypass,never_seen,Kpler load at Mina Al Fahal is east/Red Sea — no SoH exit expected.,,,,,,2026-08-07 21:30:00,2026-08-07 21:30:00,Mina Al Fahal,Zhanjiang,In Transit,trade,bypass_east,outside,Oman,1.0,2001958.0,,9.0,,3.0,7.0,,,clean fleet,False,False,0.0,False,False,,,,,,,,
2026-08-16,9790270,Maran Ajax,bypass,never_seen,Kpler load at ADCOP Fujairah is east/Red Sea — no SoH exit expected.,,,,,,2026-08-07 06:38:00,2026-08-07 06:38:00,ADCOP Fujairah,Visakhapatnam Refinery,Delivered,trade,bypass_east,outside,Murban,1.0,2135290.0,,9.0,,3.0,7.0,,,clean fleet,False,False,0.0,False,False,giver_no_soh,giver,Fujairah Light,2026-06-21 00:00:00,,Cameroon Prosperity,9315159,2000002
2026-08-16,9858046,Maran Mars,bypass,never_seen,Kpler load at Fujairah Light. is east/Red Sea — no SoH exit expected.,,,,,,2026-08-07 00:00:00,2026-08-07 00:00:00,Fujairah Light.,,PortCall,portcall,bypass_east,unknown,Umm Lulu,1.0,1996002.0,,9.0,,3.0,7.0,,,clean fleet,False,False,0.0,False,False,giver_no_soh,giver,Fujairah Light,2026-08-07 00:00:00,,Al Bahyah,9937799,1996002
2026-08-16,9457543,Gabon Prosperity,bypass,never_seen,Kpler load at Yanbu is east/Red Sea — no SoH exit expected.,,,,,,2026-08-08 00:00:00,2026-08-08 00:00:00,Yanbu,Ain Sukhna,In Transit,trade,bypass_red_sea,outside,Arab,1.0,2077952.0,,8.0,,3.0,7.0,,,clean fleet,False,False,0.0,False,False,,,,,,,,
2026-08-16,9890989,Nave Electron,bypass,never_seen,Kpler load at Fujairah Light. is east/Red Sea — no SoH exit expected.,,,,,,2026-08-08 08:33:00,2026-08-08 08:33:00,Fujairah Light.,,PortCall,portcall,bypass_east,unknown,Qatar Land,1.0,697194.0,,8.0,,3.0,7.0,,,clean fleet,False,False,0.0,False,False,giver_no_soh,giver,Fujairah Light,2026-08-04 20:18:00,,Kiku,9329796,697194
2026-08-16,9422457,Bobcat,bypass,never_seen,Kpler load at Sohar Light. is east/Red Sea — no SoH exit expected.,,,,,,2026-08-09 14:19:00,2026-08-09 14:19:00,Sohar Light.,,PortCall,portcall,bypass_east,unknown,Urals,1.0,1047096.0,,7.0,,3.0,7.0,,,clean fleet,False,False,0.0,False,False,giver_no_soh,giver,Sohar Light,2026-08-06 22:18:00,,Gelor,9185528,1047096
2026-08-16,9597252,Morocco Prosperity,bypass,never_seen,Kpler load at Yanbu is east/Red Sea — no SoH exit expected.,,,,,,2026-08-09 00:00:00,2026-08-09 00:00:00,Yanbu,Ain Sukhna,Delivered,trade,bypass_red_sea,outside,Arab,1.0,2137271.0,,7.0,,3.0,7.0,,,clean fleet,False,False,0.0,False,False,,,,,,,,
2026-08-16,9746621,Poliegos,bypass,never_seen,Kpler load at Sohar Light. is east/Red Sea — no SoH exit expected.,,,,,,2026-08-09 18:37:00,2026-08-09 18:37:00,Sohar Light.,,PortCall,portcall,bypass_east,unknown,Basrah,1.0,881667.0,,7.0,,3.0,7.0,,,clean fleet,False,False,0.0,False,False,giver_no_soh,giver,Sohar Light,2026-08-07 12:18:00,,Baltic Loyalty,9411953,881667
2026-08-16,9877755,Seavoice,bypass,never_seen,Kpler load at Yanbu is east/Red Sea — no SoH exit expected.,,,,,,2026-08-09 00:00:00,2026-08-09 00:00:00,Yanbu,Eastern Asia,In Transit,trade,bypass_red_sea,outside,Arab,1.0,1032900.0,,7.0,,3.0,7.0,,,clean fleet,False,False,0.0,False,False,,,,,,,,
2026-08-16,9416630,Xin Xia Yang,bypass,never_seen,Kpler load at Mina Al Fahal is east/Red Sea — no SoH exit expected.,,,,,,2026-08-10 01:38:00,2026-08-10 01:38:00,Mina Al Fahal,,PortCall,portcall,bypass_east,unknown,Oman,1.0,2070372.0,,6.0,,3.0,7.0,,,clean fleet,False,False,0.0,False,False,,,,,,,,
2026-08-16,9503237,Samail,bypass,never_seen,Kpler load at Mina Al Fahal is east/Red Sea — no SoH exit expected.,,,,,,2026-08-10 17:05:00,2026-08-10 17:05:00,Mina Al Fahal,Ras Markaz,Delivered,trade,bypass_east,bypass_east,Oman,1.0,2028231.0,,6.0,,3.0,7.0,,,clean fleet,False,False,0.0,False,False,,,,,,,,
2026-08-16,9759745,Front Challenger,bypass,never_seen,Kpler load at ADCOP Fujairah is east/Red Sea — no SoH exit expected.,,,,,,2026-08-10 19:59:00,2026-08-10 19:59:00,ADCOP Fujairah,,In Transit,trade,bypass_east,unknown,Murban,1.0,1057436.0,,6.0,,3.0,7.0,,,clean fleet,False,False,0.0,False,False,,,,,,,,
2026-08-16,1116014,Front Otra,bypass,never_seen,Kpler load at Sohar Light. is east/Red Sea — no SoH exit expected.,,,,,,2026-08-11 08:13:00,2026-08-11 08:13:00,Sohar Light.,,PortCall,portcall,bypass_east,unknown,Shaheen,1.0,2042477.0,,5.0,,3.0,7.0,,,clean fleet,False,False,0.0,False,False,giver_no_soh,giver,Sohar Light,2026-08-07 17:59:00,,Nissos Kythnos,9853852,2042477
2026-08-16,9513115,Aragona,bypass,never_seen,Kpler load at Sohar Light. is east/Red Sea — no SoH exit expected.,,,,,,2026-08-11 00:00:00,2026-08-11 00:00:00,Sohar Light.,,PortCall,portcall,bypass_east,unknown,Kuwait,1.0,2000002.0,,5.0,,3.0,7.0,,,clean fleet,False,False,0.0,False,False,giver_no_soh,giver,Sohar Light,2026-08-10 00:00:00,,Al Riqqa,9534808,2000002
2026-08-16,9535797,New Peace,bypass,never_seen,Kpler load at ADCOP Fujairah is east/Red Sea — no SoH exit expected.,,,,,,2026-08-11 17:24:00,2026-08-11 17:24:00,ADCOP Fujairah,Chiba,In Transit,trade,bypass_east,outside,Murban,1.0,1984598.0,,5.0,,3.0,7.0,,,clean fleet,False,False,0.0,False,False,,,,,,,,
2026-08-16,9731157,Olympic Luna,bypass,never_seen,Kpler load at Sohar Light. is east/Red Sea — no SoH exit expected.,,,,,,2026-08-11 00:00:00,2026-08-11 00:00:00,Sohar Light.,,PortCall,portcall,bypass_east,unknown,Basrah,1.0,1979994.0,,5.0,,3.0,7.0,,,clean fleet,False,False,0.0,False,False,giver_no_soh,giver,Sohar Light,2026-08-10 00:00:00,,Nissos Kea,9920758,1979994
2026-08-16,9770517,Maran Ariadne,bypass,never_seen,Kpler load at ADCOP Fujairah is east/Red Sea — no SoH exit expected.,,,,,,2026-08-11 12:58:00,2026-08-11 12:58:00,ADCOP Fujairah,Malacca,In Transit,trade,bypass_east,outside,Murban,1.0,2131302.0,,5.0,,3.0,7.0,,,clean fleet,False,False,0.0,False,False,,,,,,,,
2026-08-16,1037830,Androklos,bypass,never_seen,Kpler load at Yanbu Crude is east/Red Sea — no SoH exit expected.,,,,,,2026-08-12 00:00:00,2026-08-12 00:00:00,Yanbu Crude,Ain Sukhna,In Transit,trade,bypass_red_sea,outside,Arab,1.0,759746.0,,4.0,,3.0,7.0,,,clean fleet,False,False,0.0,False,False,,,,,,,,
2026-08-16,9343405,Tamba,bypass,never_seen,Kpler load at Sohar Light. is east/Red Sea — no SoH exit expected.,,,,,,2026-08-12 02:37:00,2026-08-12 02:37:00,Sohar Light.,,PortCall,portcall,bypass_east,unknown,ME,1.0,1291203.0,,4.0,,3.0,7.0,,,clean fleet,False,False,0.0,False,False,giver_no_soh,giver,Sohar Light,2026-08-10 00:59:00,,Gulf Loyalty,9441245,1291203
2026-08-16,9419620,C.Glory,bypass,never_seen,Kpler load at Muajjiz is east/Red Sea — no SoH exit expected.,,,,,,2026-08-12 00:00:00,2026-08-12 00:00:00,Muajjiz,,In Transit,trade,bypass_red_sea,unknown,Arab,1.0,2107998.0,,4.0,,3.0,7.0,,,clean fleet,False,False,0.0,False,False,,,,,,,,
2026-08-16,9905344,Oceania,bypass,never_seen,Kpler load at Sohar Light. is east/Red Sea — no SoH exit expected.,,,,,,2026-08-12 00:35:00,2026-08-12 00:35:00,Sohar Light.,,PortCall,portcall,bypass_east,unknown,Basrah,1.0,1100484.0,,4.0,,3.0,7.0,,,clean fleet,False,False,0.0,False,False,giver_no_soh,giver,Sohar Light,2026-08-11 22:58:00,,Nissos Heraclea,9419618,1100484
2026-08-16,9360453,Mardan,bypass,never_seen,Kpler load at Yanbu is east/Red Sea — no SoH exit expected.,,,,,,2026-08-13 00:00:00,2026-08-13 00:00:00,Yanbu,Pakistan,In Transit,trade,bypass_red_sea,outside,Arab,1.0,426996.0,,3.0,,3.0,7.0,,,clean fleet,False,False,0.0,False,False,giver_no_soh,giver,Fujairah Light,2026-07-18 15:39:00,,Ocean Loyalty,9375238,599997
2026-08-16,9597018,Agistri,bypass,never_seen,Kpler load at Sohar Light. is east/Red Sea — no SoH exit expected.,,,,,,2026-08-13 21:17:00,2026-08-13 21:17:00,Sohar Light.,,PortCall,portcall,bypass_east,unknown,Basrah,1.0,859515.0,,3.0,,3.0,7.0,,,clean fleet,False,False,0.0,False,False,giver_no_soh,giver,Sohar Light,2026-08-13 17:18:00,,Nissos Heraclea,9419618,859515
2026-08-16,9411953,Baltic Loyalty,bypass,never_seen,Kpler load at Fujairah Light. is east/Red Sea — no SoH exit expected.,,,,,,2026-08-14 17:18:00,2026-08-14 17:18:00,Fujairah Light.,,PortCall,portcall,bypass_east,unknown,Basrah Med.,1.0,999998.0,,2.0,,3.0,7.0,,,clean fleet,False,False,0.0,False,False,giver_no_soh,giver,Fujairah Light,2026-08-10 18:19:00,,Suriname Prosperity,9376749,999998
2026-08-16,9515931,Nave Universe,bypass,never_seen,Kpler load at Mina Al Fahal is east/Red Sea — no SoH exit expected.,,,,,,2026-08-14 17:19:00,2026-08-14 17:19:00,Mina Al Fahal,,PortCall,portcall,bypass_east,unknown,Oman,1.0,1920002.0,,2.0,,3.0,7.0,,,clean fleet,False,False,0.0,False,False,,,,,,,,
2026-08-16,9563237,Roberta B,bypass,never_seen,Kpler load at Yanbu is east/Red Sea — no SoH exit expected.,,,,,,2026-08-14 00:00:00,2026-08-14 00:00:00,Yanbu,,In Transit,trade,bypass_red_sea,unknown,Arab,1.0,1989102.0,,2.0,,3.0,7.0,,,clean fleet,False,False,0.0,False,False,,,,,,,,
2026-08-16,9693068,Abliani,bypass,never_seen,Kpler load at Muajjiz is east/Red Sea — no SoH exit expected.,,,,,,2026-08-14 15:35:00,2026-08-14 15:35:00,Muajjiz,,In Transit,trade,bypass_red_sea,unknown,Arab,1.0,771023.0,,2.0,,3.0,7.0,,,clean fleet,False,False,0.0,False,False,,,,,,,,
2026-08-16,9772333,Psara I,bypass,never_seen,Kpler load at Mina Al Fahal is east/Red Sea — no SoH exit expected.,,,,,,2026-08-14 16:17:00,2026-08-14 16:17:00,Mina Al Fahal,,In Transit,trade,bypass_east,unknown,Oman,1.0,1017760.0,,2.0,,3.0,7.0,,,clean fleet,False,False,0.0,False,False,,,,,,,,
2026-08-16,1087500,Front Spey,bypass,never_seen,Kpler load at Fujairah Light. is east/Red Sea — no SoH exit expected.,,,,,,2026-08-15 19:28:00,2026-08-15 19:28:00,Fujairah Light.,,PortCall,portcall,bypass_east,unknown,ME,1.0,2000002.0,,1.0,,3.0,7.0,,,clean fleet,False,False,0.0,False,False,giver_no_soh,giver,Fujairah Light,2026-08-12 19:19:00,,Vadin,9324100,2000002
2026-08-16,9343338,Aljalaa,bypass,never_seen,Kpler load at Sohar Light. is east/Red Sea — no SoH exit expected.,,,,,,2026-08-15 15:57:00,2026-08-15 15:57:00,Sohar Light.,,PortCall,portcall,bypass_east,unknown,Khafji,1.0,8944.0,,1.0,,3.0,7.0,,,clean fleet,False,False,0.0,False,False,,,,,,,,
2026-08-16,9486506,New Wisdom,bypass,never_seen,Kpler load at ADCOP Fujairah is east/Red Sea — no SoH exit expected.,,,,,,2026-08-15 05:16:00,2026-08-15 05:16:00,ADCOP Fujairah,China,In Transit,trade,bypass_east,outside,Murban,1.0,1909586.0,,1.0,,3.0,7.0,,,clean fleet,False,False,0.0,False,False,,,,,,,,
2026-08-16,9595618,C Innovator,bypass,never_seen,Kpler load at Mina Al Fahal is east/Red Sea — no SoH exit expected.,,,,,,2026-08-15 23:17:00,2026-08-15 23:17:00,Mina Al Fahal,,PortCall,portcall,bypass_east,unknown,Oman,1.0,1920002.0,,1.0,,3.0,7.0,,,clean fleet,False,False,0.0,False,False,,,,,,,,
2026-08-16,9837614,Universal Partner,bypass,never_seen,Kpler load at ADCOP Fujairah is east/Red Sea — no SoH exit expected.,,,,,,2026-08-15 17:38:00,2026-08-15 17:38:00,ADCOP Fujairah,,In Transit,trade,bypass_east,unknown,Murban,1.0,738128.0,,1.0,,3.0,7.0,,,clean fleet,False,False,0.0,False,False,,,,,,,,
2026-08-16,1055387,Vive Ut Vivas,bypass,never_seen,Kpler load at Sohar Light. is east/Red Sea — no SoH exit expected.,,,,,,2026-08-16 00:00:00,2026-08-16 00:00:00,Sohar Light.,,PortCall,portcall,bypass_east,unknown,ME,1.0,2000002.0,,0.0,,3.0,7.0,,,clean fleet,False,False,0.0,False,False,giver_no_soh,giver,Sohar Light,2026-08-15 00:00:00,,Togo Prosperity,9411032,2000002
2026-08-16,9590888,Dht Taiga,bypass,never_seen,Kpler load at Fujairah Light. is east/Red Sea — no SoH exit expected.,,,,,,2026-08-16 00:00:00,2026-08-16 00:00:00,Fujairah Light.,,PortCall,portcall,bypass_east,unknown,Basrah,1.0,1959999.0,,0.0,,3.0,7.0,,,clean fleet,False,False,0.0,False,False,giver_no_soh,giver,Fujairah Light,2026-08-15 00:00:00,,Angola B,9623685,1959999
2026-08-16,9829370,Universal Innovator,bypass,never_seen,Kpler load at ADCOP Fujairah is east/Red Sea — no SoH exit expected.,,,,,,2026-08-16 13:39:00,2026-08-16 13:39:00,ADCOP Fujairah,,PortCall,portcall,bypass_east,unknown,Murban,1.0,1050002.0,,0.0,,3.0,7.0,,,clean fleet,False,False,0.0,False,False,giver_no_soh,giver,Sohar Light,2026-06-25 00:00:00,,Al Jabriyah II,9329708,2000002
2026-08-16,9875783,Australis,bypass,never_seen,Kpler load at Fujairah Light. is east/Red Sea — no SoH exit expected.,,,,,,2026-08-16 00:00:00,2026-08-16 00:00:00,Fujairah Light.,,PortCall,portcall,bypass_east,unknown,ME,1.0,2000002.0,,0.0,,3.0,7.0,,,clean fleet,False,False,0.0,False,False,giver_no_soh,giver,Fujairah Light,2026-08-15 00:00:00,,Fujairah Energy,9723071,2000002
2026-08-16,9926673,Degas,bypass,never_seen,Kpler load at Sohar Light. is east/Red Sea — no SoH exit expected.,,,,,,2026-08-16 00:00:00,2026-08-16 00:00:00,Sohar Light.,,PortCall,portcall,bypass_east,unknown,Basrah,1.0,1959999.0,,0.0,,3.0,7.0,,,clean fleet,False,False,0.0,False,False,giver_no_soh,giver,Sohar Light,2026-08-15 00:00:00,,Egypt Prosperity,9534004,1959999
2026-08-16,9927201,Green Adventure,bypass,never_seen,Kpler load at ADCOP Fujairah is east/Red Sea — no SoH exit expected.,,,,,,2026-08-16 19:55:00,2026-08-16 19:55:00,ADCOP Fujairah,Colombo,In Transit,trade,bypass_east,outside,Murban,1.0,766375.0,,0.0,,3.0,7.0,,,clean fleet,False,False,0.0,False,False,,,,,,,,
2026-08-16,9856074,NISSOS KEROS,inside_ballast,inside,Last SoH event is entry on 2026-08-06 ballast/unknown; no Kpler crude load yet.,2026-08-06,Entered MEG,Ballast,ballast,Dark/Unknown Route,2026-06-22 00:00:00,2026-06-22 00:00:00,Sohar Light.,,PortCall,portcall,bypass_east,unknown,Kuwait,1.0,2128352.0,10.0,55.0,,3.0,7.0,VLCC,318953.0,clean fleet,False,False,1.0,True,False,,,,,,,,
2026-08-16,9329796,KIKU,inside_ballast,inside,Last SoH event is entry on 2026-08-15 ballast/unknown; no Kpler crude load yet.,2026-08-15,Entered MEG,Ballast,ballast,Dark/Unknown Route,2026-07-29 05:19:00,2026-07-29 05:19:00,Halul Island,Ningbo Area,In Transit,trade,inside_gulf,outside,Qatar Mar.,1.0,1314532.0,1.0,18.0,,3.0,7.0,VLCC,300866.0,clean fleet,False,False,1.0,True,False,,,,,,,,
2026-08-16,9404950,OTTOMAN EQUITY,inside_ballast,inside,Last SoH event is entry on 2026-08-12 ballast/unknown; no Kpler crude load yet.,2026-08-12,Entered MEG,Ballast,ballast,Dark/Unknown Route,2026-08-01 07:59:00,2026-08-01 07:59:00,Al Basrah,Jamnagar Refinery,Delivered,trade,inside_gulf,outside,Basrah Med.,1.0,1032604.0,4.0,15.0,,3.0,7.0,LR2,149999.0,clean fleet,False,False,1.0,True,False,,,,,,,,
2026-08-16,1017048,METRO MISTRAL,inside_ballast,inside,Last SoH event is entry on 2026-07-09 ballast/unknown; no Kpler crude load yet.,2026-07-09,Entered MEG,Ballast,ballast,Dark/Unknown Route,,,,,,,,,,0.0,0.0,38.0,,,3.0,7.0,LR1,74949.0,clean fleet,False,False,1.0,True,False,,,,,,,,
2026-08-16,1022732,HOKKAIDO,inside_ballast,inside,Last SoH event is entry on 2026-02-11 ballast/unknown; no Kpler crude load yet.,2026-02-11,Entered MEG,Laden,products,,,,,,,,,,,0.0,345078.0,186.0,,,3.0,7.0,LR1,49948.0,clean fleet,False,False,0.0,True,False,,,,,,,,
2026-08-16,1034747,LARGO ATOM,inside_ballast,inside,Last SoH event is entry on 2026-07-04 ballast/unknown; no Kpler crude load yet.,2026-07-04,Entered MEG,Ballast,ballast,Dark/Unknown Route,,,,,,,,,,0.0,0.0,43.0,,,3.0,7.0,LR1,49740.0,clean fleet,False,False,1.0,True,False,,,,,,,,
2026-08-16,1042823,KAVOMALEAS,inside_ballast,inside,Last SoH event is entry on 2026-07-19 ballast/unknown; no Kpler crude load yet.,2026-07-19,Entered MEG,Ballast,ballast,Omani Route,,,,,,,,,,0.0,0.0,28.0,,,3.0,7.0,LR1,74978.0,clean fleet,False,False,0.0,True,False,,,,,,,,
2026-08-16,7389443,BAOBAB IVOIRIEN,inside_ballast,inside,Last SoH event is entry on 2026-02-15 ballast/unknown; no Kpler crude load yet.,2026-02-15,Entered MEG,Ballast,ballast,,,,,,,,,,,0.0,0.0,182.0,,,3.0,7.0,ULCC,351491.0,clean fleet,False,False,0.0,True,False,,,,,,,,
2026-08-16,8741038,RUBY 2,inside_ballast,inside,Last SoH event is entry on 2026-02-22 ballast/unknown; no Kpler crude load yet.,2026-02-22,Entered MEG,Laden,unknown,,,,,,,,,,,0.0,0.0,175.0,,,3.0,7.0,Below GP,3158.0,clean fleet,False,False,0.0,False,False,,,,,,,,
2026-08-16,8806321,MIB 1,inside_ballast,inside,Last SoH event is entry on 2026-07-04 ballast/unknown; no Kpler crude load yet.,2026-07-04,Entered MEG,Ballast,ballast,Dark/Unknown Route,,,,,,,,,,0.0,0.0,43.0,,,3.0,7.0,Below GP,1266.0,clean fleet,False,False,1.0,False,False,,,,,,,,
2026-08-16,9112117,QUAR,inside_ballast,inside,Last SoH event is entry on 2026-04-04 ballast/unknown; no Kpler crude load yet.,2026-04-04,Entered MEG,Ballast,ballast,Dark/Unknown Route,,,,,,,,,,0.0,0.0,134.0,,,3.0,7.0,LR1,46166.0,clean fleet,False,False,1.0,True,False,,,,,,,,
2026-08-16,9117765,MARINERO,inside_ballast,inside,Last SoH event is entry on 2026-02-13 ballast/unknown; no Kpler crude load yet.,2026-02-13,Entered MEG,Laden,products,,,,,,,,,,,0.0,13077.0,184.0,,,3.0,7.0,Below GP,1941.0,clean fleet,False,False,0.0,False,False,,,,,,,,
2026-08-16,9125724,BLOOMING DALE,inside_ballast,inside,Last SoH event is entry on 2026-04-13 ballast/unknown; no Kpler crude load yet.,2026-04-13,Entered MEG,Laden,products,Dark/Unknown Route,,,,,,,,,,0.0,79365.0,125.0,,,3.0,7.0,GP,12083.0,dark fleet,True,True,1.0,False,False,,,,,,,,
2026-08-16,9127291,CHIRON 7,inside_ballast,inside,Last SoH event is entry on 2026-02-07 ballast/unknown; no Kpler crude load yet.,2026-02-07,Entered MEG,Ballast,ballast,,,,,,,,,,,0.0,0.0,190.0,,,3.0,7.0,Below GP,9025.0,clean fleet,False,False,0.0,False,False,,,,,,,,
2026-08-16,9127693,KANAS,inside_ballast,inside,Last SoH event is entry on 2026-08-06 ballast/unknown; no Kpler crude load yet.,2026-08-06,Entered MEG,Ballast,ballast,Iranian Route,,,,,,,,,,0.0,0.0,10.0,,,3.0,7.0,LR1,46432.0,clean fleet,False,False,0.0,True,False,,,,,,,,
2026-08-16,9155767,HSIN OCEAN,inside_ballast,inside,Last SoH event is entry on 2026-07-21 ballast/unknown; no Kpler crude load yet.,2026-07-21,Entered MEG,Laden,other,Iranian Route,,,,,,,,,,0.0,0.0,26.0,,,3.0,7.0,LR1,47363.0,clean fleet,False,False,0.0,True,False,,,,,,,,
2026-08-16,9156498,SERENITY IX,inside_ballast,inside,Last SoH event is entry on 2026-08-01 ballast/unknown; no Kpler crude load yet.,2026-08-01,Entered MEG,Ballast,ballast,Iranian Route,,,,,,,,,,0.0,0.0,15.0,,,3.0,7.0,GP,15885.0,clean fleet,False,False,0.0,False,False,,,,,,,,
2026-08-16,9163269,NEREIDA,inside_ballast,inside,Last SoH event is entry on 2026-07-08 ballast/unknown; no Kpler crude load yet.,2026-07-08,Entered MEG,Ballast,ballast,Iranian Route,,,,,,,,,,0.0,0.0,39.0,,,3.0,7.0,MR,35994.0,dark fleet,True,True,0.0,False,False,,,,,,,,
2026-08-16,9164524,VELARO,inside_ballast,inside,Last SoH event is entry on 2026-02-13 ballast/unknown; no Kpler crude load yet.,2026-02-13,Entered MEG,Ballast,ballast,,,,,,,,,,,0.0,0.0,184.0,,,3.0,7.0,GP,13683.0,clean fleet,False,False,0.0,False,False,,,,,,,,
2026-08-16,9176656,ASTRID 1,inside_ballast,inside,Last SoH event is entry on 2026-08-11 ballast/unknown; no Kpler crude load yet.,2026-08-11,Entered MEG,Ballast,ballast,Dark/Unknown Route,,,,,,,,,,0.0,0.0,5.0,,,3.0,7.0,MR,32950.0,dark fleet,True,True,1.0,False,False,,,,,,,,
2026-08-16,9177155,DESTINY,inside_ballast,inside,Last SoH event is entry on 2026-03-05 ballast/unknown; no Kpler crude load yet.,2026-03-05,Entered MEG,Ballast,ballast,Dark/Unknown Route,,,,,,,,,,0.0,0.0,164.0,,,3.0,7.0,VLCC,281050.0,dark fleet,True,True,1.0,True,False,,,,,,,,
2026-08-16,9187643,ARNICA,inside_ballast,inside,Last SoH event is entry on 2026-02-01 ballast/unknown; no Kpler crude load yet.,2026-02-01,Entered MEG,Ballast,ballast,,,,,,,,,,,0.0,0.0,196.0,,,3.0,7.0,AFRA,99148.0,dark fleet,True,True,0.0,True,False,,,,,,,,
2026-08-16,9187667,ARGO I,inside_ballast,inside,Last SoH event is entry on 2026-03-30 ballast/unknown; no Kpler crude load yet.,2026-03-30,Entered MEG,Ballast,ballast,Dark/Unknown Route,,,,,,,,,,0.0,0.0,139.0,,,3.0,7.0,AFRA,99094.0,dark fleet,True,True,1.0,True,False,,,,,,,,
2026-08-16,9196448,ROCKY,inside_ballast,inside,Last SoH event is entry on 2026-07-08 ballast/unknown; no Kpler crude load yet.,2026-07-08,Entered MEG,Ballast,ballast,Dark/Unknown Route,,,,,,,,,,0.0,0.0,39.0,,,3.0,7.0,GP,12180.0,dark fleet,True,True,1.0,False,False,,,,,,,,
2026-08-16,9202388,CROWN JEWELS,inside_ballast,inside,Last SoH event is entry on 2026-05-18 ballast/unknown; no Kpler crude load yet.,2026-05-18,Entered MEG,Ballast,ballast,Dark/Unknown Route,,,,,,,,,,0.0,0.0,90.0,,,3.0,7.0,LR1,45286.0,clean fleet,False,False,1.0,True,False,,,,,,,,
2026-08-16,9203277,LEXIE,inside_ballast,inside,Last SoH event is entry on 2026-06-01 ballast/unknown; no Kpler crude load yet.,2026-06-01,Entered MEG,Ballast,ballast,Dark/Unknown Route,,,,,,,,,,0.0,0.0,76.0,,,3.0,7.0,VLCC,298911.0,dark fleet,True,True,1.0,True,False,,,,,,,,
2026-08-16,9208215,RHN,inside_ballast,inside,Last SoH event is entry on 2026-04-15 ballast/unknown; no Kpler crude load yet.,2026-04-15,Entered MEG,Ballast,ballast,Iranian Route,,,,,,,,,,0.0,0.0,123.0,,,3.0,7.0,VLCC,298920.0,dark fleet,True,True,0.0,True,False,,,,,,,,
2026-08-16,9211664,ZAINAB,inside_ballast,inside,Last SoH event is entry on 2026-02-24 ballast/unknown; no Kpler crude load yet.,2026-02-24,Entered MEG,Laden,products,,,,,,,,,,,0.0,58457.0,173.0,,,3.0,7.0,Below GP,6712.0,clean fleet,False,False,0.0,False,False,,,,,,,,
2026-08-16,9212400,ELPIS,inside_ballast,inside,Last SoH event is entry on 2026-07-09 ballast/unknown; no Kpler crude load yet.,2026-07-09,Entered MEG,Ballast,ballast,Dark/Unknown Route,,,,,,,,,,0.0,0.0,38.0,,,3.0,7.0,MR,35775.0,dark fleet,True,True,1.0,False,False,,,,,,,,
2026-08-16,9212759,OLYM,inside_ballast,inside,Last SoH event is entry on 2026-07-13 ballast/unknown; no Kpler crude load yet.,2026-07-13,Entered MEG,Ballast,ballast,Dark/Unknown Route,,,,,,,,,,0.0,0.0,34.0,,,3.0,7.0,VLCC,160383.0,dark fleet,True,True,1.0,True,False,,,,,,,,
2026-08-16,9212917,HASNA,inside_ballast,inside,Last SoH event is entry on 2026-07-02 ballast/unknown; no Kpler crude load yet.,2026-07-02,Entered MEG,Ballast,ballast,Dark/Unknown Route,,,,,,,,,,0.0,0.0,45.0,,,3.0,7.0,VLCC,299229.0,dark fleet,True,True,1.0,True,False,,,,,,,,
2026-08-16,9213909,EXPLORER,inside_ballast,inside,Last SoH event is entry on 2026-08-13 ballast/unknown; no Kpler crude load yet.,2026-08-13,Entered MEG,Ballast,ballast,Dark/Unknown Route,,,,,,,,,,0.0,0.0,3.0,,,3.0,7.0,LR1,45282.0,clean fleet,False,False,1.0,True,False,,,,,,,,
2026-08-16,9218454,DEVON,inside_ballast,inside,Last SoH event is entry on 2026-04-01 ballast/unknown; no Kpler crude load yet.,2026-04-01,Entered MEG,Ballast,ballast,Dark/Unknown Route,,,,,,,,,,0.0,0.0,137.0,,,3.0,7.0,VLCC,299500.0,dark fleet,True,True,1.0,True,False,,,,,,,,
2026-08-16,9218466,DOVER,inside_ballast,inside,Last SoH event is entry on 2026-03-01 ballast/unknown; no Kpler crude load yet.,2026-03-01,Entered MEG,Ballast,ballast,Dark/Unknown Route,,,,,,,,,,0.0,0.0,168.0,,,3.0,7.0,VLCC,296977.0,dark fleet,True,True,1.0,True,False,,,,,,,,
2026-08-16,9220914,HEANLIMO,inside_ballast,inside,Last SoH event is entry on 2026-05-28 ballast/unknown; no Kpler crude load yet.,2026-05-28,Entered MEG,Ballast,ballast,Dark/Unknown Route,,,,,,,,,,0.0,0.0,80.0,,,3.0,7.0,MR,39999.0,dark fleet,True,True,1.0,False,False,,,,,,,,
2026-08-16,9220964,ST3,inside_ballast,inside,Last SoH event is entry on 2026-07-26 ballast/unknown; no Kpler crude load yet.,2026-07-26,Entered MEG,Laden,products,Dark/Unknown Route,,,,,,,,,,0.0,60753.0,21.0,,,3.0,7.0,VLCC,302977.0,clean fleet,False,False,1.0,True,False,,,,,,,,
2026-08-16,9221267,OCEANA KAI,inside_ballast,inside,Last SoH event is entry on 2026-08-01 ballast/unknown; no Kpler crude load yet.,2026-08-01,Entered MEG,Ballast,ballast,Iranian Route,,,,,,,,,,0.0,0.0,15.0,,,3.0,7.0,GP,14796.0,dark fleet,True,True,0.0,False,False,,,,,,,,
2026-08-16,9221970,SOBAR,inside_ballast,inside,Last SoH event is entry on 2026-06-23 ballast/unknown; no Kpler crude load yet.,2026-06-23,Entered MEG,Ballast,ballast,Iranian Route,,,,,,,,,,0.0,0.0,54.0,,,3.0,7.0,VLCC,160183.0,dark fleet,True,True,0.0,True,False,,,,,,,,
2026-08-16,9226968,SARAK,inside_ballast,inside,Last SoH event is entry on 2026-06-23 ballast/unknown; no Kpler crude load yet.,2026-06-23,Entered MEG,Ballast,ballast,Iranian Route,,,,,,,,,,0.0,0.0,54.0,,,3.0,7.0,LR2,159885.0,dark fleet,True,True,0.0,True,False,,,,,,,,
2026-08-16,9229025,TALIA,inside_ballast,inside,Last SoH event is entry on 2026-05-30 ballast/unknown; no Kpler crude load yet.,2026-05-30,Entered MEG,Ballast,ballast,Dark/Unknown Route,,,,,,,,,,0.0,0.0,78.0,,,3.0,7.0,GP,12681.0,clean fleet,False,False,1.0,False,False,,,,,,,,
2026-08-16,9233973,NEBULA DRIFT,inside_ballast,inside,Last SoH event is entry on 2026-04-09 ballast/unknown; no Kpler crude load yet.,2026-04-09,Entered MEG,Laden,products,Dark/Unknown Route,,,,,,,,,,0.0,238000.0,129.0,,,3.0,7.0,LR1,45763.0,dark fleet,True,True,1.0,True,False,,,,,,,,
2026-08-16,9235464,SITA,inside_ballast,inside,Last SoH event is entry on 2026-03-01 ballast/unknown; no Kpler crude load yet.,2026-03-01,Entered MEG,Ballast,ballast,Dark/Unknown Route,,,,,,,,,,0.0,0.0,168.0,,,3.0,7.0,GP,22820.0,dark fleet,True,True,1.0,False,False,,,,,,,,
2026-08-16,9235737,YURI,inside_ballast,inside,Last SoH event is entry on 2026-03-29 ballast/unknown; no Kpler crude load yet.,2026-03-29,Entered MEG,Ballast,ballast,Iranian Route,,,,,,,,,,0.0,0.0,140.0,,,3.0,7.0,VLCC,319360.0,dark fleet,True,True,0.0,True,False,,,,,,,,
2026-08-16,9236054,JOVIAN,inside_ballast,inside,Last SoH event is entry on 2026-08-01 ballast/unknown; no Kpler crude load yet.,2026-08-01,Entered MEG,Laden,other,Iranian Route,,,,,,,,,,0.0,0.0,15.0,,,3.0,7.0,GP,20601.0,clean fleet,False,False,0.0,False,False,,,,,,,,
2026-08-16,9237632,STAR FOREST,inside_ballast,inside,Last SoH event is entry on 2026-02-19 ballast/unknown; no Kpler crude load yet.,2026-02-19,Entered MEG,Ballast,ballast,,,,,,,,,,,0.0,0.0,178.0,,,3.0,7.0,VLCC,318692.0,dark fleet,True,True,0.0,True,False,,,,,,,,
2026-08-16,9237797,TIMA,inside_ballast,inside,Last SoH event is entry on 2026-07-08 ballast/unknown; no Kpler crude load yet.,2026-07-08,Entered MEG,Ballast,ballast,Iranian Route,,,,,,,,,,0.0,0.0,39.0,,,3.0,7.0,VLCC,317000.0,dark fleet,True,True,0.0,True,False,,,,,,,,
2026-08-16,9241085,YOKO 1,inside_ballast,inside,Last SoH event is entry on 2026-08-08 ballast/unknown; no Kpler crude load yet.,2026-08-08,Entered MEG,Ballast,ballast,Iranian Route,,,,,,,,,,0.0,0.0,8.0,,,3.0,7.0,LR1,46684.0,clean fleet,False,False,0.0,True,False,,,,,,,,
2026-08-16,9242481,MIRAAN,inside_ballast,inside,Last SoH event is entry on 2026-08-11 ballast/unknown; no Kpler crude load yet.,2026-08-11,Entered MEG,Ballast,ballast,Iranian Route,,,,,,,,,,0.0,0.0,5.0,,,3.0,7.0,MR,37296.0,dark fleet,True,True,0.0,False,False,,,,,,,,
2026-08-16,9246279,ANABEL,inside_ballast,inside,Last SoH event is entry on 2026-07-14 ballast/unknown; no Kpler crude load yet.,2026-07-14,Entered MEG,Ballast,ballast,Iranian Route,,,,,,,,,,0.0,0.0,33.0,,,3.0,7.0,VLCC,299997.0,dark fleet,True,True,0.0,True,False,,,,,,,,
2026-08-16,9246803,SWIFT FALCON,inside_ballast,inside,Last SoH event is entry on 2026-07-04 ballast/unknown; no Kpler crude load yet.,2026-07-04,Entered MEG,Laden,products,Iranian Route,,,,,,,,,,0.0,320944.0,43.0,,,3.0,7.0,LR1,46308.0,dark fleet,True,True,0.0,True,False,,,,,,,,
2026-08-16,9247077,GLORIA,inside_ballast,inside,Last SoH event is entry on 2026-02-05 ballast/unknown; no Kpler crude load yet.,2026-02-05,Entered MEG,Ballast,ballast,,,,,,,,,,,0.0,0.0,192.0,,,3.0,7.0,LR1,46238.0,clean fleet,False,False,0.0,True,False,,,,,,,,
2026-08-16,9247778,BREEZ,inside_ballast,inside,Last SoH event is entry on 2026-06-21 ballast/unknown; no Kpler crude load yet.,2026-06-21,Entered MEG,Ballast,ballast,Dark/Unknown Route,,,,,,,,,,0.0,0.0,56.0,,,3.0,7.0,LR1,47038.0,dark fleet,True,True,1.0,True,False,,,,,,,,
2026-08-16,9247986,AVA 10,inside_ballast,inside,Last SoH event is entry on 2026-05-28 ballast/unknown; no Kpler crude load yet.,2026-05-28,Entered MEG,Ballast,ballast,Dark/Unknown Route,,,,,,,,,,0.0,0.0,80.0,,,3.0,7.0,AFRA,105674.0,dark fleet,True,True,1.0,True,False,,,,,,,,
2026-08-16,9248473,AQUA,inside_ballast,inside,Last SoH event is entry on 2026-04-05 ballast/unknown; no Kpler crude load yet.,2026-04-05,Entered MEG,Ballast,ballast,Iranian Route,,,,,,,,,,0.0,0.0,133.0,,,3.0,7.0,VLCC,299152.0,dark fleet,True,True,0.0,True,False,,,,,,,,
2026-08-16,9251884,LOANNA,inside_ballast,inside,Last SoH event is entry on 2026-03-01 ballast/unknown; no Kpler crude load yet.,2026-03-01,Entered MEG,Ballast,ballast,Dark/Unknown Route,,,,,,,,,,0.0,0.0,168.0,,,3.0,7.0,LR1,46764.0,dark fleet,True,True,1.0,True,False,,,,,,,,
2026-08-16,9251896,MARAL,inside_ballast,inside,Last SoH event is entry on 2026-07-11 ballast/unknown; no Kpler crude load yet.,2026-07-11,Entered MEG,Laden,products,Iranian Route,,,,,,,,,,0.0,323969.0,36.0,,,3.0,7.0,LR1,46764.0,dark fleet,True,True,0.0,True,False,,,,,,,,
2026-08-16,9252072,FAROG,inside_ballast,inside,Last SoH event is entry on 2026-03-01 ballast/unknown; no Kpler crude load yet.,2026-03-01,Entered MEG,Ballast,ballast,Dark/Unknown Route,,,,,,,,,,0.0,0.0,168.0,,,3.0,7.0,LR1,47355.0,dark fleet,True,True,1.0,True,False,,,,,,,,
2026-08-16,9252979,NORTH,inside_ballast,inside,Last SoH event is entry on 2026-02-02 ballast/unknown; no Kpler crude load yet.,2026-02-02,Entered MEG,Ballast,ballast,,,,,,,,,,,0.0,0.0,195.0,,,3.0,7.0,AFRA,105250.0,clean fleet,False,False,0.0,True,False,,,,,,,,
2026-08-16,9258466,ASHLEY,inside_ballast,inside,Last SoH event is entry on 2026-08-09 ballast/unknown; no Kpler crude load yet.,2026-08-09,Entered MEG,Ballast,ballast,Dark/Unknown Route,,,,,,,,,,0.0,0.0,7.0,,,3.0,7.0,LR1,68524.0,clean fleet,False,False,1.0,True,False,,,,,,,,
2026-08-16,9258674,ENI,inside_ballast,inside,Last SoH event is entry on 2026-02-16 ballast/unknown; no Kpler crude load yet.,2026-02-16,Entered MEG,Ballast,ballast,,,,,,,,,,,0.0,0.0,181.0,,,3.0,7.0,LR1,46345.0,dark fleet,True,True,0.0,True,False,,,,,,,,
2026-08-16,9260067,OSTRIA,inside_ballast,inside,Last SoH event is entry on 2026-07-14 ballast/unknown; no Kpler crude load yet.,2026-07-14,Entered MEG,Ballast,ballast,Iranian Route,,,,,,,,,,0.0,0.0,33.0,,,3.0,7.0,MR,40271.0,dark fleet,True,True,0.0,False,False,,,,,,,,
2026-08-16,9261841,ORTA,inside_ballast,inside,Last SoH event is entry on 2026-06-20 ballast/unknown; no Kpler crude load yet.,2026-06-20,Entered MEG,Ballast,ballast,Iranian Route,,,,,,,,,,0.0,0.0,57.0,,,3.0,7.0,GP,10018.0,clean fleet,False,False,0.0,False,False,,,,,,,,
2026-08-16,9263954,HEMERA,inside_ballast,inside,Last SoH event is entry on 2026-07-03 ballast/unknown; no Kpler crude load yet.,2026-07-03,Entered MEG,Ballast,ballast,Iranian Route,,,,,,,,,,0.0,0.0,44.0,,,3.0,7.0,Below GP,9214.0,dark fleet,True,True,0.0,False,False,,,,,,,,
2026-08-16,9269403,MURLIKISHAN,inside_ballast,inside,Last SoH event is entry on 2026-08-07 ballast/unknown; no Kpler crude load yet.,2026-08-07,Entered MEG,Ballast,ballast,Iranian Route,,,,,,,,,,0.0,0.0,9.0,,,3.0,7.0,MR,28560.0,dark fleet,True,True,0.0,False,False,,,,,,,,
2026-08-16,9273246,STARWAY,inside_ballast,inside,Last SoH event is entry on 2026-08-04 ballast/unknown; no Kpler crude load yet.,2026-08-04,Entered MEG,Ballast,ballast,Iranian Route,,,,,,,,,,0.0,0.0,12.0,,,3.0,7.0,LR1,46048.0,clean fleet,False,False,0.0,True,False,,,,,,,,
2026-08-16,9273832,EPIK,inside_ballast,inside,Last SoH event is entry on 2026-06-24 ballast/unknown; no Kpler crude load yet.,2026-06-24,Entered MEG,Ballast,ballast,IMO Route,,,,,,,,,,0.0,0.0,53.0,,,3.0,7.0,LR1,46719.0,clean fleet,False,False,0.0,True,False,,,,,,,,
2026-08-16,9274654,TONDA,inside_ballast,inside,Last SoH event is entry on 2026-07-11 ballast/unknown; no Kpler crude load yet.,2026-07-11,Entered MEG,Ballast,ballast,Dark/Unknown Route,,,,,,,,,,0.0,0.0,36.0,,,3.0,7.0,MR,36803.0,clean fleet,False,False,1.0,False,False,,,,,,,,
2026-08-16,9275995,SERAM II,inside_ballast,inside,Last SoH event is entry on 2026-02-16 ballast/unknown; no Kpler crude load yet.,2026-02-16,Entered MEG,Ballast,ballast,,,,,,,,,,,0.0,0.0,181.0,,,3.0,7.0,LR1,47994.0,dark fleet,True,True,0.0,True,False,,,,,,,,
2026-08-16,9277371,AETHER SAIL,inside_ballast,inside,Last SoH event is entry on 2026-07-14 ballast/unknown; no Kpler crude load yet.,2026-07-14,Entered MEG,Ballast,ballast,Iranian Route,,,,,,,,,,0.0,0.0,33.0,,,3.0,7.0,GP,14796.0,dark fleet,True,True,0.0,False,False,,,,,,,,
2026-08-16,9280146,ZAYA,inside_ballast,inside,Last SoH event is entry on 2026-06-29 ballast/unknown; no Kpler crude load yet.,2026-06-29,Entered MEG,Ballast,ballast,Dark/Unknown Route,,,,,,,,,,0.0,0.0,48.0,,,3.0,7.0,Below GP,6919.0,clean fleet,False,False,1.0,False,False,,,,,,,,
2026-08-16,9280366,DING XIANG,inside_ballast,inside,Last SoH event is entry on 2026-07-15 ballast/unknown; no Kpler crude load yet.,2026-07-15,Entered MEG,Ballast,ballast,Iranian Route,,,,,,,,,,0.0,0.0,32.0,,,3.0,7.0,LR1,71024.0,dark fleet,True,True,0.0,True,False,,,,,,,,
2026-08-16,9281566,BLAZE,inside_ballast,inside,Last SoH event is entry on 2026-06-27 ballast/unknown; no Kpler crude load yet.,2026-06-27,Entered MEG,Ballast,ballast,Omani Route,,,,,,,,,,0.0,0.0,50.0,,,3.0,7.0,LR1,45592.0,clean fleet,False,False,0.0,True,False,,,,,,,,
2026-08-16,9281695,ALICIA,inside_ballast,inside,Last SoH event is entry on 2026-04-14 ballast/unknown; no Kpler crude load yet.,2026-04-14,Entered MEG,Ballast,ballast,Iranian Route,,,,,,,,,,0.0,0.0,124.0,,,3.0,7.0,VLCC,281396.0,dark fleet,True,True,0.0,True,False,,,,,,,,
2026-08-16,9282522,KUSH,inside_ballast,inside,Last SoH event is entry on 2026-03-30 ballast/unknown; no Kpler crude load yet.,2026-03-30,Entered MEG,Ballast,ballast,Dark/Unknown Route,,,,,,,,,,0.0,0.0,139.0,,,3.0,7.0,LR1,46866.0,dark fleet,True,True,1.0,True,False,,,,,,,,
2026-08-16,9282924,EALDOR,inside_ballast,inside,Last SoH event is entry on 2026-02-27 ballast/unknown; no Kpler crude load yet.,2026-02-27,Entered MEG,Ballast,ballast,,,,,,,,,,,0.0,0.0,170.0,,,3.0,7.0,GP,20810.0,clean fleet,False,False,0.0,False,False,,,,,,,,
2026-08-16,9285756,BILI,inside_ballast,inside,Last SoH event is entry on 2026-08-03 ballast/unknown; no Kpler crude load yet.,2026-08-03,Entered MEG,Laden,products,Dark/Unknown Route,,,,,,,,,,0.0,136954.0,13.0,,,3.0,7.0,LR1,46803.0,dark fleet,True,True,1.0,True,False,,,,,,,,
2026-08-16,9286437,SELENIA,inside_ballast,inside,Last SoH event is entry on 2026-05-08 ballast/unknown; no Kpler crude load yet.,2026-05-08,Entered MEG,Ballast,ballast,Dark/Unknown Route,,,,,,,,,,0.0,0.0,100.0,,,3.0,7.0,Below GP,5765.0,clean fleet,False,False,1.0,False,False,,,,,,,,
2026-08-16,9287871,AB VICTORY,inside_ballast,inside,Last SoH event is entry on 2026-08-07 ballast/unknown; no Kpler crude load yet.,2026-08-07,Entered MEG,Ballast,ballast,Iranian Route,,,,,,,,,,0.0,0.0,9.0,,,3.0,7.0,Below GP,5872.0,clean fleet,False,False,0.0,False,False,,,,,,,,
2026-08-16,9287883,ASPHALT ALLIANCE,inside_ballast,inside,Last SoH event is entry on 2026-06-27 ballast/unknown; no Kpler crude load yet.,2026-06-27,Entered MEG,Ballast,ballast,Omani Route,,,,,,,,,,0.0,0.0,50.0,,,3.0,7.0,Below GP,5895.0,clean fleet,False,False,0.0,False,False,,,,,,,,
2026-08-16,9288095,AZHIN,inside_ballast,inside,Last SoH event is entry on 2026-06-26 ballast/unknown; no Kpler crude load yet.,2026-06-26,Entered MEG,Ballast,ballast,Dark/Unknown Route,,,,,,,,,,0.0,0.0,51.0,,,3.0,7.0,VLCC,298972.0,dark fleet,True,True,1.0,True,False,,,,,,,,
2026-08-16,9288289,SANDS,inside_ballast,inside,Last SoH event is entry on 2026-02-14 ballast/unknown; no Kpler crude load yet.,2026-02-14,Entered MEG,Laden,products,,,,,,,,,,,0.0,308616.0,183.0,,,3.0,7.0,LR1,45913.0,clean fleet,False,False,0.0,True,False,,,,,,,,
2026-08-16,9289491,BELMA,inside_ballast,inside,Last SoH event is entry on 2026-07-14 ballast/unknown; no Kpler crude load yet.,2026-07-14,Entered MEG,Ballast,ballast,Iranian Route,,,,,,,,,,0.0,0.0,33.0,,,3.0,7.0,ULCC,320821.0,dark fleet,True,True,0.0,True,False,,,,,,,,
2026-08-16,9289726,MADESTAR,inside_ballast,inside,Last SoH event is entry on 2026-07-11 ballast/unknown; no Kpler crude load yet.,2026-07-11,Entered MEG,Ballast,ballast,Iranian Route,,,,,,,,,,0.0,0.0,36.0,,,3.0,7.0,VLCC,319180.0,dark fleet,True,True,0.0,True,False,,,,,,,,
2026-08-16,9289740,WORLD COURAGE,inside_ballast,inside,Last SoH event is entry on 2026-03-13 ballast/unknown; no Kpler crude load yet.,2026-03-13,Entered MEG,Ballast,ballast,Dark/Unknown Route,,,,,,,,,,0.0,0.0,156.0,,,3.0,7.0,LR1,46992.0,dark fleet,True,True,1.0,True,False,,,,,,,,
2026-08-16,9290579,NEW VOYAGE,inside_ballast,inside,Last SoH event is entry on 2026-07-29 ballast/unknown; no Kpler crude load yet.,2026-07-29,Entered MEG,Ballast,ballast,Dark/Unknown Route,,,,,,,,,,0.0,0.0,18.0,,,3.0,7.0,LR1,46187.0,clean fleet,False,False,1.0,True,False,,,,,,,,
2026-08-16,9293325,VALENCIA,inside_ballast,inside,Last SoH event is entry on 2026-02-27 ballast/unknown; no Kpler crude load yet.,2026-02-27,Entered MEG,Ballast,ballast,,,,,,,,,,,0.0,0.0,170.0,,,3.0,7.0,Below GP,8125.0,clean fleet,False,False,0.0,False,False,,,,,,,,
2026-08-16,9294551,HYDRA,inside_ballast,inside,Last SoH event is entry on 2026-02-15 ballast/unknown; no Kpler crude load yet.,2026-02-15,Entered MEG,Ballast,ballast,,,,,,,,,,,0.0,0.0,182.0,,,3.0,7.0,AFRA,105744.0,clean fleet,False,False,0.0,True,False,,,,,,,,
2026-08-16,9297436,FELICITY,inside_ballast,inside,Last SoH event is entry on 2026-06-29 ballast/unknown; no Kpler crude load yet.,2026-06-29,Entered MEG,Ballast,ballast,Iranian Route,,,,,,,,,,0.0,0.0,48.0,,,3.0,7.0,LR1,70955.0,clean fleet,False,False,0.0,True,False,,,,,,,,
2026-08-16,9299111,ELKA APOLLON,inside_ballast,inside,Last SoH event is entry on 2026-02-28 ballast/unknown; no Kpler crude load yet.,2026-02-28,Entered MEG,Ballast,ballast,IMO Route,,,,,,,,,,0.0,0.0,169.0,,,3.0,7.0,AFRA,101970.0,clean fleet,False,False,0.0,True,False,,,,,,,,
2026-08-16,9299159,FRIEND,inside_ballast,inside,Last SoH event is entry on 2026-08-10 ballast/unknown; no Kpler crude load yet.,2026-08-10,Entered MEG,Ballast,ballast,Dark/Unknown Route,,,,,,,,,,0.0,0.0,6.0,,,3.0,7.0,LR1,65065.0,clean fleet,False,False,1.0,True,False,,,,,,,,
2026-08-16,9299680,CANGJIE,inside_ballast,inside,Last SoH event is entry on 2026-07-15 ballast/unknown; no Kpler crude load yet.,2026-07-15,Entered MEG,Ballast,ballast,Iranian Route,,,,,,,,,,0.0,0.0,32.0,,,3.0,7.0,AFRA,109841.0,dark fleet,False,True,0.0,True,False,,,,,,,,
2026-08-16,9300996,SHEN ZHOU,inside_ballast,inside,Last SoH event is entry on 2026-06-29 ballast/unknown; no Kpler crude load yet.,2026-06-29,Entered MEG,Ballast,ballast,Iranian Route,,,,,,,,,,0.0,0.0,48.0,,,3.0,7.0,LR1,51303.0,dark fleet,True,True,0.0,True,False,,,,,,,,
2026-08-16,9302011,ADAMARIS,inside_ballast,inside,Last SoH event is entry on 2026-05-23 ballast/unknown; no Kpler crude load yet.,2026-05-23,Entered MEG,Ballast,ballast,Dark/Unknown Route,,,,,,,,,,0.0,0.0,85.0,,,3.0,7.0,Below GP,1773.0,clean fleet,False,False,1.0,False,False,,,,,,,,
2026-08-16,9305403,BRAVO,inside_ballast,inside,Last SoH event is entry on 2026-07-09 ballast/unknown; no Kpler crude load yet.,2026-07-09,Entered MEG,Laden,products,Iranian Route,,,,,,,,,,0.0,69024.0,38.0,,,3.0,7.0,GP,10052.0,clean fleet,False,False,0.0,False,False,,,,,,,,
2026-08-16,9306469,CELE,inside_ballast,inside,Last SoH event is entry on 2026-05-12 ballast/unknown; no Kpler crude load yet.,2026-05-12,Entered MEG,Laden,other,Dark/Unknown Route,,,,,,,,,,0.0,0.0,96.0,,,3.0,7.0,LR1,46720.0,clean fleet,False,False,1.0,True,False,,,,,,,,
2026-08-16,9308766,KANHA,inside_ballast,inside,Last SoH event is entry on 2026-07-22 ballast/unknown; no Kpler crude load yet.,2026-07-22,Entered MEG,Ballast,ballast,Iranian Route,,,,,,,,,,0.0,0.0,25.0,,,3.0,7.0,GP,12887.0,clean fleet,False,False,0.0,False,False,,,,,,,,
2026-08-16,9310367,ZATARA,inside_ballast,inside,Last SoH event is entry on 2026-02-27 ballast/unknown; no Kpler crude load yet.,2026-02-27,Entered MEG,Ballast,ballast,,,,,,,,,,,0.0,0.0,170.0,,,3.0,7.0,Below GP,5812.0,clean fleet,False,False,0.0,False,False,,,,,,,,
2026-08-16,9313761,STELLA,inside_ballast,inside,Last SoH event is entry on 2026-06-19 ballast/unknown; no Kpler crude load yet.,2026-06-19,Entered MEG,Ballast,ballast,Iranian Route,,,,,,,,,,0.0,0.0,58.0,,,3.0,7.0,LR1,45737.0,clean fleet,False,False,0.0,True,False,,,,,,,,
2026-08-16,9321938,WELL SAIL,inside_ballast,inside,Last SoH event is entry on 2026-07-18 ballast/unknown; no Kpler crude load yet.,2026-07-18,Entered MEG,Laden,products,Dark/Unknown Route,,,,,,,,,,0.0,353462.0,29.0,,,3.0,7.0,LR1,51202.0,clean fleet,False,False,1.0,True,False,,,,,,,,
2026-08-16,9325049,SONANGOL NAMIBE,inside_ballast,inside,Last SoH event is entry on 2026-02-24 ballast/unknown; no Kpler crude load yet.,2026-02-24,Entered MEG,Ballast,ballast,,,,,,,,,,,0.0,0.0,173.0,,,3.0,7.0,LR2,158425.0,clean fleet,False,False,0.0,True,False,,,,,,,,
2026-08-16,9325817,GOLDEN EAGLEII,inside_ballast,inside,Last SoH event is entry on 2026-02-25 ballast/unknown; no Kpler crude load yet.,2026-02-25,Entered MEG,Ballast,ballast,,,,,,,,,,,0.0,0.0,172.0,,,3.0,7.0,LR1,45811.0,clean fleet,False,False,0.0,True,False,,,,,,,,
2026-08-16,9327009,SAFESEA VISHNU,inside_ballast,inside,Last SoH event is entry on 2026-02-26 ballast/unknown; no Kpler crude load yet.,2026-02-26,Entered MEG,Ballast,ballast,,,,,,,,,,,0.0,0.0,171.0,,,3.0,7.0,LR1,73976.0,clean fleet,False,False,0.0,True,False,,,,,,,,
2026-08-16,9331244,NATSUMI,inside_ballast,inside,Last SoH event is entry on 2026-06-26 ballast/unknown; no Kpler crude load yet.,2026-06-26,Entered MEG,Ballast,ballast,Iranian Route,,,,,,,,,,0.0,0.0,51.0,,,3.0,7.0,VLCC,299235.0,clean fleet,False,False,0.0,True,False,,,,,,,,
2026-08-16,9333228,SEA ELEGANT,inside_ballast,inside,Last SoH event is entry on 2026-07-04 ballast/unknown; no Kpler crude load yet.,2026-07-04,Entered MEG,Ballast,ballast,Iranian Route,,,,,,,,,,0.0,0.0,43.0,,,3.0,7.0,GP,19734.0,clean fleet,False,False,0.0,False,False,,,,,,,,
2026-08-16,9334571,SANMAR SUPARNA,inside_ballast,inside,Last SoH event is entry on 2026-02-08 ballast/unknown; no Kpler crude load yet.,2026-02-08,Entered MEG,Laden,products,,,,,,,,,,,0.0,250995.0,189.0,,,3.0,7.0,LR1,73965.0,clean fleet,False,False,0.0,True,False,,,,,,,,
2026-08-16,9339648,SIDRA AL RUWAIS,inside_ballast,inside,Last SoH event is entry on 2026-02-12 ballast/unknown; no Kpler crude load yet.,2026-02-12,Entered MEG,Ballast,ballast,,,,,,,,,,,0.0,0.0,185.0,,,3.0,7.0,MR,34671.0,clean fleet,False,False,0.0,False,False,,,,,,,,
2026-08-16,9340415,AL MAHBOOBAH,inside_ballast,inside,Last SoH event is entry on 2026-06-29 ballast/unknown; no Kpler crude load yet.,2026-06-29,Entered MEG,Ballast,ballast,Omani Route,,,,,,,,,,0.0,0.0,48.0,,,3.0,7.0,GP,19982.0,clean fleet,False,False,0.0,False,False,,,,,,,,
2026-08-16,9350862,DEEPBLUE,inside_ballast,inside,Last SoH event is entry on 2026-07-23 ballast/unknown; no Kpler crude load yet.,2026-07-23,Entered MEG,Laden,products,Dark/Unknown Route,,,,,,,,,,0.0,85705.0,24.0,,,3.0,7.0,LR1,50921.0,clean fleet,False,False,1.0,True,False,,,,,,,,
2026-08-16,9367748,PVT VALENCIA,inside_ballast,inside,Last SoH event is entry on 2026-02-24 ballast/unknown; no Kpler crude load yet.,2026-02-24,Entered MEG,Ballast,ballast,,,,,,,,,,,0.0,0.0,173.0,,,3.0,7.0,LR1,47399.0,clean fleet,False,False,0.0,True,False,,,,,,,,
2026-08-16,9377585,RI CHU,inside_ballast,inside,Last SoH event is entry on 2026-04-01 ballast/unknown; no Kpler crude load yet.,2026-04-01,Entered MEG,Ballast,ballast,Iranian Route,,,,,,,,,,0.0,0.0,137.0,,,3.0,7.0,Below GP,7695.0,clean fleet,False,False,0.0,False,False,,,,,,,,
2026-08-16,9379313,NEW FUTURE,inside_ballast,inside,Last SoH event is entry on 2026-08-11 ballast/unknown; no Kpler crude load yet.,2026-08-11,Entered MEG,Ballast,ballast,Iranian Route,,,,,,,,,,0.0,0.0,5.0,,,3.0,7.0,LR1,50922.0,clean fleet,False,False,0.0,True,False,,,,,,,,
2026-08-16,9380532,SEA LA DONNA,inside_ballast,inside,Last SoH event is entry on 2026-02-25 ballast/unknown; no Kpler crude load yet.,2026-02-25,Entered MEG,Ballast,ballast,,,,,,,,,,,0.0,0.0,172.0,,,3.0,7.0,LR1,47128.0,clean fleet,False,False,0.0,True,False,,,,,,,,
2026-08-16,9383352,PARITOSH,inside_ballast,inside,Last SoH event is entry on 2026-02-11 ballast/unknown; no Kpler crude load yet.,2026-02-11,Entered MEG,Laden,products,,,,,,,,,,,0.0,54438.0,186.0,,,3.0,7.0,Below GP,6109.0,clean fleet,False,False,0.0,False,False,,,,,,,,
2026-08-16,9387176,KURT MAS,inside_ballast,inside,Last SoH event is entry on 2026-02-15 ballast/unknown; no Kpler crude load yet.,2026-02-15,Entered MEG,Ballast,ballast,,,,,,,,,,,0.0,0.0,182.0,,,3.0,7.0,Below GP,7550.0,clean fleet,False,False,0.0,False,False,,,,,,,,
2026-08-16,9387566,BULGARIA PROSPERITY,inside_ballast,inside,Last SoH event is entry on 2026-07-03 ballast/unknown; no Kpler crude load yet.,2026-07-03,Entered MEG,Ballast,ballast,Dark/Unknown Route,,,,,,,,,,0.0,0.0,44.0,,,3.0,7.0,VLCC,318325.0,clean fleet,False,False,1.0,True,False,,,,,,,,
2026-08-16,9389564,ATHINA,inside_ballast,inside,Last SoH event is entry on 2026-08-10 ballast/unknown; no Kpler crude load yet.,2026-08-10,Entered MEG,Ballast,ballast,Dark/Unknown Route,,,,,,,,,,0.0,0.0,6.0,,,3.0,7.0,LR1,74999.0,clean fleet,False,False,1.0,True,False,,,,,,,,
2026-08-16,9390264,RAFFLES PROSPERITY,inside_ballast,inside,Last SoH event is entry on 2026-07-03 ballast/unknown; no Kpler crude load yet.,2026-07-03,Entered MEG,Ballast,ballast,Iranian Route,,,,,,,,,,0.0,0.0,44.0,,,3.0,7.0,Below GP,9210.0,clean fleet,False,False,0.0,False,False,,,,,,,,
2026-08-16,9392781,ZEZE START,inside_ballast,inside,Last SoH event is entry on 2026-02-25 ballast/unknown; no Kpler crude load yet.,2026-02-25,Entered MEG,Ballast,ballast,,,,,,,,,,,0.0,0.0,172.0,,,3.0,7.0,LR1,49999.0,clean fleet,False,False,0.0,True,False,,,,,,,,
2026-08-16,9417464,TANI,inside_ballast,inside,Last SoH event is entry on 2026-06-20 ballast/unknown; no Kpler crude load yet.,2026-06-20,Entered MEG,Ballast,ballast,Dark/Unknown Route,,,,,,,,,,0.0,0.0,57.0,,,3.0,7.0,AFRA,105188.0,dark fleet,True,True,1.0,True,False,,,,,,,,
2026-08-16,9424534,FNSA 11,inside_ballast,inside,Last SoH event is entry on 2026-02-22 ballast/unknown; no Kpler crude load yet.,2026-02-22,Entered MEG,Ballast,ballast,,,,,,,,,,,0.0,0.0,175.0,,,3.0,7.0,Below GP,6472.0,clean fleet,False,False,0.0,False,False,,,,,,,,
2026-08-16,9430296,AL REEM,inside_ballast,inside,Last SoH event is entry on 2026-07-05 ballast/unknown; no Kpler crude load yet.,2026-07-05,Entered MEG,Ballast,ballast,Dark/Unknown Route,,,,,,,,,,0.0,0.0,42.0,,,3.0,7.0,LR1,46046.0,clean fleet,False,False,1.0,True,False,,,,,,,,
2026-08-16,9437658,SERENO,inside_ballast,inside,Last SoH event is entry on 2026-07-28 ballast/unknown; no Kpler crude load yet.,2026-07-28,Entered MEG,Ballast,ballast,Dark/Unknown Route,,,,,,,,,,0.0,0.0,19.0,,,3.0,7.0,LR1,74834.0,clean fleet,False,False,1.0,True,False,,,,,,,,
2026-08-16,9438200,SARA J,inside_ballast,inside,Last SoH event is entry on 2026-02-25 ballast/unknown; no Kpler crude load yet.,2026-02-25,Entered MEG,Ballast,ballast,,,,,,,,,,,0.0,0.0,172.0,,,3.0,7.0,Below GP,7005.0,clean fleet,False,False,0.0,False,False,,,,,,,,
2026-08-16,9438274,PUFFIN TWO,inside_ballast,inside,Last SoH event is entry on 2026-03-02 ballast/unknown; no Kpler crude load yet.,2026-03-02,Entered MEG,Ballast,ballast,IMO Route,,,,,,,,,,0.0,0.0,167.0,,,3.0,7.0,Below GP,7022.0,clean fleet,False,False,0.0,False,False,,,,,,,,
2026-08-16,9448152,APNOIA,inside_ballast,inside,Last SoH event is entry on 2026-07-12 ballast/unknown; no Kpler crude load yet.,2026-07-12,Entered MEG,Ballast,ballast,Dark/Unknown Route,,,,,,,,,,0.0,0.0,35.0,,,3.0,7.0,LR1,74812.0,clean fleet,False,False,1.0,True,False,,,,,,,,
2026-08-16,9454474,FIORA,inside_ballast,inside,Last SoH event is entry on 2026-02-20 ballast/unknown; no Kpler crude load yet.,2026-02-20,Entered MEG,Ballast,ballast,,,,,,,,,,,0.0,0.0,177.0,,,3.0,7.0,Below GP,4199.0,clean fleet,False,False,0.0,False,False,,,,,,,,
2026-08-16,9455703,IKARIOTIKOS,inside_ballast,inside,Last SoH event is entry on 2026-07-05 ballast/unknown; no Kpler crude load yet.,2026-07-05,Entered MEG,Laden,products,Dark/Unknown Route,,,,,,,,,,0.0,48211.0,42.0,,,3.0,7.0,LR1,51678.0,clean fleet,False,False,1.0,True,False,,,,,,,,
2026-08-16,9459319,KESHAVA,inside_ballast,inside,Last SoH event is entry on 2026-08-04 ballast/unknown; no Kpler crude load yet.,2026-08-04,Entered MEG,Ballast,ballast,Iranian Route,,,,,,,,,,0.0,0.0,12.0,,,3.0,7.0,Below GP,4999.0,clean fleet,False,False,0.0,False,False,,,,,,,,
2026-08-16,9478729,ASPROUDA,inside_ballast,inside,Last SoH event is entry on 2026-02-05 ballast/unknown; no Kpler crude load yet.,2026-02-05,Entered MEG,Ballast,ballast,,,,,,,,,,,0.0,0.0,192.0,,,3.0,7.0,LR1,74011.0,clean fleet,False,False,0.0,True,False,,,,,,,,
2026-08-16,9482861,NAVIG8 MONTIEL,inside_ballast,inside,Last SoH event is entry on 2026-06-13 ballast/unknown; no Kpler crude load yet.,2026-06-13,Entered MEG,Ballast,ballast,Dark/Unknown Route,,,,,,,,,,0.0,0.0,64.0,,,3.0,7.0,LR1,75571.0,clean fleet,False,False,1.0,True,False,,,,,,,,
2026-08-16,9487263,YAMILAH III,inside_ballast,inside,Last SoH event is entry on 2026-06-16 ballast/unknown; no Kpler crude load yet.,2026-06-16,Entered MEG,Ballast,ballast,Dark/Unknown Route,,,,,,,,,,0.0,0.0,61.0,,,3.0,7.0,LR1,74866.0,clean fleet,False,False,1.0,True,False,,,,,,,,
2026-08-16,9489027,ABU DHABI III,inside_ballast,inside,Last SoH event is entry on 2026-08-10 ballast/unknown; no Kpler crude load yet.,2026-08-10,Entered MEG,Ballast,ballast,Dark/Unknown Route,,,,,,,,,,0.0,0.0,6.0,,,3.0,7.0,AFRA,105131.0,clean fleet,False,False,1.0,True,False,,,,,,,,
2026-08-16,9489065,LUBNA,inside_ballast,inside,Last SoH event is entry on 2026-08-16 ballast/unknown; no Kpler crude load yet.,2026-08-16,Entered MEG,Ballast,ballast,Dark/Unknown Route,,,,,,,,,,0.0,0.0,0.0,,,3.0,7.0,LR1,45352.0,clean fleet,False,False,1.0,True,False,,,,,,,,
2026-08-16,9510553,SEA SHORE,inside_ballast,inside,Last SoH event is entry on 2026-07-09 ballast/unknown; no Kpler crude load yet.,2026-07-09,Entered MEG,Ballast,ballast,IMO Route,,,,,,,,,,0.0,0.0,38.0,,,3.0,7.0,Below GP,9118.0,clean fleet,False,False,0.0,False,False,,,,,,,,
2026-08-16,9510577,MONJASA SERVER,inside_ballast,inside,Last SoH event is entry on 2026-02-25 ballast/unknown; no Kpler crude load yet.,2026-02-25,Entered MEG,Laden,products,,,,,,,,,,,0.0,77579.0,172.0,,,3.0,7.0,Below GP,9600.0,clean fleet,False,False,0.0,False,False,,,,,,,,
2026-08-16,9510591,MONJASA SHAKER,inside_ballast,inside,Last SoH event is entry on 2026-07-27 ballast/unknown; no Kpler crude load yet.,2026-07-27,Entered MEG,Ballast,ballast,Dark/Unknown Route,,,,,,,,,,0.0,0.0,20.0,,,3.0,7.0,Below GP,9133.0,clean fleet,False,False,1.0,False,False,,,,,,,,
2026-08-16,9511179,PONTUS,inside_ballast,inside,Last SoH event is entry on 2026-06-24 ballast/unknown; no Kpler crude load yet.,2026-06-24,Entered MEG,Laden,products,IMO Route,,,,,,,,,,0.0,17133.0,53.0,,,3.0,7.0,Below GP,5752.0,clean fleet,False,False,0.0,False,False,,,,,,,,
2026-08-16,9515917,ZEFYROS,inside_ballast,inside,Last SoH event is entry on 2026-02-25 ballast/unknown; no Kpler crude load yet.,2026-02-25,Entered MEG,Ballast,ballast,,,,,,,,,,,0.0,0.0,172.0,,,3.0,7.0,LR1,50155.0,clean fleet,False,False,0.0,True,False,,,,,,,,
2026-08-16,9521485,MADHURI,inside_ballast,inside,Last SoH event is entry on 2026-06-12 ballast/unknown; no Kpler crude load yet.,2026-06-12,Entered MEG,Ballast,ballast,Dark/Unknown Route,,,,,,,,,,0.0,0.0,65.0,,,3.0,7.0,Below GP,7058.0,clean fleet,False,False,1.0,False,False,,,,,,,,
2026-08-16,9523471,UNITED VENTURE,inside_ballast,inside,Last SoH event is entry on 2026-06-29 ballast/unknown; no Kpler crude load yet.,2026-06-29,Entered MEG,Ballast,ballast,Dark/Unknown Route,,,,,,,,,,0.0,0.0,48.0,,,3.0,7.0,Below GP,6365.0,clean fleet,False,False,1.0,False,False,,,,,,,,
2026-08-16,9531480,CAPTAIN MICHAEL,inside_ballast,inside,Last SoH event is entry on 2026-02-19 ballast/unknown; no Kpler crude load yet.,2026-02-19,Entered MEG,Ballast,ballast,,,,,,,,,,,0.0,0.0,178.0,,,3.0,7.0,LR2,157648.0,clean fleet,False,False,0.0,True,False,,,,,,,,
2026-08-16,9546710,UDAY,inside_ballast,inside,Last SoH event is entry on 2026-02-03 ballast/unknown; no Kpler crude load yet.,2026-02-03,Entered MEG,Ballast,ballast,,,,,,,,,,,0.0,0.0,194.0,,,3.0,7.0,Below GP,9985.0,dark fleet,True,True,0.0,False,False,,,,,,,,
2026-08-16,9546722,OCEANJET,inside_ballast,inside,Last SoH event is entry on 2026-05-24 ballast/unknown; no Kpler crude load yet.,2026-05-24,Entered MEG,Ballast,ballast,Iranian Route,,,,,,,,,,0.0,0.0,84.0,,,3.0,7.0,Below GP,9965.0,dark fleet,True,True,0.0,False,False,,,,,,,,
2026-08-16,9548990,ATEELA 1,inside_ballast,inside,Last SoH event is entry on 2026-05-29 ballast/unknown; no Kpler crude load yet.,2026-05-29,Entered MEG,Ballast,ballast,Iranian Route,,,,,,,,,,0.0,0.0,79.0,,,3.0,7.0,Below GP,6500.0,dark fleet,True,True,0.0,False,False,,,,,,,,
2026-08-16,9557745,ADRIA,inside_ballast,inside,Last SoH event is entry on 2026-08-07 ballast/unknown; no Kpler crude load yet.,2026-08-07,Entered MEG,Laden,unknown,Dark/Unknown Route,,,,,,,,,,0.0,0.0,9.0,,,3.0,7.0,Below GP,9551.0,clean fleet,False,False,1.0,False,False,,,,,,,,
2026-08-16,9569645,SERENA,inside_ballast,inside,Last SoH event is entry on 2026-07-02 ballast/unknown; no Kpler crude load yet.,2026-07-02,Entered MEG,Ballast,ballast,Iranian Route,,,,,,,,,,0.0,0.0,45.0,,,3.0,7.0,VLCC,317536.0,dark fleet,True,True,0.0,True,False,,,,,,,,
2026-08-16,9569700,DERYA,inside_ballast,inside,Last SoH event is entry on 2026-07-07 ballast/unknown; no Kpler crude load yet.,2026-07-07,Entered MEG,Ballast,ballast,Dark/Unknown Route,,,,,,,,,,0.0,0.0,40.0,,,3.0,7.0,VLCC,319295.0,dark fleet,True,True,1.0,True,False,,,,,,,,
2026-08-16,9571038,VELOS AMBER,inside_ballast,inside,Last SoH event is entry on 2026-08-02 ballast/unknown; no Kpler crude load yet.,2026-08-02,Entered MEG,Ballast,ballast,Dark/Unknown Route,,,,,,,,,,0.0,0.0,14.0,,,3.0,7.0,LR1,74902.0,clean fleet,False,False,1.0,True,False,,,,,,,,
2026-08-16,9571052,PACIFIC EXPLORER,inside_ballast,inside,Last SoH event is entry on 2026-07-20 ballast/unknown; no Kpler crude load yet.,2026-07-20,Entered MEG,Laden,products,Iranian Route,,,,,,,,,,0.0,32367.0,27.0,,,3.0,7.0,Below GP,5902.0,dark fleet,True,True,0.0,False,False,,,,,,,,
2026-08-16,9588976,SIDRA AL WAKRA,inside_ballast,inside,Last SoH event is entry on 2026-02-25 ballast/unknown; no Kpler crude load yet.,2026-02-25,Entered MEG,Laden,products,,,,,,,,,,,0.0,18932.0,172.0,,,3.0,7.0,Below GP,3453.0,clean fleet,False,False,0.0,False,False,,,,,,,,
2026-08-16,9595010,BNEIDER,inside_ballast,inside,Last SoH event is entry on 2026-07-12 ballast/unknown; no Kpler crude load yet.,2026-07-12,Entered MEG,Ballast,ballast,Dark/Unknown Route,,,,,,,,,,0.0,0.0,35.0,,,3.0,7.0,AFRA,110587.0,clean fleet,False,False,1.0,True,False,,,,,,,,
2026-08-16,9630987,PETROJARL ROSEBANK,inside_ballast,inside,Last SoH event is entry on 2026-02-25 ballast/unknown; no Kpler crude load yet.,2026-02-25,Entered MEG,Ballast,ballast,,,,,,,,,,,0.0,0.0,172.0,,,3.0,7.0,LR2,125135.0,clean fleet,False,False,0.0,True,False,,,,,,,,
2026-08-16,9638551,NAVE RIGEL,inside_ballast,inside,Last SoH event is entry on 2026-02-22 ballast/unknown; no Kpler crude load yet.,2026-02-22,Entered MEG,Ballast,ballast,,,,,,,,,,,0.0,0.0,175.0,,,3.0,7.0,LR1,74673.0,clean fleet,False,False,0.0,True,False,,,,,,,,
2026-08-16,9645786,VELOS TURQUOISE,inside_ballast,inside,Last SoH event is entry on 2026-06-27 ballast/unknown; no Kpler crude load yet.,2026-06-27,Entered MEG,Ballast,ballast,Omani Route,,,,,,,,,,0.0,0.0,50.0,,,3.0,7.0,LR1,49990.0,clean fleet,False,False,0.0,True,False,,,,,,,,
2026-08-16,9656058,MUTRIBA,inside_ballast,inside,Last SoH event is entry on 2026-08-07 ballast/unknown; no Kpler crude load yet.,2026-08-07,Entered MEG,Ballast,ballast,Dark/Unknown Route,,,,,,,,,,0.0,0.0,9.0,,,3.0,7.0,LR1,46327.0,clean fleet,False,False,1.0,True,False,,,,,,,,
2026-08-16,9660413,KAWAKAWA,inside_ballast,inside,Last SoH event is entry on 2026-06-27 ballast/unknown; no Kpler crude load yet.,2026-06-27,Entered MEG,Laden,products,Iranian Route,,,,,,,,,,0.0,4579.0,50.0,,,3.0,7.0,Below GP,4800.0,clean fleet,False,False,0.0,False,False,,,,,,,,
2026-08-16,9666077,CS IMPERATIVE,inside_ballast,inside,Last SoH event is entry on 2026-02-03 ballast/unknown; no Kpler crude load yet.,2026-02-03,Entered MEG,Ballast,ballast,,,,,,,,,,,0.0,0.0,194.0,,,3.0,7.0,LR1,49777.0,clean fleet,False,False,0.0,True,False,,,,,,,,
2026-08-16,9667382,OAK,inside_ballast,inside,Last SoH event is entry on 2026-06-26 ballast/unknown; no Kpler crude load yet.,2026-06-26,Entered MEG,Ballast,ballast,Dark/Unknown Route,,,,,,,,,,0.0,0.0,51.0,,,3.0,7.0,Below GP,3285.0,clean fleet,False,False,1.0,False,False,,,,,,,,
2026-08-16,9686637,FRONT CHEETAH,inside_ballast,inside,Last SoH event is entry on 2026-02-10 ballast/unknown; no Kpler crude load yet.,2026-02-10,Entered MEG,Ballast,ballast,,,,,,,,,,,0.0,0.0,187.0,,,3.0,7.0,AFRA,109900.0,clean fleet,False,False,0.0,True,False,,,,,,,,
2026-08-16,9690834,STI ORCHARD,inside_ballast,inside,Last SoH event is entry on 2026-02-24 ballast/unknown; no Kpler crude load yet.,2026-02-24,Entered MEG,Ballast,ballast,,,,,,,,,,,0.0,0.0,173.0,,,3.0,7.0,AFRA,109999.0,clean fleet,False,False,0.0,True,False,,,,,,,,
2026-08-16,9718820,SADAH SILVER,inside_ballast,inside,Last SoH event is entry on 2026-02-17 ballast/unknown; no Kpler crude load yet.,2026-02-17,Entered MEG,Laden,other,,,,,,,,,,,0.0,0.0,180.0,,,3.0,7.0,LR1,49734.0,clean fleet,False,False,0.0,True,False,,,,,,,,
2026-08-16,9722637,HELLAS REVENGER,inside_ballast,inside,Last SoH event is entry on 2026-02-26 ballast/unknown; no Kpler crude load yet.,2026-02-26,Entered MEG,Ballast,ballast,,,,,,,,,,,0.0,0.0,171.0,,,3.0,7.0,LR1,49975.0,clean fleet,False,False,0.0,True,False,,,,,,,,
2026-08-16,9722649,HELLAS NEMESIS,inside_ballast,inside,Last SoH event is entry on 2026-06-29 ballast/unknown; no Kpler crude load yet.,2026-06-29,Entered MEG,Laden,products,Dark/Unknown Route,,,,,,,,,,0.0,345380.0,48.0,,,3.0,7.0,LR1,49994.0,clean fleet,False,False,1.0,True,False,,,,,,,,
2026-08-16,9735373,GEM NO.2,inside_ballast,inside,Last SoH event is entry on 2026-02-25 ballast/unknown; no Kpler crude load yet.,2026-02-25,Entered MEG,Ballast,ballast,,,,,,,,,,,0.0,0.0,172.0,,,3.0,7.0,VLCC,302783.0,clean fleet,False,False,0.0,True,False,,,,,,,,
2026-08-16,9746188,SC MERCURY,inside_ballast,inside,Last SoH event is entry on 2026-02-20 ballast/unknown; no Kpler crude load yet.,2026-02-20,Entered MEG,Laden,products,,,,,,,,,,,0.0,115034.0,177.0,,,3.0,7.0,MR,33985.0,clean fleet,False,False,0.0,False,False,,,,,,,,
2026-08-16,9746190,SC FALCON,inside_ballast,inside,Last SoH event is entry on 2026-07-11 ballast/unknown; no Kpler crude load yet.,2026-07-11,Entered MEG,Ballast,ballast,Iranian Route,,,,,,,,,,0.0,0.0,36.0,,,3.0,7.0,MR,33984.0,clean fleet,False,False,0.0,False,False,,,,,,,,
2026-08-16,9760885,BAVAN,inside_ballast,inside,Last SoH event is entry on 2026-04-20 ballast/unknown; no Kpler crude load yet.,2026-04-20,Entered MEG,Ballast,ballast,Iranian Route,,,,,,,,,,0.0,0.0,118.0,,,3.0,7.0,Below GP,4261.0,clean fleet,False,False,0.0,False,False,,,,,,,,
2026-08-16,9771028,PEACE VICTORIA,inside_ballast,inside,Last SoH event is entry on 2026-02-02 ballast/unknown; no Kpler crude load yet.,2026-02-02,Entered MEG,Laden,products,,,,,,,,,,,0.0,241566.0,195.0,,,3.0,7.0,LR1,77000.0,clean fleet,False,False,0.0,True,False,,,,,,,,
2026-08-16,9820295,MERCAN,inside_ballast,inside,Last SoH event is entry on 2026-02-06 ballast/unknown; no Kpler crude load yet.,2026-02-06,Entered MEG,Ballast,ballast,,,,,,,,,,,0.0,0.0,191.0,,,3.0,7.0,LR1,49973.0,clean fleet,False,False,0.0,True,False,,,,,,,,
2026-08-16,9820300,SEDEF,inside_ballast,inside,Last SoH event is entry on 2026-02-15 ballast/unknown; no Kpler crude load yet.,2026-02-15,Entered MEG,Laden,products,,,,,,,,,,,0.0,338794.0,182.0,,,3.0,7.0,LR1,50100.0,clean fleet,False,False,0.0,True,False,,,,,,,,
2026-08-16,9820312,NIKI,inside_ballast,inside,Last SoH event is entry on 2026-08-08 ballast/unknown; no Kpler crude load yet.,2026-08-08,Entered MEG,Ballast,ballast,Iranian Route,,,,,,,,,,0.0,0.0,8.0,,,3.0,7.0,LR1,49288.0,dark fleet,True,True,0.0,True,False,,,,,,,,
2026-08-16,9820324,DALIA,inside_ballast,inside,Last SoH event is entry on 2026-07-02 ballast/unknown; no Kpler crude load yet.,2026-07-02,Entered MEG,Ballast,ballast,Iranian Route,,,,,,,,,,0.0,0.0,45.0,,,3.0,7.0,LR1,49000.0,dark fleet,True,True,0.0,True,False,,,,,,,,
2026-08-16,9820336,PETUNIA,inside_ballast,inside,Last SoH event is entry on 2026-07-08 ballast/unknown; no Kpler crude load yet.,2026-07-08,Entered MEG,Ballast,ballast,Iranian Route,,,,,,,,,,0.0,0.0,39.0,,,3.0,7.0,LR1,49288.0,dark fleet,True,True,0.0,True,False,,,,,,,,
2026-08-16,9825025,MONJASA SHIPPER,inside_ballast,inside,Last SoH event is entry on 2026-06-05 ballast/unknown; no Kpler crude load yet.,2026-06-05,Entered MEG,Ballast,ballast,Dark/Unknown Route,,,,,,,,,,0.0,0.0,72.0,,,3.0,7.0,Below GP,7991.0,clean fleet,False,False,1.0,False,False,,,,,,,,
2026-08-16,9834507,CARLYNA,inside_ballast,inside,Last SoH event is entry on 2026-07-01 ballast/unknown; no Kpler crude load yet.,2026-07-01,Entered MEG,Ballast,ballast,Omani Route,,,,,,,,,,0.0,0.0,46.0,,,3.0,7.0,Below GP,1076.0,clean fleet,False,False,0.0,False,False,,,,,,,,
2026-08-16,9835836,MARLIN SANTORINI,inside_ballast,inside,Last SoH event is entry on 2026-02-19 ballast/unknown; no Kpler crude load yet.,2026-02-19,Entered MEG,Ballast,ballast,,,,,,,,,,,0.0,0.0,178.0,,,3.0,7.0,LR2,156587.0,clean fleet,False,False,0.0,True,False,,,,,,,,
2026-08-16,9856684,AL ADAILIAH,inside_ballast,inside,Last SoH event is entry on 2026-07-25 ballast/unknown; no Kpler crude load yet.,2026-07-25,Entered MEG,Ballast,ballast,Dark/Unknown Route,,,,,,,,,,0.0,0.0,22.0,,,3.0,7.0,LR1,48578.0,clean fleet,False,False,1.0,True,False,,,,,,,,
2026-08-16,9856701,SHEGARDIAH,inside_ballast,inside,Last SoH event is entry on 2026-02-27 ballast/unknown; no Kpler crude load yet.,2026-02-27,Entered MEG,Ballast,ballast,,,,,,,,,,,0.0,0.0,170.0,,,3.0,7.0,LR1,48578.0,clean fleet,False,False,0.0,True,False,,,,,,,,
2026-08-16,9887372,SOLAR ROMA,inside_ballast,inside,Last SoH event is entry on 2026-02-21 ballast/unknown; no Kpler crude load yet.,2026-02-21,Entered MEG,Ballast,ballast,,,,,,,,,,,0.0,0.0,176.0,,,3.0,7.0,GP,24621.0,clean fleet,False,False,0.0,False,False,,,,,,,,
2026-08-16,9893204,ON PEACE,inside_ballast,inside,Last SoH event is entry on 2026-08-11 ballast/unknown; no Kpler crude load yet.,2026-08-11,Entered MEG,Ballast,ballast,Dark/Unknown Route,,,,,,,,,,0.0,0.0,5.0,,,3.0,7.0,AFRA,114623.0,clean fleet,False,False,1.0,True,False,,,,,,,,
2026-08-16,9901087,DIANELLA,inside_ballast,inside,Last SoH event is entry on 2026-02-23 ballast/unknown; no Kpler crude load yet.,2026-02-23,Entered MEG,Ballast,ballast,,,,,,,,,,,0.0,0.0,174.0,,,3.0,7.0,LR1,49800.0,clean fleet,False,False,0.0,True,False,,,,,,,,
2026-08-16,9917804,LORA,inside_ballast,inside,Last SoH event is entry on 2026-06-08 ballast/unknown; no Kpler crude load yet.,2026-06-08,Entered MEG,Ballast,ballast,Dark/Unknown Route,,,,,,,,,,0.0,0.0,69.0,,,3.0,7.0,LR1,55202.0,clean fleet,False,False,1.0,True,False,,,,,,,,
2026-08-16,9917892,AMWAJ,inside_ballast,inside,Last SoH event is entry on 2026-02-21 ballast/unknown; no Kpler crude load yet.,2026-02-21,Entered MEG,Laden,products,,,,,,,,,,,0.0,345417.0,176.0,,,3.0,7.0,LR1,55202.0,clean fleet,False,False,0.0,True,False,,,,,,,,
2026-08-16,9935301,NAVIG8 WOLF,inside_ballast,inside,Last SoH event is entry on 2026-07-07 ballast/unknown; no Kpler crude load yet.,2026-07-07,Entered MEG,Ballast,ballast,Dark/Unknown Route,,,,,,,,,,0.0,0.0,40.0,,,3.0,7.0,AFRA,115194.0,clean fleet,False,False,1.0,True,False,,,,,,,,
2026-08-16,9940459,IXORA,inside_ballast,inside,Last SoH event is entry on 2026-06-25 ballast/unknown; no Kpler crude load yet.,2026-06-25,Entered MEG,Ballast,ballast,Dark/Unknown Route,,,,,,,,,,0.0,0.0,52.0,,,3.0,7.0,AFRA,111006.0,clean fleet,False,False,1.0,True,False,,,,,,,,
2026-08-16,9945318,ON PRIDE,inside_ballast,inside,Last SoH event is entry on 2026-08-13 ballast/unknown; no Kpler crude load yet.,2026-08-13,Entered MEG,Ballast,ballast,Dark/Unknown Route,,,,,,,,,,0.0,0.0,3.0,,,3.0,7.0,AFRA,109999.0,clean fleet,False,False,1.0,True,False,,,,,,,,
2026-08-16,9956707,MARINE CHARGE,inside_ballast,inside,Last SoH event is entry on 2026-02-28 ballast/unknown; no Kpler crude load yet.,2026-02-28,Entered MEG,Ballast,ballast,IMO Route,,,,,,,,,,0.0,0.0,169.0,,,3.0,7.0,Below GP,8285.0,clean fleet,False,False,0.0,False,False,,,,,,,,
2026-08-16,9979292,METRO BOSPHORUS,inside_ballast,inside,Last SoH event is entry on 2026-02-26 ballast/unknown; no Kpler crude load yet.,2026-02-26,Entered MEG,Ballast,ballast,,,,,,,,,,,0.0,0.0,171.0,,,3.0,7.0,AFRA,114934.0,clean fleet,False,False,0.0,True,False,,,,,,,,
2026-08-16,9989027,SC CITRINE,inside_ballast,inside,Last SoH event is entry on 2026-07-05 ballast/unknown; no Kpler crude load yet.,2026-07-05,Entered MEG,Ballast,ballast,Iranian Route,,,,,,,,,,0.0,0.0,42.0,,,3.0,7.0,MR,26734.0,clean fleet,False,False,0.0,False,False,,,,,,,,
2026-08-16,9215103,Maoming,intra_gulf,never_seen,Kpler dest looks intra-gulf (Bandar Abbas); no SoH exit required.,,,,,,2026-07-02 08:19:00,2026-07-02 08:19:00,Kharg Island,Bandar Abbas,Delivered,trade,inside_gulf,inside_gulf,Iran,1.0,320233.0,,45.0,,3.0,7.0,,,dark fleet,True,True,0.0,True,False,,,,,,,,
2026-08-16,9794355,Daryabandar 4,intra_gulf,never_seen,Kpler dest looks intra-gulf (FPSO Soroosh); no SoH exit required.,,,,,,2026-07-09 06:19:00,2026-07-09 06:19:00,FPSO Soroosh,FPSO Soroosh,Delivered,trade,inside_gulf,inside_gulf,Soroosh,1.0,38028.0,,38.0,,3.0,7.0,,,clean fleet,False,False,0.0,True,False,,,,,,,,
2026-08-16,9241798,NAVARA,outside_other,outside,Last SoH event is Laden exit on 2026-08-09 — not a crude-load puzzle.,2026-08-09,Exited MEG,Laden,other,Dark/Unknown Route,2026-08-06 11:34:00,2026-08-06 11:34:00,Khor Al Zubair Light.,,PortCall,portcall,inside_gulf,unknown,Khafji,1.0,8944.0,,10.0,3.0,3.0,7.0,MR,40248.0,clean fleet,False,False,1.0,True,False,receiver_after_exit,receiver,Sohar Light,2026-08-14 02:19:00,5,Aljalaa,9343338,8944
2026-08-16,1058030,Sea Avon,outside_other,never_seen,GoO STS with no SoH tape and no inside-gulf Kpler load.,,,,,,,,,,,,,,,,,,,,,,,,clean fleet,False,False,,True,True,unknown_partner,receiver,Gulf of Oman,2026-08-01 00:00:00,,,,1061367
2026-08-16,1116038,Front Clyde,outside_other,never_seen,GoO STS with no SoH tape and no inside-gulf Kpler load.,,,,,,,,,,,,,,,,,,,,,,,,clean fleet,False,False,,True,True,unknown_partner,receiver,Gulf of Oman,2026-07-26 00:00:00,,,,2000002
2026-08-16,9273650,Seaway,outside_other,never_seen,GoO STS with no SoH tape and no inside-gulf Kpler load.,,,,,,,,,,,,,,,,,,,,,,,,clean fleet,False,False,,True,True,giver_no_soh,giver,Fujairah Light,2026-08-10 06:53:00,,Albi,9444821,22127
2026-08-16,9284960,Ocean Lily,outside_other,never_seen,GoO STS with no SoH tape and no inside-gulf Kpler load.,,,,,,,,,,,,,,,,,,,,,,,,clean fleet,False,False,,True,True,giver_no_soh,giver,Fujairah Light,2026-08-16 03:39:00,,Rotterdam Energy,9508859,1986831
2026-08-16,9299599,Sc Ocean LXI,outside_other,never_seen,GoO STS with no SoH tape and no inside-gulf Kpler load.,,,,,,,,,,,,,,,,,,,,,,,,clean fleet,False,False,,True,True,unknown_partner,receiver,Gulf of Oman,2026-08-01 00:00:00,,,,762224
2026-08-16,9304655,Vera,outside_other,never_seen,GoO STS with no SoH tape and no inside-gulf Kpler load.,,,,,,,,,,,,,,,,,,,,,,,,dark fleet,True,True,,True,True,giver_no_soh,giver,Gulf of Oman,2026-07-10 00:00:00,,Daniel,9569683,2000002
2026-08-16,9310161,Renad,outside_other,never_seen,GoO STS with no SoH tape and no inside-gulf Kpler load.,,,,,,,,,,,,,,,,,,,,,,,,clean fleet,False,False,,True,True,giver_no_soh,giver,Sohar Light,2026-08-16 18:18:00,,Aljalaa,9343338,51809
2026-08-16,9321299,Tenki,outside_other,never_seen,GoO STS with no SoH tape and no inside-gulf Kpler load.,,,,,,,,,,,,,,,,,,,,,,,,clean fleet,False,False,,True,True,giver_no_soh,giver,Sohar Light,2026-07-31 00:00:00,,Das,9854507,1996429
2026-08-16,9326809,Desh Abhimaan,outside_other,never_seen,GoO STS with no SoH tape and no inside-gulf Kpler load.,,,,,,,,,,,,,,,,,,,,,,,,clean fleet,False,False,,True,True,giver_no_soh,giver,Fujairah Light,2026-08-01 22:18:00,,Singapore Prosperity,9419967,1040410
2026-08-16,9336842,Shalamar,outside_other,never_seen,GoO STS with no SoH tape and no inside-gulf Kpler load.,,,,,,,,,,,,,,,,,,,,,,,,clean fleet,False,False,,True,True,giver_no_soh,giver,Fujairah Light,2026-07-21 05:39:00,,Ocean Loyalty,9375238,699615
2026-08-16,9360465,Sargodha,outside_other,never_seen,GoO STS with no SoH tape and no inside-gulf Kpler load.,,,,,,,,,,,,,,,,,,,,,,,,clean fleet,False,False,,True,True,giver_no_soh,giver,Fujairah Light,2026-08-10 11:59:00,,Ocean Loyalty,9375238,722655
2026-08-16,9371593,Desh Viraat,outside_other,never_seen,GoO STS with no SoH tape and no inside-gulf Kpler load.,,,,,,,,,,,,,,,,,,,,,,,,clean fleet,False,False,,True,True,giver_no_soh,giver,Fujairah Light,2026-08-09 00:00:00,,Dar Salwa,9534779,2000002
2026-08-16,9371749,Desh Vishal,outside_other,never_seen,GoO STS with no SoH tape and no inside-gulf Kpler load.,,,,,,,,,,,,,,,,,,,,,,,,clean fleet,False,False,,True,True,giver_no_soh,giver,Sohar Light,2026-07-26 02:17:00,,Nissos Heraclea,9419618,1959999
2026-08-16,9379715,New Dragon,outside_other,never_seen,GoO STS with no SoH tape and no inside-gulf Kpler load.,,,,,,,,,,,,,,,,,,,,,,,,clean fleet,False,False,,True,True,giver_no_soh,giver,Fujairah Light,2026-08-15 00:00:00,,Cyprus Prosperity,9595216,992444
2026-08-16,9381720,Skopelos,outside_other,never_seen,GoO STS with no SoH tape and no inside-gulf Kpler load.,,,,,,,,,,,,,,,,,,,,,,,,clean fleet,False,False,,True,True,giver_no_soh,giver,Sohar Light,2026-08-06 06:19:00,,Romania Prosperity,9315161,2000002
2026-08-16,9389772,Xin Yue Yang,outside_other,never_seen,GoO STS with no SoH tape and no inside-gulf Kpler load.,,,,,,,,,,,,,,,,,,,,,,,,clean fleet,False,False,,True,True,giver_no_soh,giver,Fujairah Light,2026-06-25 10:18:00,,Bahrain Prosperity,9596947,1990662
2026-08-16,9397145,Atlantic Pioneer,outside_other,never_seen,GoO STS with no SoH tape and no inside-gulf Kpler load.,,,,,,,,,,,,,,,,,,,,,,,,clean fleet,False,False,,True,True,giver_no_soh,giver,Sohar Light,2026-06-26 00:00:00,,Argentina B,9389021,2000002
2026-08-16,9398084,Shirayuki,outside_other,never_seen,GoO STS with no SoH tape and no inside-gulf Kpler load.,,,,,,,,,,,,,,,,,,,,,,,,clean fleet,False,False,,True,True,unknown_partner,receiver,Gulf of Oman,2026-07-14 00:00:00,,,,2000002
2026-08-16,9398943,Yuan Yang Hu,outside_other,never_seen,GoO STS with no SoH tape and no inside-gulf Kpler load.,,,,,,,,,,,,,,,,,,,,,,,,clean fleet,False,False,,True,True,giver_no_soh,giver,Fujairah Light,2026-08-07 00:00:00,,Cameroon Prosperity,9315159,1990001
2026-08-16,9402990,C.Majesty,outside_other,never_seen,GoO STS with no SoH tape and no inside-gulf Kpler load.,,,,,,,,,,,,,,,,,,,,,,,,clean fleet,False,False,,True,True,giver_no_soh,giver,Sohar Light,2026-08-07 00:00:00,,Bahrain Prosperity,9596947,2000002
2026-08-16,9419955,Fpmc C Noble,outside_other,never_seen,GoO STS with no SoH tape and no inside-gulf Kpler load.,,,,,,,,,,,,,,,,,,,,,,,,clean fleet,False,False,,True,True,unknown_partner,receiver,Gulf of Oman,2026-08-01 00:00:00,,,,2000002
2026-08-16,9421984,C.Dignity,outside_other,never_seen,GoO STS with no SoH tape and no inside-gulf Kpler load.,,,,,,,,,,,,,,,,,,,,,,,,clean fleet,False,False,,True,True,giver_no_soh,giver,Sohar Light,2026-07-11 00:00:00,,Dar Salwa,9534779,2000002
2026-08-16,9422615,Sea Leopard,outside_other,never_seen,GoO STS with no SoH tape and no inside-gulf Kpler load.,,,,,,,,,,,,,,,,,,,,,,,,clean fleet,False,False,,True,True,giver_no_soh,giver,Sohar Light,2026-07-20 00:00:00,,Al Kout,9653434,2000002
2026-08-16,9432050,Giannis,outside_other,never_seen,GoO STS with no SoH tape and no inside-gulf Kpler load.,,,,,,,,,,,,,,,,,,,,,,,,clean fleet,False,False,,True,True,giver_no_soh,giver,Fujairah Light,2026-08-07 00:00:00,,Grand Lady,9406166,1074079
2026-08-16,9455662,Dht Opal,outside_other,never_seen,GoO STS with no SoH tape and no inside-gulf Kpler load.,,,,,,,,,,,,,,,,,,,,,,,,clean fleet,False,False,,True,True,giver_no_soh,giver,Sohar Light,2026-06-28 21:58:00,,Cameroon Prosperity,9315159,2120131
2026-08-16,9460136,P.Aliki,outside_other,never_seen,GoO STS with no SoH tape and no inside-gulf Kpler load.,,,,,,,,,,,,,,,,,,,,,,,,clean fleet,False,False,,True,True,giver_no_soh,giver,Fujairah Light,2026-08-09 19:37:00,,Ocean Loyalty,9375238,705924
2026-08-16,9473389,Xin An Yang,outside_other,never_seen,GoO STS with no SoH tape and no inside-gulf Kpler load.,,,,,,,,,,,,,,,,,,,,,,,,clean fleet,False,False,,True,True,giver_no_soh,giver,Fujairah Light,2026-07-11 00:00:00,,Bahrain Prosperity,9596947,2000002
2026-08-16,9478664,Takaoka,outside_other,never_seen,GoO STS with no SoH tape and no inside-gulf Kpler load.,,,,,,,,,,,,,,,,,,,,,,,,clean fleet,False,False,,True,True,giver_no_soh,giver,Sohar Light,2026-08-14 20:17:00,,Caribbean Loyalty,9501150,2000002
2026-08-16,9515929,New Strength,outside_other,never_seen,GoO STS with no SoH tape and no inside-gulf Kpler load.,,,,,,,,,,,,,,,,,,,,,,,,clean fleet,False,False,,True,True,unknown_partner,receiver,Gulf of Oman,2026-08-15 00:00:00,,,,1999996
2026-08-16,9568809,Tunisia Prosperity,outside_other,never_seen,GoO STS with no SoH tape and no inside-gulf Kpler load.,,,,,,,,,,,,,,,,,,,,,,,,clean fleet,False,False,,True,True,giver_no_soh,giver,Fujairah Light,2026-07-02 03:39:00,,Alexandros,9905459,1959999
2026-08-16,9602916,Seaking,outside_other,never_seen,GoO STS with no SoH tape and no inside-gulf Kpler load.,,,,,,,,,,,,,,,,,,,,,,,,clean fleet,False,False,,True,True,giver_no_soh,giver,Sohar Light,2026-08-02 03:38:00,,Rotterdam Energy,9508859,1986831
2026-08-16,9603192,He Rong Hai,outside_other,never_seen,GoO STS with no SoH tape and no inside-gulf Kpler load.,,,,,,,,,,,,,,,,,,,,,,,,clean fleet,False,False,,True,True,giver_no_soh,giver,Fujairah Light,2026-07-06 00:00:00,,Mombasa B,9739501,2002700
2026-08-16,9633458,Odessa,outside_other,never_seen,GoO STS with no SoH tape and no inside-gulf Kpler load.,,,,,,,,,,,,,,,,,,,,,,,,clean fleet,False,False,,True,True,giver_no_soh,giver,Fujairah Light,2026-07-22 03:19:00,,Gulf Loyalty,9441245,888555
2026-08-16,9679593,Zourva,outside_other,never_seen,GoO STS with no SoH tape and no inside-gulf Kpler load.,,,,,,,,,,,,,,,,,,,,,,,,clean fleet,False,False,,True,True,unknown_partner,receiver,Gulf of Oman,2026-07-03 00:00:00,,,,1900000
2026-08-16,9686340,New Achievement,outside_other,never_seen,GoO STS with no SoH tape and no inside-gulf Kpler load.,,,,,,,,,,,,,,,,,,,,,,,,clean fleet,False,False,,True,True,giver_no_soh,giver,Fujairah Light,2026-07-04 00:17:00,,Malaysia Prosperity,9395305,2000002
2026-08-16,9735361,Gem No.1,outside_other,never_seen,GoO STS with no SoH tape and no inside-gulf Kpler load.,,,,,,,,,,,,,,,,,,,,,,,,clean fleet,False,False,,True,True,unknown_partner,receiver,Gulf of Oman,2026-06-30 00:00:00,,,,1999996
2026-08-16,9779616,Sea Ruby,outside_other,never_seen,GoO STS with no SoH tape and no inside-gulf Kpler load.,,,,,,,,,,,,,,,,,,,,,,,,clean fleet,False,False,,True,True,giver_no_soh,giver,Fujairah Light,2026-07-31 00:00:00,,Dar Salwa,9534779,2083996
2026-08-16,9780251,Front Castor,outside_other,never_seen,GoO STS with no SoH tape and no inside-gulf Kpler load.,,,,,,,,,,,,,,,,,,,,,,,,clean fleet,False,False,,True,True,unknown_partner,receiver,Gulf of Oman,2026-06-24 00:00:00,,,,266241
2026-08-16,9783722,Seatriumph,outside_other,never_seen,GoO STS with no SoH tape and no inside-gulf Kpler load.,,,,,,,,,,,,,,,,,,,,,,,,clean fleet,False,False,,True,True,unknown_partner,receiver,Gulf of Oman,2026-07-04 00:00:00,,,,2000002
2026-08-16,9783734,Seapassion,outside_other,never_seen,GoO STS with no SoH tape and no inside-gulf Kpler load.,,,,,,,,,,,,,,,,,,,,,,,,clean fleet,False,False,,True,True,unknown_partner,receiver,Gulf of Oman,2026-06-18 00:00:00,,,,1999996
2026-08-16,9788875,Caribbean Glory,outside_other,never_seen,GoO STS with no SoH tape and no inside-gulf Kpler load.,,,,,,,,,,,,,,,,,,,,,,,,clean fleet,False,False,,True,True,unknown_partner,receiver,Gulf of Oman,2026-06-24 00:00:00,,,,1999996
2026-08-16,9813448,Dht Stallion,outside_other,never_seen,GoO STS with no SoH tape and no inside-gulf Kpler load.,,,,,,,,,,,,,,,,,,,,,,,,clean fleet,False,False,,True,True,giver_no_soh,giver,Sohar Light,2026-06-24 00:00:00,,Rotterdam Energy,9508859,1986831
2026-08-16,9829382,Universal Frontier,outside_other,never_seen,GoO STS with no SoH tape and no inside-gulf Kpler load.,,,,,,,,,,,,,,,,,,,,,,,,clean fleet,False,False,,True,True,unknown_partner,receiver,Gulf of Oman,2026-08-13 00:00:00,,,,1999996
2026-08-16,9832274,Front Silkeborg,outside_other,never_seen,GoO STS with no SoH tape and no inside-gulf Kpler load.,,,,,,,,,,,,,,,,,,,,,,,,clean fleet,False,False,,True,True,giver_no_soh,giver,Fujairah Light,2026-07-20 06:18:00,,Gulf Loyalty,9441245,1011445
2026-08-16,9837597,Universal Leader,outside_other,never_seen,GoO STS with no SoH tape and no inside-gulf Kpler load.,,,,,,,,,,,,,,,,,,,,,,,,clean fleet,False,False,,True,True,unknown_partner,receiver,Gulf of Oman,2026-07-29 00:00:00,,,,2000002
2026-08-16,9843302,Yuan Gui Yang,outside_other,never_seen,GoO STS with no SoH tape and no inside-gulf Kpler load.,,,,,,,,,,,,,,,,,,,,,,,,clean fleet,False,False,,True,True,giver_no_soh,giver,Fujairah Light,2026-07-08 00:00:00,,Das,9854507,1996429
2026-08-16,9845154,V.Progress,outside_other,never_seen,GoO STS with no SoH tape and no inside-gulf Kpler load.,,,,,,,,,,,,,,,,,,,,,,,,clean fleet,False,False,,True,True,giver_no_soh,giver,Sohar Light,2026-08-10 00:00:00,,Basrah Energy,9391775,1996461
2026-08-16,9847633,Yuan Peng Yang,outside_other,never_seen,GoO STS with no SoH tape and no inside-gulf Kpler load.,,,,,,,,,,,,,,,,,,,,,,,,clean fleet,False,False,,True,True,giver_no_soh,giver,Fujairah Light,2026-07-06 20:19:00,,Kiku,9329796,2011726
2026-08-16,9856359,Resilient Warrior,outside_other,never_seen,GoO STS with no SoH tape and no inside-gulf Kpler load.,,,,,,,,,,,,,,,,,,,,,,,,clean fleet,False,False,,True,True,giver_no_soh,giver,Sohar Light,2026-07-14 16:16:00,,Malaysia Prosperity,9395305,1000004
2026-08-16,9876414,Nave Allegro,outside_other,never_seen,GoO STS with no SoH tape and no inside-gulf Kpler load.,,,,,,,,,,,,,,,,,,,,,,,,clean fleet,False,False,,True,True,unknown_partner,receiver,Gulf of Oman,2026-07-18 00:00:00,,,,1999996
2026-08-16,9890977,Vittoria,outside_other,never_seen,GoO STS with no SoH tape and no inside-gulf Kpler load.,,,,,,,,,,,,,,,,,,,,,,,,clean fleet,False,False,,True,True,giver_no_soh,giver,Fujairah Light,2026-07-26 00:00:00,,Angola B,9623685,1799080
2026-08-16,9896414,Angola Prosperity,outside_other,never_seen,GoO STS with no SoH tape and no inside-gulf Kpler load.,,,,,,,,,,,,,,,,,,,,,,,,clean fleet,False,False,,True,True,unknown_partner,receiver,Gulf of Oman,2026-06-27 00:00:00,,,,1999996
2026-08-16,9905447,Adamantios,outside_other,never_seen,GoO STS with no SoH tape and no inside-gulf Kpler load.,,,,,,,,,,,,,,,,,,,,,,,,clean fleet,False,False,,True,True,giver_no_soh,giver,Fujairah Light,2026-06-26 00:00:00,,Dar Salwa,9534779,2089393
2026-08-16,9913511,Lahore,outside_other,never_seen,GoO STS with no SoH tape and no inside-gulf Kpler load.,,,,,,,,,,,,,,,,,,,,,,,,clean fleet,False,False,,True,True,giver_no_soh,giver,Fujairah Light,2026-07-04 20:18:00,,Singapore Prosperity,9419967,379866
2026-08-16,9920760,Nissos Nikouria,outside_other,never_seen,GoO STS with no SoH tape and no inside-gulf Kpler load.,,,,,,,,,,,,,,,,,,,,,,,,clean fleet,False,False,,True,True,unknown_partner,receiver,Gulf of Oman,2026-07-29 00:00:00,,,,2000002
2026-08-16,9926661,Caspar,outside_other,never_seen,GoO STS with no SoH tape and no inside-gulf Kpler load.,,,,,,,,,,,,,,,,,,,,,,,,clean fleet,False,False,,True,True,unknown_partner,receiver,Gulf of Oman,2026-07-29 00:00:00,,,,1999996
2026-08-16,9930806,Maran Dione,outside_other,never_seen,GoO STS with no SoH tape and no inside-gulf Kpler load.,,,,,,,,,,,,,,,,,,,,,,,,clean fleet,False,False,,True,True,unknown_partner,receiver,Gulf of Oman,2026-08-04 00:00:00,,,,999998
2026-08-16,9933535,Advantage Verdict,outside_other,never_seen,GoO STS with no SoH tape and no inside-gulf Kpler load.,,,,,,,,,,,,,,,,,,,,,,,,clean fleet,False,False,,True,True,unknown_partner,receiver,Gulf of Oman,2026-08-13 00:00:00,,,,2000002
2026-08-16,9933559,Advantage Vision,outside_other,never_seen,GoO STS with no SoH tape and no inside-gulf Kpler load.,,,,,,,,,,,,,,,,,,,,,,,,clean fleet,False,False,,True,True,giver_no_soh,giver,Fujairah Light,2026-06-21 00:00:00,,Cyprus Prosperity,9595216,1865620
2026-08-16,9941661,Olympus,outside_other,never_seen,GoO STS with no SoH tape and no inside-gulf Kpler load.,,,,,,,,,,,,,,,,,,,,,,,,clean fleet,False,False,,True,True,giver_no_soh,giver,Sohar Light,2026-07-31 00:00:00,,France C,9322281,1999996
